 Destination Port, Flow Duration, Total Fwd Packets, Total Backward Packets,Total Length of Fwd Packets, Total Length of Bwd Packets, Fwd Packet Length Max, Fwd Packet Length Min, Fwd Packet Length Mean, Fwd Packet Length Std,Bwd Packet Length Max, Bwd Packet Length Min, Bwd Packet Length Mean, Bwd Packet Length Std,Flow Bytes/s, Flow Packets/s, Flow IAT Mean, Flow IAT Std, Flow IAT Max, Flow IAT Min,Fwd IAT Total, Fwd IAT Mean, Fwd IAT Std, Fwd IAT Max, Fwd IAT Min,Bwd IAT Total, Bwd IAT Mean, Bwd IAT Std, Bwd IAT Max, Bwd IAT Min,Fwd PSH Flags, Bwd PSH Flags, Fwd URG Flags, Bwd URG Flags, Fwd Header Length, Bwd Header Length,Fwd Packets/s, Bwd Packets/s, Min Packet Length, Max Packet Length, Packet Length Mean, Packet Length Std, Packet Length Variance,FIN Flag Count, SYN Flag Count, RST Flag Count, PSH Flag Count, ACK Flag Count, URG Flag Count, CWE Flag Count, ECE Flag Count, Down/Up Ratio, Average Packet Size, Avg Fwd Segment Size, Avg Bwd Segment Size, Fwd Header Length,Fwd Avg Bytes/Bulk, Fwd Avg Packets/Bulk, Fwd Avg Bulk Rate, Bwd Avg Bytes/Bulk, Bwd Avg Packets/Bulk,Bwd Avg Bulk Rate,Subflow Fwd Packets, Subflow Fwd Bytes, Subflow Bwd Packets, Subflow Bwd Bytes,Init_Win_bytes_forward, Init_Win_bytes_backward, act_data_pkt_fwd, min_seg_size_forward,Active Mean, Active Std, Active Max, Active Min,Idle Mean, Idle Std, Idle Max, Idle Min, Label
88,640,7,4,440,358,220,0,62.85714286,107.349008,179,0,89.5,103.3456982,1246875,17187.5,64,135.557286,445,1,640,106.6666667,194.3251571,497,1,538,179.3333333,303.6862416,530,4,0,0,0,0,164,104,10937.5,6250,0,220,66.5,99.00183653,9801.363636,0,0,0,1,0,0,0,0,0,72.54545455,62.85714286,89.5,164,0,0,0,0,0,0,7,440,4,358,8192,2053,2,20,0,0,0,0,0,0,0,0,BENIGN
88,900,9,4,600,2944,300,0,66.66666667,132.2875656,1472,0,736,849.8595962,3937777.778,14444.44444,75,192.7952282,684,1,900,112.5,252.4112291,734,1,766,255.3333333,435.3232515,758,3,0,0,0,0,204,104,10000,4444.444444,0,1472,253.1428571,527.4342623,278186.9011,0,0,0,1,0,0,0,0,0,272.6153846,66.66666667,736,204,0,0,0,0,0,0,9,600,4,2944,8192,2053,2,20,0,0,0,0,0,0,0,0,BENIGN
88,1205,7,4,2776,2830,1388,0,396.5714286,677.2746506,1415,0,707.5,816.9506309,4652282.158,9128.630705,120.5,236.4333357,777,1,1205,200.8333333,397.058392,1008,1,927,309,491.6472313,876,1,0,0,0,0,164,104,5809.128631,3319.502075,0,1415,467.1666667,690.0989169,476236.5152,0,0,0,1,0,0,0,0,0,509.6363636,396.5714286,707.5,164,0,0,0,0,0,0,7,2776,4,2830,8192,2053,2,20,0,0,0,0,0,0,0,0,BENIGN
88,511,7,4,452,370,226,0,64.57142857,110.2767082,185,0,92.5,106.8097998,1608610.568,21526.41879,51.1,90.76765209,299,1,511,85.16666667,131.9005939,349,1,462,154,224.7198256,412,1,0,0,0,0,164,104,13698.63014,7827.78865,0,226,68.5,101.9335791,10390.45455,0,0,0,1,0,0,0,0,0,74.72727273,64.57142857,92.5,164,0,0,0,0,0,0,7,452,4,370,8192,2053,2,20,0,0,0,0,0,0,0,0,BENIGN
88,773,9,4,612,2944,306,0,68,134.9333169,1472,0,736,849.8595962,4600258.732,16817.59379,64.41666667,148.6982658,531,1,773,96.625,196.6657335,580,1,675,225,348.9011321,627,1,0,0,0,0,204,104,11642.94955,5174.644243,0,1472,254,527.5207615,278278.1538,0,0,0,1,0,0,0,0,0,273.5384615,68,736,204,0,0,0,0,0,0,9,612,4,2944,8192,2053,2,20,0,0,0,0,0,0,0,0,BENIGN
88,986,9,6,3100,3030,1550,0,344.4444444,683.4857554,1515,0,505,782.3426359,6217038.54,15212.98174,70.42857143,182.1084691,696,1,986,123.25,268.4142587,785,1,889,177.8,300.8308495,697,1,0,0,0,0,204,144,9127.789047,6085.192698,0,1550,383.125,685.4144124,469792.9167,0,0,0,1,0,0,0,0,0,408.6666667,344.4444444,505,204,0,0,0,0,0,0,9,3100,6,3030,8192,2053,2,20,0,0,0,0,0,0,0,0,BENIGN
88,935,9,6,3074,3010,1537,0,341.5555556,677.7532942,1505,0,501.6666667,777.1786581,6506951.872,16042.78075,66.78571429,187.3619199,714,1,935,116.875,281.5312403,811,1,859,171.8,308.5226086,714,2,0,0,0,0,204,144,9625.668449,6417.112299,0,1537,380.25,680.2620573,462756.4667,0,0,0,1,0,0,0,0,0,405.6,341.5555556,501.6666667,204,0,0,0,0,0,0,9,3074,6,3010,8192,2053,2,20,0,0,0,0,0,0,0,0,BENIGN
389,572849,15,12,4076,1020,1646,0,271.7333333,562.9358586,210,0,85,91.22200691,8895.887049,47.13283954,22032.65385,101642.2098,517763,2,572849,40917.78571,137973.1114,517763,2,572795,52072.27273,172091.1181,570946,3,0,0,0,0,324,264,26.18491086,20.94792869,0,1646,182,421.4131429,177589.037,0,0,0,1,0,0,0,0,0,188.7407407,271.7333333,85,324,0,0,0,0,0,0,15,4076,12,1020,8192,0,8,20,0,0,0,0,0,0,0,0,BENIGN
49193,1,2,1,0,0,0,0,0,0,0,0,0,0,0,3000000,0.5,0.707106781,1,0,1,1,0,1,1,0,0,0,0,0,0,0,0,0,40,20,2000000,1000000,0,0,0,0,0,1,0,0,0,0,0,0,0,0,0,0,0,40,0,0,0,0,0,0,2,0,1,0,0,254,0,20,0,0,0,0,0,0,0,0,BENIGN
88,1075,9,9,3100,3030,1550,0,344.4444444,683.4857554,1515,0,336.6666667,668.052206,5702325.581,16744.18605,63.23529412,167.8878083,709,1,1075,134.375,255.3266465,762,1,1009,126.125,243.2573226,709,1,0,0,0,0,204,204,8372.093023,8372.093023,0,1550,322.6315789,641.9466238,412095.4678,0,0,0,1,0,0,0,0,1,340.5555556,344.4444444,336.6666667,204,0,0,0,0,0,0,9,3100,9,3030,8192,0,2,20,0,0,0,0,0,0,0,0,BENIGN
88,2687,9,6,3074,3010,1537,0,341.5555556,677.7532942,1505,0,501.6666667,777.1786581,2264235.207,5582.433941,191.9285714,423.9485572,1505,3,2687,335.875,542.269421,1505,3,1091,218.2,322.4921704,730,4,0,0,0,0,204,144,3349.460365,2232.973576,0,1537,380.25,680.2620573,462756.4667,0,0,0,1,0,0,0,0,0,405.6,341.5555556,501.6666667,204,0,0,0,0,0,0,9,3074,6,3010,8192,2053,2,20,0,0,0,0,0,0,0,0,BENIGN
135,14263712,21,12,1664,1784,168,0,79.23809524,85.18797143,268,0,148.6666667,84.88423489,241.7323064,2.313563258,445741,1978382.148,11100000,1,14300000,713185.6,2487010.106,11100000,1,3124260,284023.6364,663060.7968,2017717,4,0,0,0,0,444,264,1.472267528,0.84129573,0,268,101.4117647,90.75512095,8236.491979,0,0,0,1,0,0,0,0,0,104.4848485,79.23809524,148.6666667,444,0,0,0,0,0,0,21,1664,12,1784,8192,2050,10,20,0,0,0,0,0,0,0,0,BENIGN
49671,14257993,11,6,2378,2160,968,0,216.1818182,381.7917805,952,0,360,462.1203306,318.2776145,1.192313673,891124.5625,3549720.687,14200000,2,14300000,1425799.3,4489301.086,14200000,2,975,195,299.4052438,721,3,0,0,0,0,244,144,0.771497082,0.42081659,0,968,252.1111111,396.5309704,157236.8105,0,0,0,1,0,0,0,0,0,266.9411765,216.1818182,360,244,0,0,0,0,0,0,11,2378,6,2160,8192,2049,4,20,0,0,0,0,0,0,0,0,BENIGN
135,68,1,3,0,0,0,0,0,0,0,0,0,0,0,58823.52941,22.66666667,34.96188401,63,1,0,0,0,0,0,5,2.5,2.121320344,4,1,0,0,0,0,20,60,14705.88235,44117.64706,0,0,0,0,0,0,0,0,0,1,1,0,0,3,0,0,0,20,0,0,0,0,0,0,1,0,3,0,253,2050,0,20,0,0,0,0,0,0,0,0,BENIGN
49671,58,1,3,0,0,0,0,0,0,0,0,0,0,0,68965.51724,19.33333333,30.08875759,54,0,0,0,0,0,0,4,2,2.828427125,4,0,0,0,0,0,20,60,17241.37931,51724.13793,0,0,0,0,0,0,0,0,0,1,1,0,0,3,0,0,0,20,0,0,0,0,0,0,1,0,3,0,252,2049,0,20,0,0,0,0,0,0,0,0,BENIGN
80,26641766,4,4,227,301,227,0,56.75,113.5,301,0,75.25,150.5,19.81850603,0.300280394,3805966.571,10000000,26600000,30,75494,25164.66667,21765.99872,38095,35,26600000,8868151.333,15300000,26600000,736,0,0,0,0,92,92,0.150140197,0.150140197,0,301,58.66666667,117.8738733,13894.25,0,0,0,1,0,0,0,0,1,66,56.75,75.25,92,0,0,0,0,0,0,4,227,4,301,65535,946,1,20,0,0,0,0,0,0,0,0,BENIGN
49666,34256029,39,34,12094,6500,1755,0,310.1025641,490.9717965,348,0,191.1764706,128.0128948,542.7949632,2.131011741,475778.1806,3665524.167,31100000,1,34300000,901474.4474,5038710.097,31100000,1,3123992,94666.42424,392212.6272,1981403,1,0,0,0,0,804,704,1.138485725,0.992526016,0,1755,251.2702703,370.5182338,137283.7616,0,0,0,1,0,0,0,0,0,254.7123288,310.1025641,191.1764706,804,0,0,0,0,0,0,39,12094,34,6500,8192,2053,28,20,0,0,0,0,0,0,0,0,BENIGN
49666,62,1,3,0,0,0,0,0,0,0,0,0,0,0,64516.12903,20.66666667,34.06366588,60,1,0,0,0,0,0,2,1,0,1,1,0,0,0,0,20,60,16129.03226,48387.09677,0,0,0,0,0,0,0,0,0,1,1,0,0,3,0,0,0,20,0,0,0,0,0,0,1,0,3,0,256,2053,0,20,0,0,0,0,0,0,0,0,BENIGN
443,310531,15,13,938,4633,376,0,62.53333333,106.5496978,1430,0,356.3846154,515.0487903,17940.23785,90.16813136,11501.14815,20369.31564,68414,3,310531,22180.78571,26718.8112,68529,4,272770,22730.83333,48027.45376,166490,3,0,0,0,0,312,272,48.30435609,41.86377528,0,1430,192.1034483,377.1046032,142207.8818,0,0,0,1,0,0,0,0,0,198.9642857,62.53333333,356.3846154,312,0,0,0,0,0,0,15,938,13,4633,8192,360,7,20,0,0,0,0,0,0,0,0,BENIGN
49212,4,2,0,0,0,0,0,0,0,0,0,0,0,0,500000,4,0,4,4,4,4,0,4,4,0,0,0,0,0,0,0,0,0,40,0,500000,0,0,0,0,0,0,0,0,0,0,1,0,0,0,0,0,0,0,40,0,0,0,0,0,0,2,0,0,0,360,-1,0,20,0,0,0,0,0,0,0,0,BENIGN
443,123156,9,8,496,4528,192,0,55.11111111,80.26432029,1430,0,566,679.1749196,40793.78999,138.0363117,7697.25,14502.12423,36995,47,123156,15394.5,18101.19773,37775,48,86168,12309.71429,20878.23132,47791,48,0,0,0,0,192,172,73.07804735,64.95826432,0,1430,279.1111111,512.687141,262848.1046,0,0,0,1,0,0,0,0,0,295.5294118,55.11111111,566,192,0,0,0,0,0,0,9,496,8,4528,8192,343,4,20,0,0,0,0,0,0,0,0,BENIGN
49220,36020,2,1,38,0,38,0,19,26.87005769,0,0,0,0,1054.969461,83.28706274,18010,25331.39333,35922,98,36020,36020,0,36020,36020,0,0,0,0,0,1,0,0,0,40,20,55.5247085,27.76235425,0,38,19,21.93931023,481.3333333,0,1,0,0,1,0,0,0,0,25.33333333,19,0,40,0,0,0,0,0,0,2,38,1,0,351,0,0,20,0,0,0,0,0,0,0,0,BENIGN
443,689974,12,10,563,3995,192,0,46.91666667,67.54723375,1430,0,399.5,584.6524609,6606.046025,31.88525944,32855.90476,94373.97249,438268,1,689974,62724.90909,127556.6553,438268,48,201311,22367.88889,27836.33369,72801,1,0,0,0,0,252,212,17.3919597,14.49329975,0,1430,198.173913,418.0960799,174804.332,0,0,0,1,0,0,0,0,0,207.1818182,46.91666667,399.5,252,0,0,0,0,0,0,12,563,10,3995,8192,351,6,20,0,0,0,0,0,0,0,0,BENIGN
443,1581930,14,13,1044,5121,438,0,74.57142857,121.3917462,1430,0,393.9230769,579.8994829,3897.138306,17.067759,60843.46154,258333.5705,1324171,2,1581930,121686.9231,384917.9783,1401302,4,219825,18318.75,25900.25979,77559,2,0,0,0,0,292,272,8.849949113,8.21780989,0,1430,220.1785714,428.8097267,183877.7817,0,0,0,1,0,0,0,0,0,228.3333333,74.57142857,393.9230769,292,0,0,0,0,0,0,14,1044,13,5121,8192,360,8,20,0,0,0,0,0,0,0,0,BENIGN
443,2346262,12,10,563,4564,192,0,46.91666667,67.54723375,1430,0,456.4,641.627133,2185.177955,9.376616934,111726.7619,447364.0539,2062365,1,2346262,213296.5455,614043.4294,2062365,4,225202,25022.44444,34520.27296,99464,1,0,0,0,0,252,212,5.114518327,4.262098606,0,1430,222.9130435,463.2840198,214632.083,0,0,0,1,0,0,0,0,0,233.0454545,46.91666667,456.4,252,0,0,0,0,0,0,12,563,10,4564,8192,351,6,20,0,0,0,0,0,0,0,0,BENIGN
443,2830799,72,119,2238,150460,613,0,31.08333333,107.8403554,2860,0,1264.369748,466.6719507,53941.66099,67.47211653,14898.94211,97518.63227,1085339,1,2830799,39870.40845,166774.0006,1161888,4,2470249,20934.31356,123502.9378,1121875,1,0,0,0,0,1452,2392,25.43451513,42.0376014,0,2860,795.3020833,706.6981571,499422.2852,0,0,0,1,0,0,0,0,1,799.4659686,31.08333333,1264.369748,1452,0,0,0,0,0,0,72,2238,119,150460,8192,368,12,20,0,0,0,0,0,0,0,0,BENIGN
80,2989643,7,4,866,1492,433,0,123.7142857,211.2823658,746,0,373,430.7033008,788.7229345,3.679369075,298964.3,658683.6578,2095890,69,2989643,498273.8333,815309.6326,2095890,98,789933,263311,406350.334,732426,20451,0,0,0,0,152,92,2.341416684,1.337952391,0,746,196.5,305.2067853,93151.18182,0,0,0,1,0,0,0,0,0,214.3636364,123.7142857,373,152,0,0,0,0,0,0,7,866,4,1492,8192,351,2,20,0,0,0,0,0,0,0,0,BENIGN
80,3182843,9,5,1299,2238,433,0,144.3333333,216.5,746,0,447.6,408.6010279,1111.270647,4.398583279,244834.0769,530235.2941,1956947,121,3182843,397855.375,644462.3127,1956947,36667,2611136,652784,957688.0896,2077333,19931,0,0,0,0,192,112,2.827660679,1.5709226,0,746,235.8,316.0007233,99856.45714,0,0,0,1,0,0,0,0,0,252.6428571,144.3333333,447.6,192,0,0,0,0,0,0,9,1299,5,2238,8192,360,3,20,0,0,0,0,0,0,0,0,BENIGN
443,3266983,13,10,562,3971,191,0,43.23076923,65.78013105,1430,0,397.1,583.4183652,1387.518698,7.040134583,148499.2273,603031.2218,2843458,1,3266983,272248.5833,811105.3015,2843458,4,374941,41660.11111,80794.73934,250519,1,0,0,0,0,272,212,3.979206503,3.06092808,0,1430,188.875,409.6831557,167840.288,0,0,0,1,0,0,0,0,0,197.0869565,43.23076923,397.1,272,0,0,0,0,0,0,13,562,10,3971,8192,351,6,20,0,0,0,0,0,0,0,0,BENIGN
80,4770553,6,4,870,1592,435,0,145,224.6330341,796,0,398,459.5708143,516.0827267,2.096193041,530061.4444,1542432.779,4643029,73,4770553,954110.6,2062315.48,4643029,91,59834,19944.66667,16712.73602,34382,1636,0,0,0,0,132,92,1.257715825,0.838477216,0,796,223.8181818,330.8536892,109464.1636,0,0,0,1,0,0,0,0,0,246.2,145,398,132,0,0,0,0,0,0,6,870,4,1592,8192,290,2,20,0,0,0,0,0,0,0,0,BENIGN
443,4953235,14,12,2356,10073,679,0,168.2857143,276.3841887,1460,0,839.4166667,645.0021083,2509.269195,5.249094784,198129.4,726367.0293,3653585,3,4953235,381018.0769,996862.0629,3653585,3,1172197,106563.3636,148538.7807,467616,40,0,0,0,0,292,252,2.826435653,2.422659131,0,1460,460.3333333,578.4526442,334607.4615,0,0,0,1,0,0,0,0,0,478.0384615,168.2857143,839.4166667,292,0,0,0,0,0,0,14,2356,12,10073,8192,125,6,20,0,0,0,0,0,0,0,0,BENIGN
80,10637980,6,4,293,384,292,0,48.83333333,119.1275227,384,0,96,192,63.63990156,0.940028088,1181997.778,3306519.342,9989850,85,10600000,2127596,4400440.449,9989850,179,10100000,3367968.667,5789001.847,10100000,542,0,0,0,0,132,104,0.564016853,0.376011235,0,384,61.54545455,138.2225478,19105.47273,0,0,0,1,0,0,0,0,0,67.7,48.83333333,96,132,0,0,0,0,0,0,6,293,4,384,8192,946,2,20,114131,0,114131,114131,9989850,0,9989850,9989850,BENIGN
443,4589384,8,6,369,3710,212,0,46.125,79.96505933,1460,0,618.3333333,680.9950563,888.7903039,3.050518327,353029.5385,1232875.329,4455903,4,4589384,655626.2857,1675997.849,4455903,4,53190,10638,13241.97017,27417,48,0,0,0,0,172,132,1.74315333,1.307364997,0,1460,271.9333333,504.6464769,254668.0667,0,0,0,1,0,0,0,0,0,291.3571429,46.125,618.3333333,172,0,0,0,0,0,0,8,369,6,3710,8192,119,3,20,0,0,0,0,0,0,0,0,BENIGN
49219,915,3,0,0,0,0,0,0,0,0,0,0,0,0,3278.688525,457.5,642.7600641,912,3,915,457.5,642.7600641,912,3,0,0,0,0,0,0,0,0,0,60,0,3278.688525,0,0,0,0,0,0,0,0,0,0,1,0,0,0,0,0,0,0,60,0,0,0,0,0,0,3,0,0,0,360,-1,0,20,0,0,0,0,0,0,0,0,BENIGN
49214,9749,5,0,0,0,0,0,0,0,0,0,0,0,0,512.8731152,2437.25,4177.206912,8656,3,9749,2437.25,4177.206912,8656,3,0,0,0,0,0,0,0,0,0,100,0,512.8731152,0,0,0,0,0,0,0,0,0,0,1,0,0,0,0,0,0,0,100,0,0,0,0,0,0,5,0,0,0,378,-1,0,20,0,0,0,0,0,0,0,0,BENIGN
49217,1484,3,0,0,0,0,0,0,0,0,0,0,0,0,2021.563342,742,1045.103823,1481,3,1484,742,1045.103823,1481,3,0,0,0,0,0,0,0,0,0,60,0,2021.563342,0,0,0,0,0,0,0,0,0,0,1,0,0,0,0,0,0,0,60,0,0,0,0,0,0,3,0,0,0,351,-1,0,20,0,0,0,0,0,0,0,0,BENIGN
49222,640,3,0,0,0,0,0,0,0,0,0,0,0,0,4687.5,320,448.3056993,637,3,640,320,448.3056993,637,3,0,0,0,0,0,0,0,0,0,60,0,4687.5,0,0,0,0,0,0,0,0,0,0,1,0,0,0,0,0,0,0,60,0,0,0,0,0,0,3,0,0,0,351,-1,0,20,0,0,0,0,0,0,0,0,BENIGN
49210,2451,3,0,0,0,0,0,0,0,0,0,0,0,0,1223.990208,1225.5,1728.87608,2448,3,2451,1225.5,1728.87608,2448,3,0,0,0,0,0,0,0,0,0,60,0,1223.990208,0,0,0,0,0,0,0,0,0,0,1,0,0,0,0,0,0,0,60,0,0,0,0,0,0,3,0,0,0,351,-1,0,20,0,0,0,0,0,0,0,0,BENIGN
49207,347,3,0,31,0,31,0,10.33333333,17.89785834,0,0,0,0,89337.17579,8645.533141,173.5,241.1234124,344,3,347,173.5,241.1234124,344,3,0,0,0,0,0,0,0,0,0,60,0,8645.533141,0,0,31,7.75,15.5,240.25,0,0,0,0,1,0,0,0,0,10.33333333,10.33333333,0,60,0,0,0,0,0,0,3,31,0,0,125,-1,1,20,0,0,0,0,0,0,0,0,BENIGN
49219,237019,2,0,0,0,0,0,0,0,0,0,0,0,0,8.43814209,237019,0,237019,237019,237019,237019,0,237019,237019,0,0,0,0,0,0,0,0,0,40,0,8.43814209,0,0,0,0,0,0,0,0,0,0,1,0,0,0,0,0,0,0,40,0,0,0,0,0,0,2,0,0,0,360,-1,0,20,0,0,0,0,0,0,0,0,BENIGN
445,90030854,10,10,8,2,1,0,0.8,0.421637021,1,0,0.2,0.421637021,0.111073033,0.222146066,4738466,11200000,30000000,3,90000000,10000000,15000000,30000000,3,90000000,10000000,15000000,30000000,3,0,0,0,0,224,296,0.111073033,0.111073033,0,1,0.523809524,0.511766316,0.261904762,0,0,0,0,1,0,0,0,1,0.55,0.8,0.2,224,0,0,0,0,0,0,10,8,10,2,254,2049,7,20,22761.33333,39318.13089,68162,57,30000000,35592.50011,30000000,29900000,BENIGN
80,46033236,4,4,233,2398,233,0,58.25,116.5,2398,0,599.5,1199,57.15435691,0.173787478,6576176.571,17400000,46000000,36,33550,11183.33333,9751.867582,18136,36,46000000,15300000,26600000,46000000,2998,0,0,0,0,92,92,0.086893739,0.086893739,0,2398,292.3333333,793.3760143,629445.5,0,0,0,1,0,0,0,0,1,328.875,58.25,599.5,92,0,0,0,0,0,0,4,233,4,2398,8192,30,1,20,0,0,0,0,0,0,0,0,BENIGN
80,4,2,0,0,0,0,0,0,0,0,0,0,0,0,500000,4,0,4,4,4,4,0,4,4,0,0,0,0,0,0,0,0,0,40,0,500000,0,0,0,0,0,0,0,0,0,0,1,0,0,0,0,0,0,0,40,0,0,0,0,0,0,2,0,0,0,256,-1,0,20,0,0,0,0,0,0,0,0,BENIGN
443,60494983,11,9,3276,4556,821,0,297.8181818,350.899364,1460,0,506.2222222,603.9734634,129.4652814,0.330605928,3183946.474,13700000,60000000,8,60500000,6049498.3,18900000,60000000,334,434621,54327.625,40894.57387,125536,48,0,0,0,0,232,192,0.18183326,0.148772668,0,1460,372.952381,474.9006713,225530.6476,0,0,0,1,0,0,0,0,0,391.6,297.8181818,506.2222222,232,0,0,0,0,0,0,11,3276,9,4556,8192,513,6,20,0,0,0,0,0,0,0,0,BENIGN
80,82523355,2,0,0,0,0,0,0,0,0,0,0,0,0,0.024235563,82500000,0,82500000,82500000,82500000,82500000,0,82500000,82500000,0,0,0,0,0,0,0,0,0,40,0,0.024235563,0,0,0,0,0,0,0,0,0,0,1,0,0,0,0,0,0,0,40,0,0,0,0,0,0,2,0,0,0,1022,-1,0,20,0,0,0,0,0,0,0,0,BENIGN
80,109373101,5,3,138,328,138,0,27.6,61.71547618,328,0,109.3333333,189.3708883,4.260645403,0.073144127,15600000,41300000,109000000,32,109000000,27300000,54600000,109000000,32,120952,60476,51811.12807,97112,23840,0,0,0,0,112,72,0.045715079,0.027429048,0,328,51.77777778,113.1920688,12812.44444,0,0,0,1,0,0,0,0,0,58.25,27.6,109.3333333,112,0,0,0,0,0,0,5,138,3,328,65535,946,1,20,0,0,0,0,0,0,0,0,BENIGN
80,109543074,5,3,181,1644,181,0,36.2,80.94566079,1644,0,548,949.1638425,16.66011308,0.073030633,15600000,41400000,109000000,33,110000000,27400000,54700000,109000000,80,24553,12276.5,15429.77707,23187,1366,0,0,0,0,112,72,0.045644145,0.027386487,0,1644,202.7777778,543.7632246,295678.4444,0,0,0,1,0,0,0,0,0,228.125,36.2,548,112,0,0,0,0,0,0,5,181,3,1644,65535,946,1,20,0,0,0,0,0,0,0,0,BENIGN
80,109722768,6,4,188,490,188,0,31.33333333,76.75067861,490,0,122.5,245,6.17920977,0.091138787,12200000,36600000,110000000,35,110000000,21900000,49000000,110000000,108,31726,10575.33333,8156.714187,16494,1271,0,0,0,0,144,104,0.054683272,0.036455515,0,490,61.63636364,152.8576284,23365.45455,0,0,0,1,0,0,0,0,0,67.8,31.33333333,122.5,144,0,0,0,0,0,0,6,188,4,490,65535,946,1,20,0,0,0,0,0,0,0,0,BENIGN
80,109861018,9,5,441,4691,158,0,49,73.74957627,1585,0,938.2,856.5738147,46.71356677,0.127433736,8450847.538,30400000,110000000,53,110000000,13700000,38700000,110000000,59,221422,55355.5,66377.17707,152286,1612,0,0,0,0,192,112,0.081921688,0.045512049,0,1585,342.1333333,635.0063967,403233.1238,0,0,0,1,0,0,0,0,0,366.5714286,49,938.2,192,0,0,0,0,0,0,9,441,5,4691,65535,1013,3,20,0,0,0,0,0,0,0,0,BENIGN
389,493,11,4,172,326,79,0,15.63636364,31.4492376,163,0,81.5,94.10809388,1010141.988,30425.96349,35.21428571,26.82472617,75,1,493,49.3,42.124287,119,1,287,95.66666667,160.5033748,281,3,0,0,0,0,368,144,22312.37323,8113.590264,0,163,31.125,57.86060836,3347.85,0,0,0,1,0,0,0,0,0,33.2,15.63636364,81.5,368,0,0,0,0,0,0,11,172,4,326,29200,2081,4,32,0,0,0,0,0,0,0,0,BENIGN
389,420,11,4,172,326,79,0,15.63636364,31.4492376,163,0,81.5,94.10809388,1185714.286,35714.28571,30,24.35632914,71,1,420,42,36.37764882,123,1,242,80.66666667,98.16482737,191,3,0,0,0,0,368,144,26190.47619,9523.809524,0,163,31.125,57.86060836,3347.85,0,0,0,1,0,0,0,0,0,33.2,15.63636364,81.5,368,0,0,0,0,0,0,11,172,4,326,29200,2081,4,32,0,0,0,0,0,0,0,0,BENIGN
53566,1,1,1,0,0,0,0,0,0,0,0,0,0,0,2000000,1,0,1,1,0,0,0,0,0,0,0,0,0,0,0,0,0,0,32,32,1000000,1000000,0,0,0,0,0,0,0,0,0,1,0,0,0,1,0,0,0,32,0,0,0,0,0,0,1,0,1,0,2081,237,0,32,0,0,0,0,0,0,0,0,BENIGN
88,1170,9,6,3226,3232,1613,0,358.4444444,711.2661441,1616,0,538.6666667,834.4988117,5519658.12,12820.51282,83.57142857,221.9936639,848,1,1170,146.25,342.7467828,984,1,1047,209.4,361.2489446,848,4,0,0,0,0,304,208,7692.307692,5128.205128,0,1616,403.625,722.0267654,521322.65,0,0,0,1,0,0,0,0,0,430.5333333,358.4444444,538.6666667,304,0,0,0,0,0,0,9,3226,6,3232,29200,2081,2,32,0,0,0,0,0,0,0,0,BENIGN
51130,10,1,1,0,0,0,0,0,0,0,0,0,0,0,200000,10,0,10,10,0,0,0,0,0,0,0,0,0,0,0,0,0,0,32,32,100000,100000,0,0,0,0,0,0,0,0,0,1,0,0,0,1,0,0,0,32,0,0,0,0,0,0,1,0,1,0,2081,254,0,32,0,0,0,0,0,0,0,0,BENIGN
88,1155,9,6,3226,3232,1613,0,358.4444444,711.2661441,1616,0,538.6666667,834.4988117,5591341.991,12987.01299,82.5,207.7101346,801,1,1155,144.375,302.1806165,890,1,1006,201.2,340.3104465,801,4,0,0,0,0,304,208,7792.207792,5194.805195,0,1616,403.625,722.0267654,521322.65,0,0,0,1,0,0,0,0,0,430.5333333,358.4444444,538.6666667,304,0,0,0,0,0,0,9,3226,6,3232,29200,2081,2,32,0,0,0,0,0,0,0,0,BENIGN
0,106007973,26,0,0,0,0,0,0,0,0,0,0,0,0,0.245264571,4240318.92,8677062.222,27200000,1,106000000,4240318.92,8677062.222,27200000,1,0,0,0,0,0,0,0,0,0,0,0,0.245264571,0,0,0,0,0,0,0,0,0,0,0,0,0,0,0,0,0,0,0,0,0,0,0,0,0,26,0,0,0,-1,-1,0,0,1730944.25,2273625.292,4789258,19,19800000,8154880.571,27200000,7234941,BENIGN
123,64015367,4,4,192,192,48,48,48,0,48,48,48,0,5.99855969,0.124969994,9145052.429,24200000,64000000,3,64000000,21300000,37000000,64000000,3,64000000,21300000,37000000,64000000,4,0,0,0,0,80,80,0.062484997,0.062484997,48,48,48,0,0,0,0,0,0,0,0,0,0,1,54,48,48,80,0,0,0,0,0,0,4,192,4,192,-1,-1,3,20,139,0,139,139,64000000,0,64000000,64000000,BENIGN
88,1260,9,6,3074,3010,1537,0,341.5555556,677.7532942,1505,0,501.6666667,777.1786581,4828571.429,11904.7619,90,252.5314908,964,1,1260,157.5,364.6411151,1056,1,1160,232,412.8686232,964,4,0,0,0,0,204,144,7142.857143,4761.904762,0,1537,380.25,680.2620573,462756.4667,0,0,0,1,0,0,0,0,0,405.6,341.5555556,501.6666667,204,0,0,0,0,0,0,9,3074,6,3010,8192,2053,2,20,0,0,0,0,0,0,0,0,BENIGN
88,491,7,4,2686,2744,1343,0,383.7142857,655.316899,1372,0,686,792.1245693,11100000,22403.25866,49.1,93.42192224,307,1,491,81.83333333,134.2645399,346,1,387,129,217.3729514,380,3,0,0,0,0,164,104,14256.61914,8146.639511,0,1372,452.5,668.4439869,446817.3636,0,0,0,1,0,0,0,0,0,493.6363636,383.7142857,686,164,0,0,0,0,0,0,7,2686,4,2744,8192,2053,2,20,0,0,0,0,0,0,0,0,BENIGN
88,1344,9,6,3076,3010,1538,0,341.7777778,678.1942527,1505,0,501.6666667,777.1786581,4528273.81,11160.71429,96,278.5202658,1061,0,1344,168,380.598401,1107,1,1244,248.8,456.871645,1061,3,0,0,0,0,204,144,6696.428571,4464.285714,0,1538,380.375,680.4888316,463065.05,0,0,0,1,0,0,0,0,0,405.7333333,341.7777778,501.6666667,204,0,0,0,0,0,0,9,3076,6,3010,8192,2053,2,20,0,0,0,0,0,0,0,0,BENIGN
88,689,7,4,2688,2744,1344,0,384,655.804849,1372,0,686,792.1245693,7883889.695,15965.16691,68.9,145.5315544,479,1,689,114.8333333,210.0803814,541,1,633,211,280.5922308,535,49,0,0,0,0,164,104,10159.65167,5805.515239,0,1372,452.6666667,668.6862742,447141.3333,0,0,0,1,0,0,0,0,0,493.8181818,384,686,164,0,0,0,0,0,0,7,2688,4,2744,8192,2053,2,20,0,0,0,0,0,0,0,0,BENIGN
56922,4,1,1,0,0,0,0,0,0,0,0,0,0,0,500000,4,0,4,4,0,0,0,0,0,0,0,0,0,0,0,0,0,0,20,20,250000,250000,0,0,0,0,0,0,0,0,0,1,0,0,0,1,0,0,0,20,0,0,0,0,0,0,1,0,1,0,2053,251,0,20,0,0,0,0,0,0,0,0,BENIGN
88,691,7,4,466,414,233,0,66.57142857,113.6923585,207,0,103.5,119.5115057,1273516.643,15918.95803,69.1,107.661455,367,1,691,115.1666667,177.2584742,474,1,581,193.6666667,252.3020676,485,48,0,0,0,0,164,104,10130.24602,5788.712012,0,233,73.33333333,108.6038115,11794.78788,0,0,0,1,0,0,0,0,0,80,66.57142857,103.5,164,0,0,0,0,0,0,7,466,4,414,8192,2053,2,20,0,0,0,0,0,0,0,0,BENIGN
88,914,9,4,626,3064,313,0,69.55555556,138.0200267,1532,0,766,884.5006124,4037199.125,14223.19475,76.16666667,191.7364827,680,1,914,114.25,276.512335,796,1,824,274.6666667,393.4645261,729,47,0,0,0,0,204,104,9846.827133,4376.367615,0,1532,263.5714286,548.9435608,301339.033,0,0,0,1,0,0,0,0,0,283.8461538,69.55555556,766,204,0,0,0,0,0,0,9,626,4,3064,8192,2053,2,20,0,0,0,0,0,0,0,0,BENIGN
88,1103,9,6,3104,3036,1552,0,344.8888889,684.3676725,1518,0,506,783.8918293,5566636.446,13599.27471,78.78571429,219.8258676,839,1,1103,137.875,304.5119925,889,1,1011,202.2,361.5192941,844,3,0,0,0,0,204,144,8159.564823,5439.709882,0,1552,383.75,686.5289991,471322.0667,0,0,0,1,0,0,0,0,0,409.3333333,344.8888889,506,204,0,0,0,0,0,0,9,3104,6,3036,8192,2053,2,20,0,0,0,0,0,0,0,0,BENIGN
88,534,7,4,2794,2820,1397,0,399.1428571,681.666201,1410,0,705,814.0638796,10500000,20599.25094,53.4,85.93304887,292,2,534,89,146.4581852,385,2,448,149.3333333,173.782431,350,49,0,0,0,0,164,104,13108.61423,7490.636704,0,1410,467.8333333,691.0467467,477545.6061,0,0,0,1,0,0,0,0,0,510.3636364,399.1428571,705,164,0,0,0,0,0,0,7,2794,4,2820,8192,2053,2,20,0,0,0,0,0,0,0,0,BENIGN
1034,6,1,1,0,0,0,0,0,0,0,0,0,0,0,333333.3333,6,0,6,6,0,0,0,0,0,0,0,0,0,0,0,0,0,0,20,20,166666.6667,166666.6667,0,0,0,0,0,0,0,0,0,1,0,0,0,1,0,0,0,20,0,0,0,0,0,0,1,0,1,0,2053,251,0,20,0,0,0,0,0,0,0,0,BENIGN
88,914,9,6,3130,3048,1565,0,347.7777778,690.1001336,1524,0,508,786.9902159,6759299.781,16411.37856,65.28571429,175.8195879,673,1,914,114.25,255.765378,744,1,868,173.6,280.9418089,673,5,0,0,0,0,204,144,9846.827133,6564.551422,0,1565,386.125,690.8025164,477208.1167,0,0,0,1,0,0,0,0,0,411.8666667,347.7777778,508,204,0,0,0,0,0,0,9,3130,6,3048,8192,2053,2,20,0,0,0,0,0,0,0,0,BENIGN
389,4574,13,13,4130,5688,1672,0,317.6923077,614.2608546,2634,0,437.5384615,818.9074648,2146480.105,5684.30258,182.96,508.6714296,2462,1,4574,381.1666667,758.2568326,2462,3,4480,373.3333333,761.705065,2615,1,0,0,0,0,284,284,2842.15129,2842.15129,0,2634,363.6296296,701.8048791,492530.0883,0,0,0,1,0,0,0,0,1,377.6153846,317.6923077,437.5384615,284,0,0,0,0,0,0,13,4130,13,5688,8192,0,6,20,0,0,0,0,0,0,0,0,BENIGN
88,2080,7,4,472,414,236,0,67.42857143,115.1562086,207,0,103.5,119.5115057,425961.5385,5288.461538,208,364.4243558,1059,1,2080,346.6666667,534.1829899,1076,1,1482,494,851.3031188,1477,2,0,0,0,0,164,104,3365.384615,1923.076923,0,236,73.83333333,109.4090185,11970.33333,0,0,0,1,0,0,0,0,0,80.54545455,67.42857143,103.5,164,0,0,0,0,0,0,7,472,4,414,8192,256,2,20,0,0,0,0,0,0,0,0,BENIGN
88,1901,9,4,632,3112,316,0,70.22222222,139.3429024,1556,0,778,898.3570189,1969489.742,6838.506049,158.4166667,307.8386408,815,1,1901,237.625,416.6807402,956,1,1634,544.6666667,938.1963192,1628,1,0,0,0,0,204,104,4734.350342,2104.155708,0,1556,267.4285714,557.5172594,310825.4945,0,0,0,1,0,0,0,0,0,288,70.22222222,778,204,0,0,0,0,0,0,9,632,4,3112,8192,2053,2,20,0,0,0,0,0,0,0,0,BENIGN
88,1577,9,6,3122,3040,1561,0,346.8888889,688.3362994,1520,0,506.6666667,784.9246248,3907419.15,9511.731135,112.6428571,231.0849351,749,1,1577,197.125,334.9342953,888,1,1371,274.2,370.8277228,749,2,0,0,0,0,204,144,5707.038681,3804.692454,0,1561,385.125,689.0138726,474740.1167,0,0,0,1,0,0,0,0,0,410.8,346.8888889,506.6666667,204,0,0,0,0,0,0,9,3122,6,3040,8192,2053,2,20,0,0,0,0,0,0,0,0,BENIGN
88,9742,9,6,3078,2992,1539,0,342,678.6352113,1496,0,498.6666667,772.5310781,623075.3439,1539.724902,695.8571429,2126.827969,8038,3,9742,1217.75,2782.267151,8038,3,1527,305.4,372.7422702,732,5,0,0,0,0,204,144,923.8349415,615.889961,0,1539,379.375,678.7374431,460684.5167,0,0,0,1,0,0,0,0,0,404.6666667,342,498.6666667,204,0,0,0,0,0,0,9,3078,6,2992,8192,2053,2,20,0,0,0,0,0,0,0,0,BENIGN
88,1396,7,4,2856,2884,1428,0,408,696.7926521,1442,0,721,832.5390882,4111747.851,7879.65616,139.6,251.7283368,773,2,1396,232.6666667,396.3012322,977,2,1157,385.6666667,661.9322725,1150,3,0,0,0,0,164,104,5014.326648,2865.329513,0,1442,478.3333333,706.5577675,499223.8788,0,0,0,1,0,0,0,0,0,521.8181818,408,721,164,0,0,0,0,0,0,7,2856,4,2884,8192,2053,2,20,0,0,0,0,0,0,0,0,BENIGN
88,1840,8,6,5038,258,2519,0,629.75,958.1053849,129,0,43,66.61531355,2878260.87,7608.695652,141.5384615,254.4653268,784,1,1840,262.8571429,424.8056138,929,2,1416,283.2,403.5767585,879,1,0,0,0,0,184,144,4347.826087,3260.869565,0,2519,353.0666667,744.5939897,554420.2095,0,0,0,1,0,0,0,0,0,378.2857143,629.75,43,184,0,0,0,0,0,0,8,5038,6,258,8192,2053,3,20,0,0,0,0,0,0,0,0,BENIGN
88,1706,7,4,472,414,236,0,67.42857143,115.1562086,207,0,103.5,119.5115057,519343.4936,6447.831184,170.6,230.4855744,662,3,1706,284.3333333,324.0368292,711,3,1389,463,795.0113207,1381,4,0,0,0,0,164,104,4103.165299,2344.665885,0,236,73.83333333,109.4090185,11970.33333,0,0,0,1,0,0,0,0,0,80.54545455,67.42857143,103.5,164,0,0,0,0,0,0,7,472,4,414,8192,2053,2,20,0,0,0,0,0,0,0,0,BENIGN
88,2104,9,4,632,3112,316,0,70.22222222,139.3429024,1556,0,778,898.3570189,1779467.681,6178.707224,175.3333333,251.8128213,678,3,2104,263,320.0044643,757,3,1568,522.6666667,899.2231833,1561,3,0,0,0,0,204,104,4277.56654,1901.140684,0,1556,267.4285714,557.5172594,310825.4945,0,0,0,1,0,0,0,0,0,288,70.22222222,778,204,0,0,0,0,0,0,9,632,4,3112,8192,2053,2,20,0,0,0,0,0,0,0,0,BENIGN
88,1249,9,6,3122,3040,1561,0,346.8888889,688.3362994,1520,0,506.6666667,784.9246248,4933546.837,12009.60769,89.21428571,191.87463,725,1,1249,156.125,316.6699217,917,1,1056,211.2,318.4622427,725,3,0,0,0,0,204,144,7205.764612,4803.843074,0,1561,385.125,689.0138726,474740.1167,0,0,0,1,0,0,0,0,0,410.8,346.8888889,506.6666667,204,0,0,0,0,0,0,9,3122,6,3040,8192,2053,2,20,0,0,0,0,0,0,0,0,BENIGN
88,9267,9,6,3096,3028,1548,0,344,682.6038383,1514,0,504.6666667,781.8262382,660839.5381,1618.646811,661.9285714,2122.800815,7999,3,9267,1158.375,2783.899882,7999,3,1155,231,359.0348173,825,3,0,0,0,0,204,144,971.1880868,647.4587245,0,1548,382.75,684.7402914,468869.2667,0,0,0,1,0,0,0,0,0,408.2666667,344,504.6666667,204,0,0,0,0,0,0,9,3096,6,3028,8192,2053,2,20,0,0,0,0,0,0,0,0,BENIGN
88,3788,7,4,2842,2868,1421,0,406,693.3770018,1434,0,717,827.920286,1507391.763,2903.907075,378.8,568.5073634,1636,1,3788,631.3333333,787.6790378,1956,1,2137,712.3333333,1189.842987,2086,3,0,0,0,0,164,104,1847.940866,1055.966209,0,1434,475.8333333,702.8633429,494016.8788,0,0,0,1,0,0,0,0,0,519.0909091,406,717,164,0,0,0,0,0,0,7,2842,4,2868,8192,2053,2,20,0,0,0,0,0,0,0,0,BENIGN
389,1447028,19,13,5260,9232,1536,0,276.8421053,475.8584364,2634,0,710.1538462,801.2267517,10015.01008,22.11429219,46678.32258,184860.3321,1016548,2,1447028,80390.44444,239692.5104,1016548,3,230817,19234.75,37246.07707,110410,2,0,0,0,0,404,284,13.13036099,8.983931202,0,2634,439.1515152,647.7764912,419614.3826,0,0,0,1,0,0,0,0,0,452.875,276.8421053,710.1538462,404,0,0,0,0,0,0,19,5260,13,9232,8192,2050,10,20,0,0,0,0,0,0,0,0,BENIGN
88,662,7,4,466,412,233,0,66.57142857,113.6923585,206,0,103,118.9341555,1326283.988,16616.3142,66.2,131.312858,425,1,662,110.3333333,214.547586,545,1,492,164,277.9946043,485,3,0,0,0,0,164,104,10574.01813,6042.296073,0,233,73.16666667,108.3805026,11746.33333,0,0,0,1,0,0,0,0,0,79.81818182,66.57142857,103,164,0,0,0,0,0,0,7,466,4,412,8192,2053,2,20,0,0,0,0,0,0,0,0,BENIGN
88,885,9,4,626,3064,313,0,69.55555556,138.0200267,1532,0,766,884.5006124,4169491.525,14689.26554,73.75,200.3597333,707,1,885,110.625,246.4032337,717,1,783,261,445.1381808,775,3,0,0,0,0,204,104,10169.49153,4519.774011,0,1532,263.5714286,548.9435608,301339.033,0,0,0,1,0,0,0,0,0,283.8461538,69.55555556,766,204,0,0,0,0,0,0,9,626,4,3064,8192,2053,2,20,0,0,0,0,0,0,0,0,BENIGN
88,599,7,4,466,414,233,0,66.57142857,113.6923585,207,0,103.5,119.5115057,1469115.192,18363.9399,59.9,107.5292725,354,1,599,99.83333333,173.1501275,450,1,427,142.3333333,241.3324125,421,3,0,0,0,0,164,104,11686.14357,6677.796327,0,233,73.33333333,108.6038115,11794.78788,0,0,0,1,0,0,0,0,0,80,66.57142857,103.5,164,0,0,0,0,0,0,7,466,4,414,8192,2053,2,20,0,0,0,0,0,0,0,0,BENIGN
88,815,9,4,626,3064,313,0,69.55555556,138.0200267,1532,0,766,884.5006124,4527607.362,15950.92025,67.91666667,198.3135526,696,1,815,101.875,259.0986781,741,1,730,243.3333333,414.5386994,722,3,0,0,0,0,204,104,11042.94479,4907.97546,0,1532,263.5714286,548.9435608,301339.033,0,0,0,1,0,0,0,0,0,283.8461538,69.55555556,766,204,0,0,0,0,0,0,9,626,4,3064,8192,2053,2,20,0,0,0,0,0,0,0,0,BENIGN
88,1099,9,6,3176,3106,1588,0,352.8888889,700.2421803,1553,0,517.6666667,801.9657516,5716105.551,13648.77161,78.5,194.3176424,746,1,1099,137.375,300.7637599,875,1,982,196.4,315.4509471,746,4,0,0,0,0,204,144,8189.262966,5459.508644,0,1588,392.625,702.4070876,493375.7167,0,0,0,1,0,0,0,0,0,418.8,352.8888889,517.6666667,204,0,0,0,0,0,0,9,3176,6,3106,8192,2053,2,20,0,0,0,0,0,0,0,0,BENIGN
88,1200,9,6,3150,3086,1575,0,350,694.5097192,1543,0,514.3333333,796.8017738,5196666.667,12500,85.71428571,221.0180739,848,1,1200,150,334.5888735,972,1,1100,220,359.7096051,848,3,0,0,0,0,204,144,7500,5000,0,1575,389.75,697.254951,486164.4667,0,0,0,1,0,0,0,0,0,415.7333333,350,514.3333333,204,0,0,0,0,0,0,9,3150,6,3086,8192,2053,2,20,0,0,0,0,0,0,0,0,BENIGN
88,558,7,4,2762,2820,1381,0,394.5714286,673.8590004,1410,0,705,814.0638796,10000000,19713.26165,55.8,90.52906225,306,1,558,93,127.622882,339,1,513,171,251.2906684,460,4,0,0,0,0,164,104,12544.80287,7168.458781,0,1410,465.1666667,687.1523363,472178.3333,0,0,0,1,0,0,0,0,0,507.4545455,394.5714286,705,164,0,0,0,0,0,0,7,2762,4,2820,8192,2053,2,20,0,0,0,0,0,0,0,0,BENIGN
389,495,11,4,172,326,79,0,15.63636364,31.4492376,163,0,81.5,94.10809388,1006060.606,30303.0303,35.35714286,27.78103156,79,0,495,49.5,40.87990541,123,0,285,95,160.2154799,280,2,0,0,0,0,368,144,22222.22222,8080.808081,0,163,31.125,57.86060836,3347.85,0,0,0,1,0,0,0,0,0,33.2,15.63636364,81.5,368,0,0,0,0,0,0,11,172,4,326,29200,2081,4,32,0,0,0,0,0,0,0,0,BENIGN
88,1139,10,6,3150,3152,1575,0,315,632.5616351,1576,0,525.3333333,813.8429005,5532923.617,14047.41001,75.93333333,207.9565431,823,1,1139,126.5555556,286.8340597,887,1,1011,202.2,350.8599436,823,4,0,0,0,0,336,208,8779.631255,5267.778753,0,1576,370.7058824,671.9757031,451551.3456,0,0,0,1,0,0,0,0,0,393.875,315,525.3333333,336,0,0,0,0,0,0,10,3150,6,3152,29200,2081,3,32,0,0,0,0,0,0,0,0,BENIGN
55824,0,1,1,0,0,0,0,0,0,0,0,0,0,NaN,Infinity,0,0,0,0,0,0,0,0,0,0,0,0,0,0,0,0,0,0,32,32,0,0,0,0,0,0,0,0,0,0,0,1,0,0,0,1,0,0,0,32,0,0,0,0,0,0,1,0,1,0,2081,253,0,32,0,0,0,0,0,0,0,0,BENIGN
389,26534,17,12,3452,6654,1313,0,203.0588235,425.7784739,3069,0,554.5,977.7881812,380869.8274,1092.937363,947.6428571,4642.216315,24628,1,26534,1658.375,6128.181241,24628,1,26442,2403.818182,7574.998017,25239,3,0,0,0,0,560,388,640.6874199,452.2499435,0,3069,336.8666667,704.7521322,496675.5678,0,0,0,1,0,0,0,0,0,348.4827586,203.0588235,554.5,560,0,0,0,0,0,0,17,3452,12,6654,29200,0,10,32,0,0,0,0,0,0,0,0,BENIGN
88,1085,9,6,3150,3152,1575,0,350,694.5097192,1576,0,525.3333333,813.8429005,5808294.931,13824.88479,77.5,218.8475936,834,1,1085,135.625,327.1207455,942,1,990,198,360.8649332,834,1,0,0,0,0,304,208,8294.930876,5529.953917,0,1576,393.875,704.585067,496440.1167,0,0,0,1,0,0,0,0,0,420.1333333,350,525.3333333,304,0,0,0,0,0,0,9,3150,6,3152,29200,2081,2,32,0,0,0,0,0,0,0,0,BENIGN
88,1281,9,6,3176,3106,1588,0,352.8888889,700.2421803,1553,0,517.6666667,801.9657516,4903981.265,11709.60187,91.5,207.1598231,786,1,1281,160.125,294.8909908,863,1,1155,231,346.1206437,786,3,0,0,0,0,204,144,7025.761124,4683.840749,0,1588,392.625,702.4070876,493375.7167,0,0,0,1,0,0,0,0,0,418.8,352.8888889,517.6666667,204,0,0,0,0,0,0,9,3176,6,3106,8192,2053,2,20,0,0,0,0,0,0,0,0,BENIGN
389,5167,13,11,4130,5688,1672,0,317.6923077,614.2608546,2634,0,517.0909091,871.4825821,1900135.475,4644.861622,224.6521739,658.0233215,3074,1,5167,430.5833333,940.6241118,3074,1,5098,509.8,995.7235002,3180,1,0,0,0,0,284,244,2515.966712,2128.89491,0,2634,392.72,722.2699472,521673.8767,0,0,0,1,0,0,0,0,0,409.0833333,317.6923077,517.0909091,284,0,0,0,0,0,0,13,4130,11,5688,8192,0,6,20,0,0,0,0,0,0,0,0,BENIGN
53,46870,1,1,44,240,44,44,44,0,240,240,240,0,6059.312993,42.67121826,46870,0,46870,46870,0,0,0,0,0,0,0,0,0,0,0,0,0,0,20,20,21.33560913,21.33560913,44,240,109.3333333,113.1606528,12805.33333,0,0,0,0,0,0,0,0,1,164,44,240,20,0,0,0,0,0,0,1,44,1,240,-1,-1,0,20,0,0,0,0,0,0,0,0,BENIGN
389,437,10,4,165,326,79,0,16.5,33.01262385,163,0,81.5,94.10809388,1123569.794,32036.61327,33.61538462,20.42277512,49,1,437,48.55555556,33.27953993,108,1,280,93.33333333,119.6258055,229,3,0,0,0,0,336,144,22883.29519,9153.318078,0,163,32.73333333,59.52006464,3542.638095,0,0,0,1,0,0,0,0,0,35.07142857,16.5,81.5,336,0,0,0,0,0,0,10,165,4,326,29200,2081,3,32,0,0,0,0,0,0,0,0,BENIGN
389,1,2,0,7,0,7,0,3.5,4.949747468,0,0,0,0,7000000,2000000,1,0,1,1,1,1,0,1,1,0,0,0,0,0,1,0,0,0,64,0,2000000,0,0,7,4.666666667,4.041451884,16.33333333,0,1,0,0,1,0,0,0,0,7,3.5,0,64,0,0,0,0,0,0,2,7,0,0,237,-1,0,32,0,0,0,0,0,0,0,0,BENIGN
88,1076,9,6,3150,3152,1575,0,350,694.5097192,1576,0,525.3333333,813.8429005,5856877.323,13940.52045,76.85714286,206.2570678,788,0,1076,134.5,315.0233551,908,0,1057,211.4,326.6072565,788,1,0,0,0,0,304,208,8364.312268,5576.208178,0,1576,393.875,704.585067,496440.1167,0,0,0,1,0,0,0,0,0,420.1333333,350,525.3333333,304,0,0,0,0,0,0,9,3150,6,3152,29200,2081,2,32,0,0,0,0,0,0,0,0,BENIGN
389,534,11,4,172,326,79,0,15.63636364,31.4492376,163,0,81.5,94.10809388,932584.2697,28089.88764,38.14285714,31.28493651,108,1,534,53.4,37.62446013,129,1,324,108,181,317,3,0,0,0,0,368,144,20599.25094,7490.636704,0,163,31.125,57.86060836,3347.85,0,0,0,1,0,0,0,0,0,33.2,15.63636364,81.5,368,0,0,0,0,0,0,11,172,4,326,29200,2081,4,32,0,0,0,0,0,0,0,0,BENIGN
88,1195,10,6,3150,3152,1575,0,315,632.5616351,1576,0,525.3333333,813.8429005,5273640.167,13389.12134,79.66666667,231.4950375,913,1,1195,132.7777778,327.3873004,1002,1,1102,220.4,390.7413467,913,3,0,0,0,0,336,208,8368.200837,5020.920502,0,1576,370.7058824,671.9757031,451551.3456,0,0,0,1,0,0,0,0,0,393.875,315,525.3333333,336,0,0,0,0,0,0,10,3150,6,3152,29200,2081,3,32,0,0,0,0,0,0,0,0,BENIGN
389,14737,17,12,3452,6654,1313,0,203.0588235,425.7784739,1621,0,554.5,727.5332545,685756.9383,1967.836059,526.3214286,2431.659136,12919,0,14737,921.0625,3206.354679,12919,0,14569,1324.454545,4048.099044,13522,1,0,0,0,0,560,400,1153.559069,814.2769899,0,1621,336.8666667,578.6183146,334799.154,0,0,0,1,0,0,0,0,0,348.4827586,203.0588235,554.5,560,0,0,0,0,0,0,17,3452,12,6654,29200,2075,10,32,0,0,0,0,0,0,0,0,BENIGN
80,5194037,5,5,72,651,72,0,14.4,32.19937888,646,0,130.2,288.349094,139.1980843,1.925284706,577115.2222,1660967.883,5005034,3,189003,47250.75,54463.77529,94625,3,5099888,1274972,2487133.346,5005080,3,0,0,0,0,168,168,0.962642353,0.962642353,0,646,65.72727273,193.650247,37500.41818,0,0,0,1,0,0,0,0,1,72.3,14.4,130.2,168,0,0,0,0,0,0,5,72,5,651,29200,114,1,32,0,0,0,0,0,0,0,0,BENIGN
88,1115,9,6,3150,3150,1575,0,350,694.5097192,1575,0,525,813.3265027,5650224.215,13452.9148,79.64285714,220.3359697,842,1,1115,139.375,339.2617774,976,1,1026,205.2,359.5659884,842,3,0,0,0,0,304,208,8071.748879,5381.165919,0,1575,393.75,704.3614129,496125,0,0,0,1,0,0,0,0,0,420,350,525,304,0,0,0,0,0,0,9,3150,6,3150,29200,2081,2,32,0,0,0,0,0,0,0,0,BENIGN
88,562,7,4,472,414,236,0,67.42857143,115.1562086,207,0,103.5,119.5115057,1576512.456,19572.95374,56.2,106.4119876,346,2,562,93.66666667,172.7641938,442,2,414,138,232.9613702,407,3,0,0,0,0,164,104,12455.51601,7117.437722,0,236,73.83333333,109.4090185,11970.33333,0,0,0,1,0,0,0,0,0,80.54545455,67.42857143,103.5,164,0,0,0,0,0,0,7,472,4,414,8192,2053,2,20,0,0,0,0,0,0,0,0,BENIGN
88,853,9,4,632,3112,316,0,70.22222222,139.3429024,1556,0,778,898.3570189,4389214.537,15240.32825,71.08333333,176.4809845,628,1,853,106.625,241.3236934,701,1,735,245,342.0803999,640,47,0,0,0,0,204,104,10550.99648,4689.33177,0,1556,267.4285714,557.5172594,310825.4945,0,0,0,1,0,0,0,0,0,288,70.22222222,778,204,0,0,0,0,0,0,9,632,4,3112,8192,2053,2,20,0,0,0,0,0,0,0,0,BENIGN
88,911,9,6,3078,2992,1539,0,342,678.6352113,1496,0,498.6666667,772.5310781,6663007.684,16465.42261,65.07142857,176.6079815,675,1,911,113.875,273.1427871,787,1,862,172.4,282.4938937,675,4,0,0,0,0,204,144,9879.253568,6586.169045,0,1539,379.375,678.7374431,460684.5167,0,0,0,1,0,0,0,0,0,404.6666667,342,498.6666667,204,0,0,0,0,0,0,9,3078,6,2992,8192,2053,2,20,0,0,0,0,0,0,0,0,BENIGN
389,21500,13,11,5458,940,1536,0,419.8461538,614.730679,210,0,85.45454545,99.28581332,297581.3953,1116.27907,934.7826087,4112.670278,19792,2,21500,1791.666667,5705.602324,19895,2,21443,2144.3,6286.328076,20028,3,0,0,0,0,284,244,604.6511628,511.627907,0,1536,255.92,472.9241412,223657.2433,0,0,0,1,0,0,0,0,0,266.5833333,419.8461538,85.45454545,284,0,0,0,0,0,0,13,5458,11,940,8192,0,8,20,0,0,0,0,0,0,0,0,BENIGN
389,39097,21,20,5100,6972,1536,0,242.8571429,443.7846646,2634,0,348.6,662.8365203,308770.4939,1048.673811,977.425,4127.733773,22711,1,39097,1954.85,5847.231709,22873,1,39043,2054.894737,5912.312322,22788,1,0,0,0,0,444,424,537.1256107,511.5482006,0,2634,287.4285714,551.8430823,304530.7875,0,0,0,1,0,0,0,0,0,294.4390244,242.8571429,348.6,444,0,0,0,0,0,0,21,5100,20,6972,8192,0,14,20,0,0,0,0,0,0,0,0,BENIGN
389,550,10,4,165,326,79,0,16.5,33.01262385,163,0,81.5,94.10809388,892727.2727,25454.54545,42.30769231,31.96713055,102,1,550,61.11111111,49.27333063,157,1,282,94,119.058809,229,4,0,0,0,0,336,144,18181.81818,7272.727273,0,163,32.73333333,59.52006464,3542.638095,0,0,0,1,0,0,0,0,0,35.07142857,16.5,81.5,336,0,0,0,0,0,0,10,165,4,326,29200,260,3,32,0,0,0,0,0,0,0,0,BENIGN
389,1,2,1,7,0,7,0,3.5,4.949747468,0,0,0,0,7000000,3000000,0.5,0.707106781,1,0,1,1,0,1,1,0,0,0,0,0,1,0,0,0,64,32,2000000,1000000,0,7,3.5,4.041451884,16.33333333,0,1,0,0,1,0,0,0,0,4.666666667,3.5,0,64,0,0,0,0,0,0,2,7,1,0,237,260,0,32,0,0,0,0,0,0,0,0,BENIGN
88,1169,9,6,3150,3152,1575,0,350,694.5097192,1576,0,525.3333333,813.8429005,5390932.421,12831.4799,83.5,218.426453,839,2,1169,146.125,320.4133212,936,2,1071,214.2,352.3956583,839,4,0,0,0,0,304,208,7698.887938,5132.591959,0,1576,393.875,704.585067,496440.1167,0,0,0,1,0,0,0,0,0,420.1333333,350,525.3333333,304,0,0,0,0,0,0,9,3150,6,3152,29200,2081,2,32,0,0,0,0,0,0,0,0,BENIGN
88,1110,9,6,3128,3046,1564,0,347.5555556,689.6591751,1523,0,507.6666667,786.4738182,5562162.162,13513.51351,79.28571429,207.3575242,796,0,1110,138.75,300.4695135,879,0,1002,200.4,338.249612,796,4,0,0,0,0,204,144,8108.108108,5405.405405,0,1564,385.875,690.3553554,476590.5167,0,0,0,1,0,0,0,0,0,411.6,347.5555556,507.6666667,204,0,0,0,0,0,0,9,3128,6,3046,8192,2053,2,20,0,0,0,0,0,0,0,0,BENIGN
445,16523256,25,18,2168,2608,252,0,86.72,79.59246195,307,0,144.8888889,98.30258742,289.0471466,2.602392652,393410.8571,2353800.438,15300000,3,16500000,688469,3108754.944,15300000,3,16500000,971948.2941,3741877.425,15500000,3,0,0,0,0,524,384,1.513018984,1.089373668,0,307,108.5454545,91.97862607,8460.067653,0,0,0,1,0,0,0,0,0,111.0697674,86.72,144.8888889,524,0,0,0,0,0,0,25,2168,18,2608,8192,2049,16,20,1260627,0,1260627,1260627,15300000,0,15300000,15300000,BENIGN
49155,5,1,1,0,0,0,0,0,0,0,0,0,0,0,400000,5,0,5,5,0,0,0,0,0,0,0,0,0,0,0,0,0,0,20,20,200000,200000,0,0,0,0,0,0,0,0,0,1,0,0,0,1,0,0,0,20,0,0,0,0,0,0,1,0,1,0,2049,251,0,20,0,0,0,0,0,0,0,0,BENIGN
445,15637683,48,42,10926,7460,2954,0,227.625,497.9863975,1032,0,177.6190476,210.8009062,1175.74963,5.755328331,175704.3034,1579066.77,14900000,1,15600000,332716.6596,2171798.485,14900000,3,15600000,381404.1707,2356224.12,15100000,1,0,0,0,0,984,864,3.069508443,2.685819888,0,2954,202.043956,388.369209,150830.6425,0,0,0,1,0,0,0,0,0,204.2888889,227.625,177.6190476,984,0,0,0,0,0,0,48,10926,42,7460,8192,2049,37,20,735669,0,735669,735669,14900000,0,14900000,14900000,BENIGN
49172,12,1,1,0,0,0,0,0,0,0,0,0,0,0,166666.6667,12,0,12,12,0,0,0,0,0,0,0,0,0,0,0,0,0,0,20,20,83333.33333,83333.33333,0,0,0,0,0,0,0,0,0,1,0,0,0,1,0,0,0,20,0,0,0,0,0,0,1,0,1,0,2049,255,0,20,0,0,0,0,0,0,0,0,BENIGN
88,1153,9,6,3176,3106,1588,0,352.8888889,700.2421803,1553,0,517.6666667,801.9657516,5448395.49,13009.54033,82.35714286,217.9822177,836,0,1153,144.125,303.8620164,894,1,1045,209,352.4592175,836,5,0,0,0,0,204,144,7805.724198,5203.816132,0,1588,392.625,702.4070876,493375.7167,0,0,0,1,0,0,0,0,0,418.8,352.8888889,517.6666667,204,0,0,0,0,0,0,9,3176,6,3106,8192,2053,2,20,0,0,0,0,0,0,0,0,BENIGN
88,549,7,4,2762,2820,1381,0,394.5714286,673.8590004,1410,0,705,814.0638796,10200000,20036.42987,54.9,76.08978614,258,0,549,91.5,145.4589289,384,2,467,155.6666667,185.618785,370,48,0,0,0,0,164,104,12750.45537,7285.974499,0,1410,465.1666667,687.1523363,472178.3333,0,0,0,1,0,0,0,0,0,507.4545455,394.5714286,705,164,0,0,0,0,0,0,7,2762,4,2820,8192,2053,2,20,0,0,0,0,0,0,0,0,BENIGN
389,816083,15,12,4104,1020,1660,0,273.6,567.8187337,210,0,85,91.22200691,6278.773115,33.08487004,31387.80769,147800.2019,753773,1,816083,58291.64286,200803.7333,753773,1,816035,74185,245229.1828,813578,3,0,0,0,0,324,264,18.38048336,14.70438669,0,1660,183,425.0164267,180638.963,0,0,0,1,0,0,0,0,0,189.7777778,273.6,85,324,0,0,0,0,0,0,15,4104,12,1020,8192,0,8,20,0,0,0,0,0,0,0,0,BENIGN
80,95829,3,2,302,511,302,0,100.6666667,174.3597813,511,0,255.5,361.3315652,8483.861879,52.17627232,23957.25,27626.17355,49552,56,46277,23138.5,32625.19978,46208,69,49677,49677,0,49677,49677,0,0,0,0,72,52,31.30576339,20.87050893,0,511,135.5,220.0743056,48432.7,0,0,0,1,0,0,0,0,0,162.6,100.6666667,255.5,72,0,0,0,0,0,0,3,302,2,511,8192,256,1,20,0,0,0,0,0,0,0,0,BENIGN
80,16,2,0,0,0,0,0,0,0,0,0,0,0,0,125000,16,0,16,16,16,16,0,16,16,0,0,0,0,0,0,0,0,0,40,0,125000,0,0,0,0,0,0,0,0,0,0,1,0,0,0,0,0,0,0,40,0,0,0,0,0,0,2,0,0,0,254,-1,0,20,0,0,0,0,0,0,0,0,BENIGN
389,8599138,23,15,5706,9232,1660,0,248.0869565,482.4753327,2634,0,615.4666667,782.7480772,1737.150863,4.419047584,232409.1351,988711.8659,5559493,0,8599138,390869.9091,1269221.182,5559493,1,8599067,614219.0714,1583271.596,5616561,2,0,0,0,0,484,324,2.674686695,1.744360888,0,2634,383.025641,629.8469525,396707.1835,0,0,0,1,0,0,0,0,0,393.1052632,248.0869565,615.4666667,484,0,0,0,0,0,0,23,5706,15,9232,8192,0,10,20,3039547,0,3039547,3039547,5559493,0,5559493,5559493,BENIGN
135,26241793,11,6,656,752,168,0,59.63636364,82.78076193,268,0,125.3333333,120.6029298,53.65487031,0.647821587,1640112.063,6505873.822,26000000,3,26200000,2624179.3,8226463.495,26000000,3,1048,209.6,308.6451036,695,3,0,0,0,0,244,144,0.419178674,0.228642913,0,268,78.22222222,98.36519922,9675.712418,0,0,0,1,0,0,0,0,0,82.82352941,59.63636364,125.3333333,244,0,0,0,0,0,0,11,656,6,752,8192,2052,4,20,0,0,0,0,0,0,0,0,BENIGN
49671,26240384,21,14,3678,2672,936,0,175.1428571,269.4893849,952,0,190.8571429,324.9593719,241.9934099,1.333821944,771776,4274063.86,24900000,1,26200000,1312019.2,5566136.747,24900000,1,1084754,83442.61538,300277.4055,1082826,3,0,0,0,0,444,304,0.800293166,0.533528778,0,952,176.3888889,285.8245494,81695.67302,0,0,0,1,0,0,0,0,0,181.4285714,175.1428571,190.8571429,444,0,0,0,0,0,0,21,3678,14,2672,8192,2053,12,20,0,0,0,0,0,0,0,0,BENIGN
135,35,1,1,0,0,0,0,0,0,0,0,0,0,0,57142.85714,35,0,35,35,0,0,0,0,0,0,0,0,0,0,0,0,0,0,20,20,28571.42857,28571.42857,0,0,0,0,0,0,0,0,0,1,1,0,0,1,0,0,0,20,0,0,0,0,0,0,1,0,1,0,255,2052,0,20,0,0,0,0,0,0,0,0,BENIGN
49671,50,1,2,0,0,0,0,0,0,0,0,0,0,0,60000,25,31.11269837,47,3,0,0,0,0,0,3,3,0,3,3,0,0,0,0,20,40,20000,40000,0,0,0,0,0,0,0,0,0,1,1,0,0,2,0,0,0,20,0,0,0,0,0,0,1,0,2,0,251,2053,0,20,0,0,0,0,0,0,0,0,BENIGN
1029,0,2,0,0,0,0,0,0,0,0,0,0,0,NaN,Infinity,0,0,0,0,0,0,0,0,0,0,0,0,0,0,0,0,0,0,40,0,0,0,0,0,0,0,0,0,0,0,0,1,0,0,0,0,0,0,0,40,0,0,0,0,0,0,2,0,0,0,2053,-1,0,20,0,0,0,0,0,0,0,0,BENIGN
88,676,7,4,468,444,234,0,66.85714286,114.1803085,222,0,111,128.1717598,1349112.426,16272.18935,67.6,128.934264,418,1,676,112.6666667,213.6236566,544,1,500,166.6666667,283.4789822,494,3,0,0,0,0,164,104,10355.02959,5917.159763,0,234,76,112.3177311,12615.27273,0,0,0,1,0,0,0,0,0,82.90909091,66.85714286,111,164,0,0,0,0,0,0,7,468,4,444,8192,2053,2,20,0,0,0,0,0,0,0,0,BENIGN
88,917,9,4,628,3064,314,0,69.77777778,138.4609853,1532,0,766,884.5006124,4026172.301,14176.66303,76.41666667,200.1637776,709,1,917,114.625,245.735594,720,1,822,274,429.2213881,769,5,0,0,0,0,204,104,9814.612868,4362.050164,0,1532,263.7142857,548.9575335,301354.3736,0,0,0,1,0,0,0,0,0,284,69.77777778,766,204,0,0,0,0,0,0,9,628,4,3064,8192,2053,2,20,0,0,0,0,0,0,0,0,BENIGN
88,1035,9,8,3064,2990,1532,0,340.4444444,675.5485014,1495,0,373.75,692.0505246,5849275.362,16425.12077,64.6875,170.4968108,700,1,1035,129.375,278.7282022,816,1,955,136.4285714,251.0649698,700,1,0,0,0,0,204,184,8695.652174,7729.468599,0,1532,336.3333333,647.5263338,419290.3529,0,0,0,1,0,0,0,0,0,356.1176471,340.4444444,373.75,204,0,0,0,0,0,0,9,3064,8,2990,8192,2053,2,20,0,0,0,0,0,0,0,0,BENIGN
389,33799,13,14,5754,940,1684,0,442.6153846,660.3381127,210,0,67.14285714,94.37637998,198053.1968,798.8402024,1299.961538,4133.934644,18804,1,33799,2816.583333,5976.5385,18905,3,33723,2594.076923,5747.671303,19064,1,0,0,0,0,284,304,384.6267641,414.2134383,0,1684,239.0714286,485.2615124,235478.7354,0,0,0,1,0,0,0,0,1,247.9259259,442.6153846,67.14285714,284,0,0,0,0,0,0,13,5754,14,940,8192,0,8,20,0,0,0,0,0,0,0,0,BENIGN
389,2924095,25,21,5740,7080,1684,0,229.6,450.5483696,2634,0,337.1428571,647.9580454,4384.262481,15.73136304,64979.88889,426987.4492,2865148,0,2924095,121837.2917,584427.0479,2865148,2,2924030,146201.5,652744.4584,2919405,2,0,0,0,0,524,444,8.549653825,7.181709213,0,2634,272.7659574,541.2718602,292975.2266,0,0,0,1,0,0,0,0,0,278.6956522,229.6,337.1428571,524,0,0,0,0,0,0,25,5740,21,7080,8192,0,16,20,0,0,0,0,0,0,0,0,BENIGN
80,18633923,2,0,0,0,0,0,0,0,0,0,0,0,0,0.107331129,18600000,0,18600000,18600000,18600000,18600000,0,18600000,18600000,0,0,0,0,0,0,0,0,0,64,0,0.107331129,0,0,0,0,0,0,0,0,0,0,1,0,0,0,0,0,0,0,64,0,0,0,0,0,0,2,0,0,0,239,-1,0,32,0,0,0,0,0,0,0,0,BENIGN
49671,22953788,21,14,3014,2080,760,0,143.5238095,219.0731885,680,0,148.5714286,228.1530236,221.9241547,1.524802791,675111.4118,3875894.984,22600000,1,23000000,1147689.4,5051821.808,22600000,1,292168,22474.46154,80570.56458,290629,3,0,0,0,0,444,304,0.914881674,0.609921116,0,760,141.5,217.6083638,47353.4,0,0,0,1,0,0,0,0,0,145.5428571,143.5238095,148.5714286,444,0,0,0,0,0,0,21,3014,14,2080,8192,2047,12,20,0,0,0,0,0,0,0,0,BENIGN
49671,47,1,2,0,0,0,0,0,0,0,0,0,0,0,63829.78723,23.5,27.57716447,43,4,0,0,0,0,0,4,4,0,4,4,0,0,0,0,20,40,21276.59574,42553.19149,0,0,0,0,0,0,0,0,0,1,1,0,0,2,0,0,0,20,0,0,0,0,0,0,1,0,2,0,252,2047,0,20,0,0,0,0,0,0,0,0,BENIGN
49422,0,2,0,0,0,0,0,0,0,0,0,0,0,NaN,Infinity,0,0,0,0,0,0,0,0,0,0,0,0,0,0,0,0,0,0,40,0,0,0,0,0,0,0,0,0,0,0,0,1,0,0,0,0,0,0,0,40,0,0,0,0,0,0,2,0,0,0,2047,-1,0,20,0,0,0,0,0,0,0,0,BENIGN
88,612,7,4,466,414,233,0,66.57142857,113.6923585,207,0,103.5,119.5115057,1437908.497,17973.85621,61.2,122.8954388,401,1,612,102,194.8722659,496,1,479,159.6666667,270.4890632,472,3,0,0,0,0,164,104,11437.9085,6535.947712,0,233,73.33333333,108.6038115,11794.78788,0,0,0,1,0,0,0,0,0,80,66.57142857,103.5,164,0,0,0,0,0,0,7,466,4,414,8192,2053,2,20,0,0,0,0,0,0,0,0,BENIGN
88,934,9,4,626,3064,313,0,69.55555556,138.0200267,1532,0,766,884.5006124,3950749.465,13918.62955,77.83333333,218.4198764,766,0,934,116.75,301.4596633,861,1,837,279,437.0308914,783,5,0,0,0,0,204,104,9635.974304,4282.655246,0,1532,263.5714286,548.9435608,301339.033,0,0,0,1,0,0,0,0,0,283.8461538,69.55555556,766,204,0,0,0,0,0,0,9,626,4,3064,8192,2053,2,20,0,0,0,0,0,0,0,0,BENIGN
88,977,9,6,3130,3048,1565,0,347.7777778,690.1001336,1524,0,508,786.9902159,6323439.099,15353.1218,69.78571429,177.1653632,682,0,977,122.125,258.9922434,760,1,909,181.8,283.2272939,682,3,0,0,0,0,204,144,9211.873081,6141.248721,0,1565,386.125,690.8025164,477208.1167,0,0,0,1,0,0,0,0,0,411.8666667,347.7777778,508,204,0,0,0,0,0,0,9,3130,6,3048,8192,2053,2,20,0,0,0,0,0,0,0,0,BENIGN
443,7744454,14,14,5759,17325,3457,0,411.3571429,960.2359171,3121,0,1237.5,987.4540496,2980.713682,3.615490517,286831.6296,993905.4391,4293900,10,7744404,595723.3846,1393537.562,4293900,44,7698207,592169.7692,1424810.949,4345012,49,0,0,0,0,292,292,1.807745259,1.807745259,0,3457,796,1036.759546,1074870.357,0,0,0,1,0,0,0,0,1,824.4285714,411.3571429,1237.5,292,0,0,0,0,0,0,14,5759,14,17325,8192,256,5,20,0,0,0,0,0,0,0,0,BENIGN
443,4,2,0,85,0,85,0,42.5,60.1040764,0,0,0,0,21300000,500000,4,0,4,4,4,4,0,4,4,0,0,0,0,0,1,0,0,0,40,0,500000,0,0,85,56.66666667,49.07477288,2408.333333,0,1,0,0,1,0,0,0,0,85,42.5,0,40,0,0,0,0,0,0,2,85,0,0,256,-1,0,20,0,0,0,0,0,0,0,0,BENIGN
80,30931,3,4,97,179,97,0,32.33333333,56.00297611,179,0,44.75,89.5,8923.086871,226.3101743,5155.166667,7681.630645,15076,3,15290,7645,10665.99869,15187,103,15869,5289.666667,8677.169719,15304,3,0,0,0,0,72,92,96.99007468,129.3200996,0,179,34.5,67.53623366,4561.142857,0,0,0,1,0,0,0,0,1,39.42857143,32.33333333,44.75,72,0,0,0,0,0,0,3,97,4,179,8192,913,1,20,0,0,0,0,0,0,0,0,BENIGN
80,320,2,0,0,0,0,0,0,0,0,0,0,0,0,6250,320,0,320,320,320,320,0,320,320,0,0,0,0,0,0,0,0,0,40,0,6250,0,0,0,0,0,0,0,0,0,0,1,0,0,0,0,0,0,0,40,0,0,0,0,0,0,2,0,0,0,255,-1,0,20,0,0,0,0,0,0,0,0,BENIGN
88,1138,9,6,3082,3000,1541,0,342.4444444,679.5171284,1500,0,500,774.5966692,5344463.972,13181.01933,81.28571429,188.6549266,730,1,1138,142.25,292.2468379,858,1,972,194.4,308.7236628,730,3,0,0,0,0,204,144,7908.611599,5272.407733,0,1541,380.125,680.0706703,462496.1167,0,0,0,1,0,0,0,0,0,405.4666667,342.4444444,500,204,0,0,0,0,0,0,9,3082,6,3000,8192,2053,2,20,0,0,0,0,0,0,0,0,BENIGN
88,1152,7,5,2796,2836,1398,0,399.4285714,682.154151,1418,0,567.2,776.6705865,4888888.889,10416.66667,104.7272727,232.142237,792,2,1152,192,413.3850505,1034,2,987,246.75,416.0187295,866,4,0,0,0,0,164,124,6076.388889,4340.277778,0,1418,433.2307692,676.4059622,457525.0256,0,0,0,1,0,0,0,0,0,469.3333333,399.4285714,567.2,164,0,0,0,0,0,0,7,2796,5,2836,8192,2053,2,20,0,0,0,0,0,0,0,0,BENIGN
88,909,8,6,4930,258,2465,0,616.25,939.5848247,129,0,43,66.61531355,5707370.737,15401.54015,69.92307692,126.8821379,478,0,909,129.8571429,236.5702352,661,1,785,157,196.1224108,478,2,0,0,0,0,184,144,8800.880088,6600.660066,0,2465,345.8666667,729.8128788,532626.8381,0,0,0,1,0,0,0,0,0,370.5714286,616.25,43,184,0,0,0,0,0,0,8,4930,6,258,8192,2053,3,20,0,0,0,0,0,0,0,0,BENIGN
389,14649,13,12,4104,1020,1660,0,315.6923077,601.4639619,210,0,85,91.22200691,349784.9683,1706.601133,610.375,2483.271296,12229,1,14649,1220.75,3530.470768,12384,1,14587,1326.090909,3654.085534,12295,3,0,0,0,0,284,264,887.4325893,819.1685439,0,1660,197.0769231,438.4117629,192204.8738,0,0,0,1,0,0,0,0,0,204.96,315.6923077,85,284,0,0,0,0,0,0,13,4104,12,1020,8192,0,8,20,0,0,0,0,0,0,0,0,BENIGN
1049,8,2,1,0,0,0,0,0,0,0,0,0,0,0,375000,4,4.242640687,7,1,1,1,0,1,1,0,0,0,0,0,0,0,0,0,40,20,250000,125000,0,0,0,0,0,1,0,0,0,0,0,0,0,0,0,0,0,40,0,0,0,0,0,0,2,0,1,0,0,254,0,20,0,0,0,0,0,0,0,0,BENIGN
88,1176,9,6,3104,3036,1552,0,344.8888889,684.3676725,1518,0,506,783.8918293,5221088.435,12755.10204,84,204.1202511,787,1,1176,147,313.5319533,918,1,1073,214.6,327.4069333,787,2,0,0,0,0,204,144,7653.061224,5102.040816,0,1552,383.75,686.5289991,471322.0667,0,0,0,1,0,0,0,0,0,409.3333333,344.8888889,506,204,0,0,0,0,0,0,9,3104,6,3036,8192,2053,2,20,0,0,0,0,0,0,0,0,BENIGN
88,706,7,4,2794,2820,1397,0,399.1428571,681.666201,1410,0,705,814.0638796,7951841.36,15580.73654,70.6,81.23108327,273,1,706,117.6666667,174.5080705,469,1,521,173.6666667,217.6610515,425,48,0,0,0,0,164,104,9915.014164,5665.72238,0,1410,467.8333333,691.0467467,477545.6061,0,0,0,1,0,0,0,0,0,510.3636364,399.1428571,705,164,0,0,0,0,0,0,7,2794,4,2820,8192,2053,2,20,0,0,0,0,0,0,0,0,BENIGN
1054,24,1,1,0,0,0,0,0,0,0,0,0,0,0,83333.33333,24,0,24,24,0,0,0,0,0,0,0,0,0,0,0,0,0,0,20,20,41666.66667,41666.66667,0,0,0,0,0,0,0,0,0,1,0,0,0,1,0,0,0,20,0,0,0,0,0,0,1,0,1,0,2053,251,0,20,0,0,0,0,0,0,0,0,BENIGN
135,30136887,11,6,568,512,168,0,51.63636364,73.50547289,172,0,85.33333333,76.92767166,35.83648172,0.564092768,1883555.438,7480935.243,29900000,1,30100000,3013688.7,9459899.38,29900000,1,1601,320.2,472.2019695,1059,3,0,0,0,0,244,144,0.365001203,0.199091565,0,172,60,73.50070028,5402.352941,0,0,0,1,0,0,0,0,0,63.52941176,51.63636364,85.33333333,244,0,0,0,0,0,0,11,568,6,512,8192,2052,4,20,0,0,0,0,0,0,0,0,BENIGN
135,30146749,13,8,992,1096,168,0,76.30769231,85.82869044,268,0,137,104.1921302,69.26119961,0.696592525,1507337.45,6663465.603,29800000,3,30100000,2512229.083,8598835.105,29800000,3,129933,18561.85714,45065.98583,120478,3,0,0,0,0,284,184,0.431223944,0.265368581,0,268,94.90909091,95.63567231,9146.181818,0,0,0,1,0,0,0,0,0,99.42857143,76.30769231,137,284,0,0,0,0,0,0,13,992,8,1096,8192,2051,6,20,0,0,0,0,0,0,0,0,BENIGN
49671,30115431,17,12,3134,2432,912,0,184.3529412,285.8312311,952,0,202.6666667,351.7574922,184.822193,0.96296148,1075551.107,5648501.22,29900000,1,30100000,1882214.438,7470642.369,29900000,1,18647,1695.181818,2798.807632,8105,3,0,0,0,0,364,264,0.564494661,0.398466819,0,952,185.5333333,305.4802588,93318.18851,0,0,0,1,0,0,0,0,0,191.9310345,184.3529412,202.6666667,364,0,0,0,0,0,0,17,3134,12,2432,8192,2047,10,20,0,0,0,0,0,0,0,0,BENIGN
135,41,1,1,0,0,0,0,0,0,0,0,0,0,0,48780.4878,41,0,41,41,0,0,0,0,0,0,0,0,0,0,0,0,0,0,20,20,24390.2439,24390.2439,0,0,0,0,0,0,0,0,0,1,1,0,0,1,0,0,0,20,0,0,0,0,0,0,1,0,1,0,254,2051,0,20,0,0,0,0,0,0,0,0,BENIGN
135,75,1,1,0,0,0,0,0,0,0,0,0,0,0,26666.66667,75,0,75,75,0,0,0,0,0,0,0,0,0,0,0,0,0,0,20,20,13333.33333,13333.33333,0,0,0,0,0,0,0,0,0,1,1,0,0,1,0,0,0,20,0,0,0,0,0,0,1,0,1,0,255,2052,0,20,0,0,0,0,0,0,0,0,BENIGN
49671,94,2,3,0,0,0,0,0,0,0,0,0,0,0,53191.48936,23.5,34.7802626,75,1,90,90,0,90,90,80,40,55.15432893,79,1,0,0,0,0,40,60,21276.59574,31914.89362,0,0,0,0,0,0,0,0,0,1,1,0,0,1,0,0,0,40,0,0,0,0,0,0,2,0,3,0,251,2047,0,20,0,0,0,0,0,0,0,0,BENIGN
49666,30351316,25,22,6740,4402,1645,0,269.6,426.7225875,348,0,200.0909091,134.7395757,367.1010509,1.548532525,659811.2174,4426798.522,30000000,3,30400000,1264638.167,6127228.342,30000000,3,120476,5736.952381,16612.29146,73111,3,0,0,0,0,524,464,0.823687513,0.724845012,0,1645,232.125,321.6655211,103468.7074,0,0,0,1,0,0,0,0,0,237.0638298,269.6,200.0909091,524,0,0,0,0,0,0,25,6740,22,4402,8192,2052,18,20,0,0,0,0,0,0,0,0,BENIGN
49666,81,1,2,0,0,0,0,0,0,0,0,0,0,0,37037.03704,40.5,53.03300859,78,3,0,0,0,0,0,3,3,0,3,3,0,0,0,0,20,40,12345.67901,24691.35802,0,0,0,0,0,0,0,0,0,1,1,0,0,2,0,0,0,20,0,0,0,0,0,0,1,0,2,0,254,2052,0,20,0,0,0,0,0,0,0,0,BENIGN
49158,1,2,0,0,0,0,0,0,0,0,0,0,0,0,2000000,1,0,1,1,1,1,0,1,1,0,0,0,0,0,0,0,0,0,40,0,2000000,0,0,0,0,0,0,0,0,0,0,1,0,0,0,0,0,0,0,40,0,0,0,0,0,0,2,0,0,0,2052,-1,0,20,0,0,0,0,0,0,0,0,BENIGN
389,1544744,19,13,5508,9232,1660,0,289.8947368,512.5101511,2634,0,710.1538462,801.2267517,9542.034149,20.71540657,49830.45161,237173.2682,1312814,2,1544744,85819.11111,309847.1589,1312814,3,30779,2564.916667,7223.868385,25234,2,0,0,0,0,404,284,12.29977265,8.415633917,0,2634,446.6666667,661.4516548,437518.2917,0,0,0,1,0,0,0,0,0,460.625,289.8947368,710.1538462,404,0,0,0,0,0,0,19,5508,13,9232,8192,2050,10,20,0,0,0,0,0,0,0,0,BENIGN
1047,34,3,1,0,0,0,0,0,0,0,0,0,0,0,117647.0588,11.33333333,7.234178138,16,3,18,9,8.485281374,15,3,0,0,0,0,0,0,0,0,0,60,20,88235.29412,29411.76471,0,0,0,0,0,1,0,0,0,1,0,0,0,0,0,0,0,60,0,0,0,0,0,0,3,0,1,0,0,256,0,20,0,0,0,0,0,0,0,0,BENIGN
443,271082,12,14,5727,16096,3425,0,477.25,1018.120383,2920,0,1149.714286,837.7402231,80503.31634,95.91193809,10843.28,20509.55915,57358,9,270778,24616.18182,34480.58903,104267,50,224995,17307.30769,27044.2758,67208,48,0,0,0,0,252,292,44.26704835,51.64488974,0,3425,808.2592593,963.2904983,927928.584,0,0,0,1,0,0,0,0,1,839.3461538,477.25,1149.714286,252,0,0,0,0,0,0,12,5727,14,16096,8192,256,5,20,0,0,0,0,0,0,0,0,BENIGN
443,344,3,0,85,0,85,0,28.33333333,49.07477288,0,0,0,0,247093.0233,8720.930233,172,239.002092,341,3,344,172,239.002092,341,3,0,0,0,0,0,0,0,0,0,60,0,8720.930233,0,0,85,21.25,42.5,1806.25,0,0,0,0,1,0,0,0,0,28.33333333,28.33333333,0,60,0,0,0,0,0,0,3,85,0,0,256,-1,1,20,0,0,0,0,0,0,0,0,BENIGN
53,62958,1,1,48,80,48,48,48,0,80,80,80,0,2033.101433,31.76720989,62958,0,62958,62958,0,0,0,0,0,0,0,0,0,0,0,0,0,0,20,20,15.88360494,15.88360494,48,80,58.66666667,18.47520861,341.3333333,0,0,0,0,0,0,0,0,1,88,48,80,20,0,0,0,0,0,0,1,48,1,80,-1,-1,0,20,0,0,0,0,0,0,0,0,BENIGN
389,425,10,4,165,326,79,0,16.5,33.01262385,163,0,81.5,94.10809388,1155294.118,32941.17647,32.69230769,34.69722519,113,1,425,47.22222222,71.93187363,211,1,261,87,110.0363576,211,1,0,0,0,0,336,144,23529.41176,9411.764706,0,163,32.73333333,59.52006464,3542.638095,0,0,0,1,0,0,0,0,0,35.07142857,16.5,81.5,336,0,0,0,0,0,0,10,165,4,326,29200,2081,3,32,0,0,0,0,0,0,0,0,BENIGN
389,0,2,0,7,0,7,0,3.5,4.949747468,0,0,0,0,Infinity,Infinity,0,0,0,0,0,0,0,0,0,0,0,0,0,0,1,0,0,0,64,0,0,0,0,7,4.666666667,4.041451884,16.33333333,0,1,0,0,1,0,0,0,0,7,3.5,0,64,0,0,0,0,0,0,2,7,0,0,237,-1,0,32,0,0,0,0,0,0,0,0,BENIGN
88,1148,9,6,3110,3108,1555,0,345.5555556,685.6905481,1554,0,518,802.4821493,5416376.307,13066.20209,82,211.84283,814,1,1148,143.5,311.8410767,912,1,992,198.4,347.5777611,814,3,0,0,0,0,304,208,7839.721254,5226.480836,0,1555,388.625,695.1935822,483294.1167,0,0,0,1,0,0,0,0,0,414.5333333,345.5555556,518,304,0,0,0,0,0,0,9,3110,6,3108,29200,2081,2,32,0,0,0,0,0,0,0,0,BENIGN
389,121684,19,11,3412,6654,1293,0,179.5789474,400.3188057,3069,0,604.9090909,1009.026507,82722.46146,246.5402189,4196,22223.95122,119747,0,121684,6760.222222,28198.27273,119747,0,121498,12149.8,38013.152,120336,2,0,0,0,0,624,368,156.1421387,90.39808027,0,3069,324.7096774,693.6665478,481173.2796,0,0,0,1,0,0,0,0,0,335.5333333,179.5789474,604.9090909,624,0,0,0,0,0,0,19,3412,11,6654,29200,2076,10,32,0,0,0,0,0,0,0,0,BENIGN
88,1051,9,6,3110,3108,1555,0,345.5555556,685.6905481,1554,0,518,802.4821493,5916270.219,14272.12179,75.07142857,202.0314006,773,1,1051,131.375,316.345172,911,1,964,192.8,329.0610886,773,1,0,0,0,0,304,208,8563.273073,5708.848716,0,1555,388.625,695.1935822,483294.1167,0,0,0,1,0,0,0,0,0,414.5333333,345.5555556,518,304,0,0,0,0,0,0,9,3110,6,3108,29200,2081,2,32,0,0,0,0,0,0,0,0,BENIGN
389,448,10,4,165,326,79,0,16.5,33.01262385,163,0,81.5,94.10809388,1095982.143,31250,34.46153846,21.41500792,54,0,448,49.77777778,34.8488801,109,0,280,93.33333333,118.8710786,228,3,0,0,0,0,336,144,22321.42857,8928.571429,0,163,32.73333333,59.52006464,3542.638095,0,0,0,1,0,0,0,0,0,35.07142857,16.5,81.5,336,0,0,0,0,0,0,10,165,4,326,29200,2081,3,32,0,0,0,0,0,0,0,0,BENIGN
389,0,2,0,7,0,7,0,3.5,4.949747468,0,0,0,0,Infinity,Infinity,0,0,0,0,0,0,0,0,0,0,0,0,0,0,1,0,0,0,64,0,0,0,0,7,4.666666667,4.041451884,16.33333333,0,1,0,0,1,0,0,0,0,7,3.5,0,64,0,0,0,0,0,0,2,7,0,0,237,-1,0,32,0,0,0,0,0,0,0,0,BENIGN
88,1082,9,6,3110,3108,1555,0,345.5555556,685.6905481,1554,0,518,802.4821493,5746765.25,13863.21627,77.28571429,219.1369184,836,1,1082,135.25,311.436648,903,1,1003,200.6,361.5941095,836,1,0,0,0,0,304,208,8317.92976,5545.286506,0,1555,388.625,695.1935822,483294.1167,0,0,0,1,0,0,0,0,0,414.5333333,345.5555556,518,304,0,0,0,0,0,0,9,3110,6,3108,29200,2081,2,32,0,0,0,0,0,0,0,0,BENIGN
3268,16044,17,12,3412,6654,1293,0,200.7058824,419.263307,1621,0,554.5,727.5332545,627399.651,1807.529294,573,2559.212451,13599,1,16044,1002.75,3370.344483,13599,1,15165,1378.636364,4256.960706,14208,2,0,0,0,0,560,400,1059.586138,747.9431563,0,1621,335.5333333,576.3090486,332132.1195,0,0,0,1,0,0,0,0,0,347.1034483,200.7058824,554.5,560,0,0,0,0,0,0,17,3412,12,6654,29200,2076,10,32,0,0,0,0,0,0,0,0,BENIGN
88,1134,9,6,3110,3108,1555,0,345.5555556,685.6905481,1554,0,518,802.4821493,5483245.15,13227.51323,81,208.764129,801,1,1134,141.75,317.8583467,923,1,1046,209.2,334.9995522,801,1,0,0,0,0,304,208,7936.507937,5291.005291,0,1555,388.625,695.1935822,483294.1167,0,0,0,1,0,0,0,0,0,414.5333333,345.5555556,518,304,0,0,0,0,0,0,9,3110,6,3108,29200,2081,2,32,0,0,0,0,0,0,0,0,BENIGN
88,1113,9,6,3110,3108,1555,0,345.5555556,685.6905481,1554,0,518,802.4821493,5586702.606,13477.08895,79.5,207.52896,797,2,1113,139.125,318.0666765,923,2,1045,209,329.7809879,797,43,0,0,0,0,304,208,8086.253369,5390.83558,0,1555,388.625,695.1935822,483294.1167,0,0,0,1,0,0,0,0,0,414.5333333,345.5555556,518,304,0,0,0,0,0,0,9,3110,6,3108,29200,2081,2,32,0,0,0,0,0,0,0,0,BENIGN
389,334,10,4,165,326,79,0,16.5,33.01262385,163,0,81.5,94.10809388,1470059.88,41916.16766,25.69230769,22.60672693,50,1,334,37.11111111,38.67959554,108,1,219,73,85.29361055,168,3,0,0,0,0,336,144,29940.11976,11976.0479,0,163,32.73333333,59.52006464,3542.638095,0,0,0,1,0,0,0,0,0,35.07142857,16.5,81.5,336,0,0,0,0,0,0,10,165,4,326,29200,2081,3,32,0,0,0,0,0,0,0,0,BENIGN
389,1,2,0,7,0,7,0,3.5,4.949747468,0,0,0,0,7000000,2000000,1,0,1,1,1,1,0,1,1,0,0,0,0,0,1,0,0,0,64,0,2000000,0,0,7,4.666666667,4.041451884,16.33333333,0,1,0,0,1,0,0,0,0,7,3.5,0,64,0,0,0,0,0,0,2,7,0,0,237,-1,0,32,0,0,0,0,0,0,0,0,BENIGN
88,1138,9,6,3110,3108,1555,0,345.5555556,685.6905481,1554,0,518,802.4821493,5463971.88,13181.01933,81.28571429,200.4469731,773,2,1138,142.25,295.0393436,870,2,1036,207.2,322.0818219,773,2,0,0,0,0,304,208,7908.611599,5272.407733,0,1555,388.625,695.1935822,483294.1167,0,0,0,1,0,0,0,0,0,414.5333333,345.5555556,518,304,0,0,0,0,0,0,9,3110,6,3108,29200,2081,2,32,0,0,0,0,0,0,0,0,BENIGN
88,8783,9,6,3110,3108,1555,0,345.5555556,685.6905481,1554,0,518,802.4821493,707958.5563,1707.8447,627.3571429,1823.651435,6887,3,8783,1097.875,2370.844602,6887,3,1852,370.4,442.3949593,903,48,0,0,0,0,304,208,1024.70682,683.13788,0,1555,388.625,695.1935822,483294.1167,0,0,0,1,0,0,0,0,0,414.5333333,345.5555556,518,304,0,0,0,0,0,0,9,3110,6,3108,29200,2081,2,32,0,0,0,0,0,0,0,0,BENIGN
389,101443,21,12,5799,1136,2738,0,276.1428571,695.4339858,211,0,94.66666667,79.52510562,68363.51449,325.3058368,3170.09375,12365.80332,57570,1,101443,5072.15,15491.96269,57570,1,100624,9147.636364,29959.90835,99479,3,0,0,0,0,688,400,207.0128052,118.2930316,0,2738,203.9705882,551.4854038,304136.1506,0,0,0,1,0,0,0,0,0,210.1515152,276.1428571,94.66666667,688,0,0,0,0,0,0,21,5799,12,1136,29200,2081,10,32,0,0,0,0,0,0,0,0,BENIGN
389,1,2,0,39,0,39,0,19.5,27.57716447,0,0,0,0,39000000,2000000,1,0,1,1,1,1,0,1,1,0,0,0,0,0,1,0,0,0,64,0,2000000,0,0,39,26,22.5166605,507,0,1,0,0,1,0,0,0,0,39,19.5,0,64,0,0,0,0,0,0,2,39,0,0,245,-1,0,32,0,0,0,0,0,0,0,0,BENIGN
80,5195833,5,5,72,628,72,0,14.4,32.19937888,623,0,125.6,278.063482,134.7233446,1.924619209,577314.7778,1660771.441,5004689,3,191144,47786,55076.98712,95802,3,5100736,1275184,2486765.726,5004735,3,0,0,0,0,168,168,0.962309605,0.962309605,0,623,63.63636364,186.7598847,34879.25455,0,0,0,1,0,0,0,0,1,70,14.4,125.6,168,0,0,0,0,0,0,5,72,5,628,29200,227,1,32,0,0,0,0,0,0,0,0,BENIGN
443,233342,13,14,5775,16080,3441,0,444.2307692,987.1314632,3105,0,1148.571429,861.4651843,93660.80688,115.7099879,8974.692308,18034.24553,52780,4,233280,19440,26792.96977,68850,38,187182,14398.61538,24006.71984,66468,48,0,0,0,0,272,292,55.7122164,59.99777151,0,3441,780.5357143,968.3239618,937651.295,0,0,0,1,0,0,0,0,1,809.4444444,444.2307692,1148.571429,272,0,0,0,0,0,0,13,5775,14,16080,8192,256,5,20,0,0,0,0,0,0,0,0,BENIGN
443,3,2,0,85,0,85,0,42.5,60.1040764,0,0,0,0,28300000,666666.6667,3,0,3,3,3,3,0,3,3,0,0,0,0,0,1,0,0,0,40,0,666666.6667,0,0,85,56.66666667,49.07477288,2408.333333,0,1,0,0,1,0,0,0,0,85,42.5,0,40,0,0,0,0,0,0,2,85,0,0,256,-1,0,20,0,0,0,0,0,0,0,0,BENIGN
445,61385684,57,56,13950,9394,2995,0,244.7368421,455.4834765,784,0,167.75,149.3879939,380.2841066,1.840820084,548086.4643,3987765.353,30000000,2,61400000,1096172.929,5610885.324,30000000,2,61300000,1115291.055,5660771.571,30000000,2,0,0,0,0,1164,1192,0.928555264,0.912264821,0,2995,204.7807018,339.8957612,115529.1285,0,0,0,0,1,0,0,0,0,206.5929204,244.7368421,167.75,1164,0,0,0,0,0,0,57,13950,56,9394,254,2050,52,20,30016,42345.7967,59959,73,30000000,41530.50258,30000000,29900000,BENIGN
88,639,7,4,466,414,233,0,66.57142857,113.6923585,207,0,103.5,119.5115057,1377151.8,17214.3975,63.9,117.1328306,380,1,639,106.5,196.9758868,503,1,469,156.3333333,264.7155706,462,3,0,0,0,0,164,104,10954.61659,6259.780908,0,233,73.33333333,108.6038115,11794.78788,0,0,0,1,0,0,0,0,0,80,66.57142857,103.5,164,0,0,0,0,0,0,7,466,4,414,8192,2053,2,20,0,0,0,0,0,0,0,0,BENIGN
88,884,9,4,626,3064,313,0,69.55555556,138.0200267,1532,0,766,884.5006124,4174208.145,14705.88235,73.66666667,191.2220667,676,1,884,110.5,261.4738446,754,1,771,257,439.0751644,764,3,0,0,0,0,204,104,10180.99548,4524.886878,0,1532,263.5714286,548.9435608,301339.033,0,0,0,1,0,0,0,0,0,283.8461538,69.55555556,766,204,0,0,0,0,0,0,9,626,4,3064,8192,2053,2,20,0,0,0,0,0,0,0,0,BENIGN
88,1007,9,6,3176,3106,1588,0,352.8888889,700.2421803,1553,0,517.6666667,801.9657516,6238331.678,14895.72989,71.92857143,191.3882338,729,1,1007,125.875,298.1353659,854,1,923,184.6,309.2075355,729,3,0,0,0,0,204,144,8937.437934,5958.291956,0,1588,392.625,702.4070876,493375.7167,0,0,0,1,0,0,0,0,0,418.8,352.8888889,517.6666667,204,0,0,0,0,0,0,9,3176,6,3106,8192,2053,2,20,0,0,0,0,0,0,0,0,BENIGN
389,30894,13,13,4154,5688,1684,0,319.5384615,618.6711048,2634,0,437.5384615,818.9074648,318573.1857,841.5873632,1235.76,5625.253041,28213,1,30894,2574.5,8087.363752,28213,3,30807,2567.25,8136.197483,28376,1,0,0,0,0,284,284,420.7936816,420.7936816,0,2634,364.5185185,703.5309501,494955.7977,0,0,0,1,0,0,0,0,1,378.5384615,319.5384615,437.5384615,284,0,0,0,0,0,0,13,4154,13,5688,8192,0,6,20,0,0,0,0,0,0,0,0,BENIGN
443,1424808,9,11,703,3950,267,0,78.11111111,103.3022803,1448,0,359.0909091,569.9183195,3265.703168,14.03697902,74989.89474,122992.6415,412204,1,910300,113787.5,165991.0219,507210,384,1329644,132964.4,154562.9656,412204,3,0,0,0,0,296,360,6.316640558,7.72033846,0,1448,221.5714286,434.4990876,188789.4571,0,0,0,1,0,0,0,0,1,232.65,78.11111111,359.0909091,296,0,0,0,0,0,0,9,703,11,3950,29200,254,4,32,0,0,0,0,0,0,0,0,BENIGN
443,1430700,9,11,703,3950,267,0,78.11111111,103.3022803,1448,0,359.0909091,569.9183195,3252.254141,13.97917104,75300,102618.23,355903,1,979657,122457.125,136582.1894,341843,374,1335510,133551,122338.291,355903,3,0,0,0,0,296,360,6.290626966,7.688544069,0,1448,221.5714286,434.4990876,188789.4571,0,0,0,1,0,0,0,0,1,232.65,78.11111111,359.0909091,296,0,0,0,0,0,0,9,703,11,3950,29200,252,4,32,0,0,0,0,0,0,0,0,BENIGN
88,1200,9,6,3150,3086,1575,0,350,694.5097192,1543,0,514.3333333,796.8017738,5196666.667,12500,85.71428571,245.8356013,937,1,1200,150,352.6459171,1020,1,1115,223,402.1137899,937,3,0,0,0,0,204,144,7500,5000,0,1575,389.75,697.254951,486164.4667,0,0,0,1,0,0,0,0,0,415.7333333,350,514.3333333,204,0,0,0,0,0,0,9,3150,6,3086,8192,2053,2,20,0,0,0,0,0,0,0,0,BENIGN
88,498,7,4,2762,2820,1381,0,394.5714286,673.8590004,1410,0,705,814.0638796,11200000,22088.35341,49.8,100.6476803,331,1,498,83,149.6930192,384,1,413,137.6666667,232.3840213,406,3,0,0,0,0,164,104,14056.2249,8032.128514,0,1410,465.1666667,687.1523363,472178.3333,0,0,0,1,0,0,0,0,0,507.4545455,394.5714286,705,164,0,0,0,0,0,0,7,2762,4,2820,8192,2053,2,20,0,0,0,0,0,0,0,0,BENIGN
88,576,7,4,466,414,233,0,66.57142857,113.6923585,207,0,103.5,119.5115057,1527777.778,19097.22222,57.6,107.5362471,355,1,576,96,163.3327891,426,1,417,139,235.5589098,411,3,0,0,0,0,164,104,12152.77778,6944.444444,0,233,73.33333333,108.6038115,11794.78788,0,0,0,1,0,0,0,0,0,80,66.57142857,103.5,164,0,0,0,0,0,0,7,466,4,414,8192,2053,2,20,0,0,0,0,0,0,0,0,BENIGN
49169,0,1,1,0,0,0,0,0,0,0,0,0,0,NaN,Infinity,0,0,0,0,0,0,0,0,0,0,0,0,0,0,0,0,0,0,20,20,0,0,0,0,0,0,0,0,0,0,0,1,0,0,0,1,0,0,0,20,0,0,0,0,0,0,1,0,1,0,2053,255,0,20,0,0,0,0,0,0,0,0,BENIGN
88,895,9,4,626,3064,313,0,69.55555556,138.0200267,1532,0,766,884.5006124,4122905.028,14525.13966,74.58333333,191.0818284,678,1,895,111.875,233.3693807,686,1,767,255.6666667,436.7657648,760,3,0,0,0,0,204,104,10055.86592,4469.273743,0,1532,263.5714286,548.9435608,301339.033,0,0,0,1,0,0,0,0,0,283.8461538,69.55555556,766,204,0,0,0,0,0,0,9,626,4,3064,8192,2053,2,20,0,0,0,0,0,0,0,0,BENIGN
88,928,9,6,3176,3106,1588,0,352.8888889,700.2421803,1553,0,517.6666667,801.9657516,6769396.552,16163.7931,66.28571429,176.8943312,677,1,928,116,261.4339578,760,1,881,176.2,282.1953224,677,4,0,0,0,0,204,144,9698.275862,6465.517241,0,1588,392.625,702.4070876,493375.7167,0,0,0,1,0,0,0,0,0,418.8,352.8888889,517.6666667,204,0,0,0,0,0,0,9,3176,6,3106,8192,2053,2,20,0,0,0,0,0,0,0,0,BENIGN
88,981,9,6,3128,3046,1564,0,347.5555556,689.6591751,1523,0,507.6666667,786.4738182,6293577.982,15290.51988,70.07142857,174.5276986,672,1,981,122.625,269.9581647,786,1,900,180,278.6548044,672,4,0,0,0,0,204,144,9174.311927,6116.207951,0,1564,385.875,690.3553554,476590.5167,0,0,0,1,0,0,0,0,0,411.6,347.5555556,507.6666667,204,0,0,0,0,0,0,9,3128,6,3046,8192,2053,2,20,0,0,0,0,0,0,0,0,BENIGN
88,1116,9,6,3150,3086,1575,0,350,694.5097192,1543,0,514.3333333,796.8017738,5587813.62,13440.86022,79.71428571,207.0679668,796,1,1116,139.5,304.4831687,890,1,1033,206.6,333.1820824,796,3,0,0,0,0,204,144,8064.516129,5376.344086,0,1575,389.75,697.254951,486164.4667,0,0,0,1,0,0,0,0,0,415.7333333,350,514.3333333,204,0,0,0,0,0,0,9,3150,6,3086,8192,2053,2,20,0,0,0,0,0,0,0,0,BENIGN
88,495,7,4,2762,2820,1381,0,394.5714286,673.8590004,1410,0,705,814.0638796,11300000,22222.22222,49.5,88.21218107,293,1,495,82.5,148.1185336,380,1,452,150.6666667,177.8238829,356,48,0,0,0,0,164,104,14141.41414,8080.808081,0,1410,465.1666667,687.1523363,472178.3333,0,0,0,1,0,0,0,0,0,507.4545455,394.5714286,705,164,0,0,0,0,0,0,7,2762,4,2820,8192,2053,2,20,0,0,0,0,0,0,0,0,BENIGN
389,365412,15,10,4104,1020,1660,0,273.6,567.8187337,210,0,102,90.7964757,14022.528,68.41592504,15225.5,62528.0043,303109,3,365412,26100.85714,81320.26587,303109,3,2049,227.6666667,312.1846409,898,3,0,0,0,0,324,224,41.04955502,27.36637002,0,1660,197.0769231,438.4117629,192204.8738,0,0,0,1,0,0,0,0,0,204.96,273.6,102,324,0,0,0,0,0,0,15,4104,10,1020,8192,2051,8,20,0,0,0,0,0,0,0,0,BENIGN
49174,36,3,1,0,0,0,0,0,0,0,0,0,0,0,111111.1111,12,7.937253933,18,3,18,9,8.485281374,15,3,0,0,0,0,0,0,0,0,0,60,20,83333.33333,27777.77778,0,0,0,0,0,1,0,0,0,1,0,0,0,0,0,0,0,60,0,0,0,0,0,0,3,0,1,0,0,254,0,20,0,0,0,0,0,0,0,0,BENIGN
389,493863,21,13,5706,9232,1660,0,271.7142857,499.319351,2634,0,710.1538462,801.2267517,30247.25481,68.84500357,14965.54545,55299.67943,307702,2,493863,24693.15,70011.28116,307702,2,126381,10531.75,33830.01968,117801,2,0,0,0,0,444,284,42.52191397,26.3230896,0,2634,426.8,651.2650947,424146.2235,0,0,0,1,0,0,0,0,0,439.3529412,271.7142857,710.1538462,444,0,0,0,0,0,0,21,5706,13,9232,8192,2050,10,20,0,0,0,0,0,0,0,0,BENIGN
135,23970795,15,8,992,904,168,0,66.13333333,83.87564491,172,0,113,75.13036289,79.09625025,0.959500926,1089581.591,5007839,23500000,1,24000000,1712199.643,6274018.507,23500000,1,255436,36490.85714,96323.52821,254932,3,0,0,0,0,324,184,0.625761473,0.333739453,0,172,79,82.35025936,6781.565217,0,0,0,1,0,0,0,0,0,82.43478261,66.13333333,113,324,0,0,0,0,0,0,15,992,8,904,8192,2051,6,20,0,0,0,0,0,0,0,0,BENIGN
135,36,1,2,0,0,0,0,0,0,0,0,0,0,0,83333.33333,18,21.21320344,33,3,0,0,0,0,0,3,3,0,3,3,0,0,0,0,20,40,27777.77778,55555.55556,0,0,0,0,0,0,0,0,0,1,1,0,0,2,0,0,0,20,0,0,0,0,0,0,1,0,2,0,254,2051,0,20,0,0,0,0,0,0,0,0,BENIGN
1040,1,2,0,0,0,0,0,0,0,0,0,0,0,0,2000000,1,0,1,1,1,1,0,1,1,0,0,0,0,0,0,0,0,0,40,0,2000000,0,0,0,0,0,0,0,0,0,0,1,0,0,0,0,0,0,0,40,0,0,0,0,0,0,2,0,0,0,2051,-1,0,20,0,0,0,0,0,0,0,0,BENIGN
5353,12,9,0,405,0,45,45,45,0,0,0,0,0,33800000,750000,1.5,1.069044968,4,1,12,1.5,1.069044968,4,1,0,0,0,0,0,0,0,0,0,288,0,750000,0,45,45,45,0,0,0,0,0,0,0,0,0,0,0,50,45,0,288,0,0,0,0,0,0,9,405,0,0,-1,-1,8,32,0,0,0,0,0,0,0,0,BENIGN
443,285437,9,7,1689,4749,805,0,187.6666667,288.4644692,1460,0,678.4285714,650.465694,22554.88952,56.0544008,19029.13333,22058.00129,52595,3,285437,35679.625,23982.88654,62601,3,237575,39595.83333,32011.98983,71842,194,0,0,0,0,192,152,31.53060045,24.52380035,0,1460,378.7058824,518.715091,269065.3456,0,0,0,1,0,0,0,0,0,402.375,187.6666667,678.4285714,192,0,0,0,0,0,0,9,1689,7,4749,8192,256,4,20,0,0,0,0,0,0,0,0,BENIGN
389,28608,11,4,172,326,79,0,15.63636364,31.4492376,163,0,81.5,94.10809388,17407.71812,524.3288591,2043.428571,7537.64263,28232,1,28608,2860.8,8914.631416,28232,1,28427,9475.666667,16406.27393,28420,3,0,0,0,0,368,144,384.50783,139.8210291,0,163,31.125,57.86060836,3347.85,0,0,0,1,0,0,0,0,0,33.2,15.63636364,81.5,368,0,0,0,0,0,0,11,172,4,326,29200,2081,4,32,0,0,0,0,0,0,0,0,BENIGN
88,1087,9,6,3110,3108,1555,0,345.5555556,685.6905481,1554,0,518,802.4821493,5720331.187,13799.44802,77.64285714,210.0800606,804,1,1087,135.875,309.4107014,898,1,995,199,342.4083819,804,3,0,0,0,0,304,208,8279.668813,5519.779209,0,1555,388.625,695.1935822,483294.1167,0,0,0,1,0,0,0,0,0,414.5333333,345.5555556,518,304,0,0,0,0,0,0,9,3110,6,3108,29200,2081,2,32,0,0,0,0,0,0,0,0,BENIGN
389,337,11,4,172,326,79,0,15.63636364,31.4492376,163,0,81.5,94.10809388,1477744.807,44510.38576,24.07142857,21.87187968,49,0,337,33.7,38.0848468,102,0,256,85.33333333,62.93117934,158,49,0,0,0,0,368,144,32640.94955,11869.4362,0,163,31.125,57.86060836,3347.85,0,0,0,1,0,0,0,0,0,33.2,15.63636364,81.5,368,0,0,0,0,0,0,11,172,4,326,29200,2081,4,32,0,0,0,0,0,0,0,0,BENIGN
58892,2,1,1,0,0,0,0,0,0,0,0,0,0,0,1000000,2,0,2,2,0,0,0,0,0,0,0,0,0,0,0,0,0,0,32,32,500000,500000,0,0,0,0,0,0,0,0,0,1,0,0,0,1,0,0,0,32,0,0,0,0,0,0,1,0,1,0,2081,237,0,32,0,0,0,0,0,0,0,0,BENIGN
88,1113,9,6,3110,3106,1555,0,345.5555556,685.6905481,1553,0,517.6666667,801.9657516,5584905.66,13477.08895,79.5,198.0111691,764,1,1113,139.125,289.7153468,854,2,1024,204.8,314.0409209,764,47,0,0,0,0,304,208,8086.253369,5390.83558,0,1555,388.5,694.9701193,482983.4667,0,0,0,1,0,0,0,0,0,414.4,345.5555556,517.6666667,304,0,0,0,0,0,0,9,3110,6,3106,29200,2081,2,32,0,0,0,0,0,0,0,0,BENIGN
88,642,7,4,468,444,234,0,66.85714286,114.1803085,222,0,111,128.1717598,1420560.748,17133.95639,64.2,123.6004315,403,1,642,107,198.6121849,507,1,480,160,271.9319768,474,3,0,0,0,0,164,104,10903.42679,6230.529595,0,234,76,112.3177311,12615.27273,0,0,0,1,0,0,0,0,0,82.90909091,66.85714286,111,164,0,0,0,0,0,0,7,468,4,444,8192,2053,2,20,0,0,0,0,0,0,0,0,BENIGN
88,60,1,4,0,0,0,0,0,0,0,0,0,0,0,83333.33333,15,22.4053565,48,1,0,0,0,0,0,50,16.66666667,27.13546265,48,1,0,0,0,0,20,80,16666.66667,66666.66667,0,0,0,0,0,0,0,0,0,1,1,0,0,4,0,0,0,20,0,0,0,0,0,0,1,0,4,0,255,0,0,20,0,0,0,0,0,0,0,0,BENIGN
88,888,9,4,628,3064,314,0,69.77777778,138.4609853,1532,0,766,884.5006124,4157657.658,14639.63964,74,179.7781461,642,1,888,111,231.5920058,681,1,807,269,381.9175304,710,48,0,0,0,0,204,104,10135.13514,4504.504505,0,1532,263.7142857,548.9575335,301354.3736,0,0,0,1,0,0,0,0,0,284,69.77777778,766,204,0,0,0,0,0,0,9,628,4,3064,8192,2053,2,20,0,0,0,0,0,0,0,0,BENIGN
88,80,1,4,0,0,0,0,0,0,0,0,0,0,0,62500,20,31.10198279,66,1,0,0,0,0,0,68,22.66666667,37.5277675,66,1,0,0,0,0,20,80,12500,50000,0,0,0,0,0,0,0,0,0,1,1,0,0,4,0,0,0,20,0,0,0,0,0,0,1,0,4,0,256,0,0,20,0,0,0,0,0,0,0,0,BENIGN
88,1002,9,6,3064,2990,1532,0,340.4444444,675.5485014,1495,0,498.3333333,772.0146803,6041916.168,14970.05988,71.57142857,179.0817236,691,1,1002,125.25,275.2483294,804,1,929,185.8,283.0780811,691,47,0,0,0,0,204,144,8982.035928,5988.023952,0,1532,378.375,676.9251928,458227.7167,0,0,0,1,0,0,0,0,0,403.6,340.4444444,498.3333333,204,0,0,0,0,0,0,9,3064,6,2990,8192,2053,2,20,0,0,0,0,0,0,0,0,BENIGN
389,8062,13,11,5754,940,1684,0,442.6153846,660.3381127,210,0,85.45454545,99.28581332,830315.0583,2976.928802,350.5217391,952.3574992,3974,3,8062,671.8333333,1294.378814,4056,3,8003,800.3,1458.091755,4225,3,0,0,0,0,284,244,1612.503101,1364.425701,0,1684,267.76,506.8647321,256911.8567,0,0,0,1,0,0,0,0,0,278.9166667,442.6153846,85.45454545,284,0,0,0,0,0,0,13,5754,11,940,8192,0,8,20,0,0,0,0,0,0,0,0,BENIGN
389,15337,23,19,5740,7080,1684,0,249.5652174,465.0147433,2634,0,372.6315789,672.7114464,835887.0705,2738.475582,374.0731707,1700.801258,10920,2,15337,697.1363636,2346.607547,11072,3,4320,240,331.7087667,1094,2,0,0,0,0,484,404,1499.64139,1238.834192,0,2634,298.1395349,559.5825647,313132.6467,0,0,0,1,0,0,0,0,0,305.2380952,249.5652174,372.6315789,484,0,0,0,0,0,0,23,5740,19,7080,8192,2050,16,20,0,0,0,0,0,0,0,0,BENIGN
135,53143244,25,14,1792,1864,156,0,71.68,76.8714945,240,0,133.1428571,71.23402076,68.79519813,0.733865626,1398506.421,6485760.75,39200000,1,53100000,2214301.833,8110793.97,39200000,3,13900000,1067252.923,2574257.847,7435371,1,0,0,0,0,524,304,0.470426683,0.263438942,0,240,91.4,80.10531529,6416.861538,0,0,0,1,0,0,0,0,0,93.74358974,71.68,133.1428571,524,0,0,0,0,0,0,25,1792,14,1864,8192,2050,12,20,152583,135623.0806,248483,56683,6784455.5,840394.2881,7378704,6190207,BENIGN
49666,53116357,53,46,16752,7366,1749,0,316.0754717,515.1362721,300,0,160.1304348,98.75730267,454.0597541,1.863832642,542003.6429,4051437.438,39100000,1,53100000,1021468.404,5542535.636,39100000,1,14000000,310438.4444,1429978.405,7432516,1,0,0,0,0,1084,944,0.997809394,0.866023248,0,1749,241.18,387.891513,150459.8259,0,0,0,1,0,0,0,0,0,243.6161616,316.0754717,160.1304348,1084,0,0,0,0,0,0,53,16752,46,7366,8192,2053,38,20,138776,117077.084,221562,55990,6784965.5,840127.0018,7379025,6190906,BENIGN
135,43,1,3,0,0,0,0,0,0,0,0,0,0,0,93023.25581,14.33333333,23.96525262,42,0,0,0,0,0,0,1,0.5,0.707106781,1,0,0,0,0,0,20,60,23255.81395,69767.44186,0,0,0,0,0,0,0,0,0,1,1,0,0,3,0,0,0,20,0,0,0,0,0,0,1,0,3,0,253,2050,0,20,0,0,0,0,0,0,0,0,BENIGN
49666,15,1,3,0,0,0,0,0,0,0,0,0,0,0,266666.6667,5,4.582575695,10,1,0,0,0,0,0,11,5.5,6.363961031,10,1,0,0,0,0,20,60,66666.66667,200000,0,0,0,0,0,0,0,0,0,1,1,0,0,3,0,0,0,20,0,0,0,0,0,0,1,0,3,0,254,2053,0,20,0,0,0,0,0,0,0,0,BENIGN
389,280404,21,12,5803,1138,2740,0,276.3333333,695.933857,212,0,94.83333333,79.79158458,24753.56985,117.6873368,8762.625,42292.32027,237113,1,280404,14020.2,53305.37804,237113,1,279498,25408.90909,83865.68598,278273,3,0,0,0,0,688,400,74.89194163,42.79539522,0,2740,204.1470588,551.884108,304576.0686,0,0,0,1,0,0,0,0,0,210.3333333,276.3333333,94.83333333,688,0,0,0,0,0,0,21,5803,12,1138,29200,2081,10,32,0,0,0,0,0,0,0,0,BENIGN
389,1,2,0,39,0,39,0,19.5,27.57716447,0,0,0,0,39000000,2000000,1,0,1,1,1,1,0,1,1,0,0,0,0,0,1,0,0,0,64,0,2000000,0,0,39,26,22.5166605,507,0,1,0,0,1,0,0,0,0,39,19.5,0,64,0,0,0,0,0,0,2,39,0,0,245,-1,0,32,0,0,0,0,0,0,0,0,BENIGN
80,39620158,4,4,236,1809,236,0,59,118,1809,0,452.25,904.5,51.61513995,0.201917418,5660022.571,14900000,39500000,17,74650,24883.33333,21468.40251,37717,99,39600000,13200000,22800000,39500000,872,0,0,0,0,92,92,0.100958709,0.100958709,0,1809,227.2222222,598.2795705,357938.4444,0,0,0,1,0,0,0,0,1,255.625,59,452.25,92,0,0,0,0,0,0,4,236,4,1809,8192,946,1,20,0,0,0,0,0,0,0,0,BENIGN
80,55,2,0,0,0,0,0,0,0,0,0,0,0,0,36363.63636,55,0,55,55,55,55,0,55,55,0,0,0,0,0,0,0,0,0,40,0,36363.63636,0,0,0,0,0,0,0,0,0,0,1,0,0,0,0,0,0,0,40,0,0,0,0,0,0,2,0,0,0,256,-1,0,20,0,0,0,0,0,0,0,0,BENIGN
135,19268460,19,10,1328,1440,168,0,69.89473684,84.2363703,268,0,144,93.06628462,143.6544488,1.505050222,688159.2857,2853502.689,14900000,3,19300000,1070470,3535371.131,14900000,3,4289553,476617,1069877.415,3145791,3,0,0,0,0,404,224,0.986067387,0.518982835,0,268,92.26666667,92.933396,8636.616092,0,0,0,1,0,0,0,0,0,95.44827586,69.89473684,144,404,0,0,0,0,0,0,19,1328,10,1440,8192,2051,8,20,0,0,0,0,0,0,0,0,BENIGN
49671,19266992,19,14,3646,2672,920,0,191.8947368,272.6032719,952,0,190.8571429,324.9593719,327.9183383,1.712773847,602093.5,3396009.647,19200000,1,19300000,1070388.444,4527671.43,19200000,1,2948,226.7692308,395.8419621,1431,3,0,0,0,0,404,304,0.986142518,0.726631329,0,952,185.8235294,288.4647419,83211.90731,0,0,0,1,0,0,0,0,0,191.4545455,191.8947368,190.8571429,404,0,0,0,0,0,0,19,3646,14,2672,8192,2053,12,20,0,0,0,0,0,0,0,0,BENIGN
135,65,1,1,0,0,0,0,0,0,0,0,0,0,0,30769.23077,65,0,65,65,0,0,0,0,0,0,0,0,0,0,0,0,0,0,20,20,15384.61538,15384.61538,0,0,0,0,0,0,0,0,0,1,1,0,0,1,0,0,0,20,0,0,0,0,0,0,1,0,1,0,253,2051,0,20,0,0,0,0,0,0,0,0,BENIGN
49671,54,1,3,0,0,0,0,0,0,0,0,0,0,0,74074.07407,18,27.73084925,50,1,0,0,0,0,0,4,2,1.414213562,3,1,0,0,0,0,20,60,18518.51852,55555.55556,0,0,0,0,0,0,0,0,0,1,1,0,0,3,0,0,0,20,0,0,0,0,0,0,1,0,3,0,251,2053,0,20,0,0,0,0,0,0,0,0,BENIGN
80,32222867,2,0,0,0,0,0,0,0,0,0,0,0,0,0.062067724,32200000,0,32200000,32200000,32200000,32200000,0,32200000,32200000,0,0,0,0,0,0,0,0,0,64,0,0.062067724,0,0,0,0,0,0,0,0,0,0,1,0,0,0,0,0,0,0,64,0,0,0,0,0,0,2,0,0,0,238,-1,0,32,0,0,0,0,0,0,0,0,BENIGN
3268,112987750,46,27,9834,7806,1337,0,213.7826087,306.1758328,3069,0,289.1111111,680.2870623,156.1231195,0.64608774,1569274.306,4814455.211,16400000,1,113000000,2510838.889,5914777.848,16400000,1,113000000,4345676.692,7303207.374,16400000,2,0,0,0,0,1488,880,0.407123781,0.238963958,0,3069,238.3783784,474.0551006,224728.2384,0,0,0,1,0,0,0,0,0,241.6438356,213.7826087,289.1111111,1488,0,0,0,0,0,0,46,9834,27,7806,29200,255,24,32,9804.285714,24847.02908,66152,363,16100000,499009.5254,16400000,15400000,BENIGN
389,112962280,46,27,9834,11710,1337,0,213.7826087,306.1758328,3069,0,433.7037037,642.2746725,190.7185301,0.646233415,1568920.556,4813490.832,16400000,1,113000000,2510272.889,5913603.333,16400000,1,113000000,4344698.5,7301900.373,16400000,3,0,0,0,0,1488,880,0.407215577,0.239017839,0,3069,291.1351351,466.0044777,217160.1733,0,0,0,1,0,0,0,0,0,295.1232877,213.7826087,433.7037037,1488,0,0,0,0,0,0,46,9834,27,11710,29200,2076,24,32,9393.428571,23989.27995,63796,318,16100000,496964.8891,16400000,15400000,BENIGN
80,5194319,5,5,72,651,72,0,14.4,32.19937888,646,0,130.2,288.349094,139.1905272,1.925180182,577146.5556,1660875.775,5004817,1,189502,47375.5,54585.37525,95028,3,5100152,1275038,2486970.926,5004899,1,0,0,0,0,168,168,0.962590091,0.962590091,0,646,65.72727273,193.650247,37500.41818,0,0,0,1,0,0,0,0,1,72.3,14.4,130.2,168,0,0,0,0,0,0,5,72,5,651,29200,114,1,32,0,0,0,0,0,0,0,0,BENIGN
49666,53968545,25,20,6732,3426,1749,0,269.28,459.9004892,348,0,171.3,119.9947806,188.2207497,0.833819033,1226557.841,8062686.877,53500000,1,54000000,2248689.375,10900000,53500000,1,276696,14562.94737,62718.82832,273558,3,0,0,0,0,524,424,0.463232796,0.370586237,0,1749,220.826087,349.802948,122362.1024,0,0,0,1,0,0,0,0,0,225.7333333,269.28,171.3,524,0,0,0,0,0,0,25,6732,20,3426,8192,2048,16,20,0,0,0,0,0,0,0,0,BENIGN
49666,56,1,1,0,0,0,0,0,0,0,0,0,0,0,35714.28571,56,0,56,56,0,0,0,0,0,0,0,0,0,0,0,0,0,0,20,20,17857.14286,17857.14286,0,0,0,0,0,0,0,0,0,1,1,0,0,1,0,0,0,20,0,0,0,0,0,0,1,0,1,0,256,2048,0,20,0,0,0,0,0,0,0,0,BENIGN
80,55468794,4,4,235,2117,235,0,58.75,117.5,2117,0,529.25,1058.5,42.40221989,0.144225238,7924113.429,20900000,55400000,49,75094,25031.33333,21568.22536,37844,130,55400000,18500000,32000000,55400000,990,0,0,0,0,92,92,0.072112619,0.072112619,0,2117,261.3333333,700.2015781,490282.25,0,0,0,1,0,0,0,0,1,294,58.75,529.25,92,0,0,0,0,0,0,4,235,4,2117,8192,946,1,20,0,0,0,0,0,0,0,0,BENIGN
80,49,2,0,0,0,0,0,0,0,0,0,0,0,0,40816.32653,49,0,49,49,49,49,0,49,49,0,0,0,0,0,0,0,0,0,40,0,40816.32653,0,0,0,0,0,0,0,0,0,0,1,0,0,0,0,0,0,0,40,0,0,0,0,0,0,2,0,0,0,256,-1,0,20,0,0,0,0,0,0,0,0,BENIGN
0,118903732,477,0,0,0,0,0,0,0,0,0,0,0,0,4.011648684,249797.7563,1899108.881,33800000,0,119000000,249797.7563,1899108.881,33800000,0,0,0,0,0,0,0,0,0,0,0,0,4.011648684,0,0,0,0,0,0,0,0,0,0,0,0,0,0,0,0,0,0,0,0,0,0,0,0,0,477,0,0,0,-1,-1,0,0,18000000,12900000,29800000,4182193,21600000,10700000,33800000,13700000,BENIGN
80,4835287,2,0,0,0,0,0,0,0,0,0,0,0,0,0.413625913,4835287,0,4835287,4835287,4835287,4835287,0,4835287,4835287,0,0,0,0,0,0,0,0,0,64,0,0.413625913,0,0,0,0,0,0,0,0,0,0,1,0,0,0,0,0,0,0,64,0,0,0,0,0,0,2,0,0,0,239,-1,0,32,0,0,0,0,0,0,0,0,BENIGN
88,604,7,4,440,356,220,0,62.85714286,107.349008,178,0,89,102.7683479,1317880.795,18211.92053,60.4,133.003091,435,1,604,100.6666667,182.5679782,467,1,535,178.3333333,303.6862416,529,3,0,0,0,0,164,104,11589.40397,6622.516556,0,220,66.33333333,98.79577957,9760.606061,0,0,0,1,0,0,0,0,0,72.36363636,62.85714286,89,164,0,0,0,0,0,0,7,440,4,356,8192,2053,2,20,0,0,0,0,0,0,0,0,BENIGN
88,928,9,4,600,2942,300,0,66.66666667,132.2875656,1471,0,735.5,849.282246,3816810.345,14008.62069,77.33333333,172.7517048,620,1,928,116,243.4578286,715,1,717,239,373.1005226,669,1,0,0,0,0,204,104,9698.275862,4310.344828,0,1471,253,527.0787417,277812,0,0,0,1,0,0,0,0,0,272.4615385,66.66666667,735.5,204,0,0,0,0,0,0,9,600,4,2942,8192,2053,2,20,0,0,0,0,0,0,0,0,BENIGN
88,1144,7,4,2730,2780,1365,0,390,666.0517998,1390,0,695,802.5168742,4816433.566,9615.384615,114.4,236.5380871,770,0,1144,190.6666667,396.1811034,998,1,917,305.6666667,487.56162,868,1,0,0,0,0,164,104,6118.881119,3496.503497,0,1390,459.1666667,678.2760009,460058.3333,0,0,0,1,0,0,0,0,0,500.9090909,390,695,164,0,0,0,0,0,0,7,2730,4,2780,8192,2053,2,20,0,0,0,0,0,0,0,0,BENIGN
88,966,9,6,3054,2972,1527,0,339.3333333,673.3437087,1486,0,495.3333333,767.3671003,6238095.238,15527.95031,69,193.8266474,739,0,966,120.75,288.6395429,833,1,930,186,312.8194367,739,1,0,0,0,0,204,144,9316.770186,6211.180124,0,1527,376.625,673.8104456,454020.5167,0,0,0,1,0,0,0,0,0,401.7333333,339.3333333,495.3333333,204,0,0,0,0,0,0,9,3054,6,2972,8192,2053,2,20,0,0,0,0,0,0,0,0,BENIGN
389,4036,13,11,4076,1020,1646,0,313.5384615,596.249195,210,0,92.72727273,91.46266004,1262636.274,5946.481665,175.4782609,407.0568276,1701,1,4036,336.3333333,575.2944437,1701,1,3994,399.4,576.4620446,1733,47,0,0,0,0,284,244,3221.010902,2725.470763,0,1646,203.84,441.7581993,195150.3067,0,0,0,1,0,0,0,0,0,212.3333333,313.5384615,92.72727273,284,0,0,0,0,0,0,13,4076,11,1020,8192,0,8,20,0,0,0,0,0,0,0,0,BENIGN
389,523735,15,11,4814,3970,1660,0,320.9333333,569.2956132,1268,0,360.9090909,488.3786348,16771.84072,49.64342654,20949.4,72190.35539,300168,2,523735,37409.64286,94692.7255,300168,3,523702,52370.2,162397.4373,514540,3,0,0,0,0,324,244,28.64043839,21.00298815,0,1660,325.3333333,520.4493621,270867.5385,0,0,0,1,0,0,0,0,0,337.8461538,320.9333333,360.9090909,324,0,0,0,0,0,0,15,4814,11,3970,8192,0,8,20,0,0,0,0,0,0,0,0,BENIGN
1061,47,1,1,0,0,0,0,0,0,0,0,0,0,0,42553.19149,47,0,47,47,0,0,0,0,0,0,0,0,0,0,0,0,0,0,20,20,21276.59574,21276.59574,0,0,0,0,0,1,0,0,0,1,0,0,0,1,0,0,0,20,0,0,0,0,0,0,1,0,1,0,0,256,0,20,0,0,0,0,0,0,0,0,BENIGN
80,5194640,5,5,72,628,72,0,14.4,32.19937888,623,0,125.6,278.063482,134.7542852,1.925061217,577182.2222,1660314.706,5003340,4,191300,47825,55090.01577,95921,4,5099552,1274888,2486065.067,5003389,4,0,0,0,0,168,168,0.962530608,0.962530608,0,623,63.63636364,186.7598847,34879.25455,0,0,0,1,0,0,0,0,1,70,14.4,125.6,168,0,0,0,0,0,0,5,72,5,628,29200,227,1,32,0,0,0,0,0,0,0,0,BENIGN
3268,58230081,21,13,4102,6798,1293,0,195.3333333,388.1216734,3069,0,522.9230769,942.6004333,187.1884739,0.583890653,1764547.909,10100000,58100000,1,58200000,2911504.05,13000000,58100000,1,42542,3545.166667,11834.15326,41120,3,0,0,0,0,688,432,0.360638344,0.223252308,0,3069,311.4285714,656.1077873,430477.4286,0,0,0,1,0,0,0,0,0,320.5882353,195.3333333,522.9230769,688,0,0,0,0,0,0,21,4102,13,6798,29200,2081,10,32,0,0,0,0,0,0,0,0,BENIGN
389,58251194,27,19,5104,8670,1293,0,189.037037,341.6459573,3069,0,456.3157895,774.3691377,236.4586724,0.789683384,1294470.978,8673753.923,58200000,1,58300000,2240430.538,11400000,58200000,1,64332,3574,11186.42385,45688,3,0,0,0,0,880,624,0.463509812,0.326173572,0,3069,293.0638298,565.5483835,319844.9741,0,0,0,1,0,0,0,0,0,299.4347826,189.037037,456.3157895,880,0,0,0,0,0,0,27,5104,19,8670,29200,2078,16,32,0,0,0,0,0,0,0,0,BENIGN
49666,46115502,27,22,7132,4370,1793,0,264.1481481,454.3006209,348,0,198.6363636,133.1853508,249.4172133,1.062549422,960739.625,6479645.659,44900000,3,46100000,1773673.154,8799645.838,44900000,3,1144476,54498.85714,242190.1206,1111150,3,0,0,0,0,564,464,0.585486416,0.477063006,0,1793,230.04,345.3671788,119278.4882,0,0,0,1,0,0,0,0,0,234.7346939,264.1481481,198.6363636,564,0,0,0,0,0,0,27,7132,22,4370,8192,2052,18,20,0,0,0,0,0,0,0,0,BENIGN
49666,68,1,1,0,0,0,0,0,0,0,0,0,0,0,29411.76471,68,0,68,68,0,0,0,0,0,0,0,0,0,0,0,0,0,0,20,20,14705.88235,14705.88235,0,0,0,0,0,0,0,0,0,1,1,0,0,1,0,0,0,20,0,0,0,0,0,0,1,0,1,0,254,2052,0,20,0,0,0,0,0,0,0,0,BENIGN
443,2929494,9,10,703,3950,267,0,78.11111111,103.3022803,1953,0,395,712.4845417,1588.328906,6.485761705,162749.6667,289420.3893,878143,3,2058449,257306.125,388742.5759,973276,243,2834390,314932.2222,357172.1116,878143,4,0,0,0,0,296,328,3.072202913,3.413558792,0,1953,232.65,522.4799442,272985.2921,0,0,0,1,0,0,0,0,1,244.8947368,78.11111111,395,296,0,0,0,0,0,0,9,703,10,3950,29200,252,4,32,0,0,0,0,0,0,0,0,BENIGN
443,3047100,9,11,703,3950,267,0,78.11111111,103.3022803,1448,0,359.0909091,569.9183195,1527.025697,6.563617866,160373.6842,307466.7296,1072676,4,2145892,268236.5,425961.5334,1167844,192,2951836,295183.6,384676.1944,1072676,4,0,0,0,0,296,360,2.95362804,3.609989826,0,1448,221.5714286,434.4990876,188789.4571,0,0,0,1,0,0,0,0,1,232.65,78.11111111,359.0909091,296,0,0,0,0,0,0,9,703,11,3950,29200,254,4,32,0,0,0,0,0,0,0,0,BENIGN
135,14241853,11,6,656,560,168,0,59.63636364,82.78076193,172,0,93.33333333,77.75517132,85.38214796,1.193664897,890115.8125,3507027.835,14000000,1,14200000,1424185.3,4433240.813,14000000,1,615,123,156.2113952,366,4,0,0,0,0,244,144,0.772371404,0.421293493,0,172,67.55555556,79.70402767,6352.732026,0,0,0,1,0,0,0,0,0,71.52941176,59.63636364,93.33333333,244,0,0,0,0,0,0,11,656,6,560,8192,2052,4,20,0,0,0,0,0,0,0,0,BENIGN
135,70,1,1,0,0,0,0,0,0,0,0,0,0,0,28571.42857,70,0,70,70,0,0,0,0,0,0,0,0,0,0,0,0,0,0,20,20,14285.71429,14285.71429,0,0,0,0,0,0,0,0,0,1,1,0,0,1,0,0,0,20,0,0,0,0,0,0,1,0,1,0,255,2052,0,20,0,0,0,0,0,0,0,0,BENIGN
443,60624199,13,11,7510,4897,1957,0,577.6923077,686.8357864,1460,0,445.1818182,562.2139838,204.6542504,0.395881519,2635834.739,12500000,60000000,31,60600000,5052016.583,17300000,60000000,231,560751,56075.1,34474.95071,112915,48,0,0,0,0,272,232,0.214435823,0.181445696,0,1957,496.28,618.565041,382622.71,0,0,0,1,0,0,0,0,0,516.9583333,577.6923077,445.1818182,272,0,0,0,0,0,0,13,7510,11,4897,8192,513,8,20,0,0,0,0,0,0,0,0,BENIGN
443,78051514,16,13,7086,5564,885,0,442.875,411.9708525,1460,0,428,489.2076928,162.0724487,0.371549487,2787554.071,14600000,77100000,49,78100000,5203434.267,19900000,77100000,724,807003,67250.25,34792.77627,119108,49,0,0,0,0,332,272,0.204992821,0.166556667,0,1460,421.6666667,439.5613278,193214.1609,0,0,0,1,0,0,0,0,0,436.2068966,442.875,428,332,0,0,0,0,0,0,16,7086,13,5564,8192,513,10,20,0,0,0,0,0,0,0,0,BENIGN
49666,48875559,11,6,890,912,224,0,80.90909091,112.2608164,328,0,152,147.8593927,36.86914353,0.347822109,3054722.438,12200000,48700000,1,48900000,4887555.9,15400000,48700000,1,688,137.6,164.8083736,408,3,0,0,0,0,244,144,0.225061365,0.122760744,0,328,100.1111111,124.9870059,15621.75163,0,0,0,1,0,0,0,0,0,106,80.90909091,152,244,0,0,0,0,0,0,11,890,6,912,8192,2052,4,20,0,0,0,0,0,0,0,0,BENIGN
135,48876641,11,6,656,560,168,0,59.63636364,82.78076193,172,0,93.33333333,77.75517132,24.87896007,0.347814409,3054790.063,12200000,48700000,1,48900000,4887664.1,15400000,48700000,1,613,122.6,127.2686136,296,1,0,0,0,0,244,144,0.225056382,0.122758027,0,172,67.55555556,79.70402767,6352.732026,0,0,0,1,0,0,0,0,0,71.52941176,59.63636364,93.33333333,244,0,0,0,0,0,0,11,656,6,560,8192,2052,4,20,0,0,0,0,0,0,0,0,BENIGN
49666,39,1,1,0,0,0,0,0,0,0,0,0,0,0,51282.05128,39,0,39,39,0,0,0,0,0,0,0,0,0,0,0,0,0,0,20,20,25641.02564,25641.02564,0,0,0,0,0,0,0,0,0,1,1,0,0,1,0,0,0,20,0,0,0,0,0,0,1,0,1,0,254,2052,0,20,0,0,0,0,0,0,0,0,BENIGN
135,87,1,3,0,0,0,0,0,0,0,0,0,0,0,45977.01149,29,24.57641145,47,1,0,0,0,0,0,48,24,32.52691193,47,1,0,0,0,0,20,60,11494.25287,34482.75862,0,0,0,0,0,0,0,0,0,1,1,0,0,3,0,0,0,20,0,0,0,0,0,0,1,0,3,0,255,2052,0,20,0,0,0,0,0,0,0,0,BENIGN
123,86388852,6,6,288,288,48,48,48,0,48,48,48,0,6.667526963,0.138906812,7853532,25600000,84900000,3,86400000,17300000,37800000,84900000,3,86400000,17300000,37800000,84900000,3,0,0,0,0,144,144,0.069453406,0.069453406,48,48,48,0,0,0,0,0,0,0,0,0,0,1,52,48,48,144,0,0,0,0,0,0,6,288,6,288,-1,-1,5,20,139,0,139,139,84900000,0,84900000,84900000,BENIGN
0,343183,2,0,0,0,0,0,0,0,0,0,0,0,0,5.8277945,343183,0,343183,343183,343183,343183,0,343183,343183,0,0,0,0,0,0,0,0,0,0,0,5.8277945,0,0,0,0,0,0,0,0,0,0,0,0,0,0,0,0,0,0,0,0,0,0,0,0,0,2,0,0,0,-1,-1,0,0,0,0,0,0,0,0,0,0,BENIGN
137,1614495,27,0,1350,0,50,50,50,0,0,0,0,0,836.1747791,16.72349558,62095.96154,219359.7573,807336,1,1614495,62095.96154,219359.7573,807336,1,0,0,0,0,0,0,0,0,0,864,0,16.72349558,0,50,50,50,0,0,0,0,0,0,0,0,0,0,0,51.85185185,50,0,864,0,0,0,0,0,0,27,1350,0,0,-1,-1,26,32,0,0,0,0,0,0,0,0,BENIGN
49666,34239094,19,16,5742,2858,1755,0,302.2105263,523.96889,348,0,178.625,136.5527371,251.1748705,1.02222331,1007032.176,5836701.858,34000000,2,34200000,1902171.889,8020434.157,34000000,2,3980,265.3333333,421.4667699,1616,3,0,0,0,0,404,344,0.554921225,0.467302085,0,1755,238.8888889,393.2588953,154652.5587,0,0,0,1,0,0,0,0,0,245.7142857,302.2105263,178.625,404,0,0,0,0,0,0,19,5742,16,2858,8192,2048,12,20,0,0,0,0,0,0,0,0,BENIGN
49666,93,1,1,0,0,0,0,0,0,0,0,0,0,0,21505.37634,93,0,93,93,0,0,0,0,0,0,0,0,0,0,0,0,0,0,20,20,10752.68817,10752.68817,0,0,0,0,0,0,0,0,0,1,1,0,0,1,0,0,0,20,0,0,0,0,0,0,1,0,1,0,251,2048,0,20,0,0,0,0,0,0,0,0,BENIGN
80,104952660,5,3,287,241,287,0,57.4,128.3503019,241,0,80.33333333,139.1414149,5.030839619,0.076224843,15000000,39600000,105000000,46,105000000,26200000,52400000,105000000,54,38890,19445,27113.30242,38617,273,0,0,0,0,112,72,0.047640527,0.028584316,0,287,58.66666667,116.9796991,13684.25,0,0,0,1,0,0,0,0,0,66,57.4,80.33333333,112,0,0,0,0,0,0,5,287,3,241,8192,946,1,20,0,0,0,0,0,0,0,0,BENIGN
443,301305,12,16,5695,17600,3393,0,474.5833333,1009.704859,2920,0,1100,809.6755729,77313.68547,92.92909178,11159.44444,19811.04936,52218,7,255487,23226.09091,30733.26124,86678,52,253896,16926.4,25131.52901,68802,159,0,0,0,0,252,332,39.82675362,53.10233816,0,3393,803.2758621,933.476639,871378.6355,0,0,0,1,0,0,0,0,1,831.9642857,474.5833333,1100,252,0,0,0,0,0,0,12,5695,16,17600,8192,256,5,20,0,0,0,0,0,0,0,0,BENIGN
443,409,3,0,85,0,85,0,28.33333333,49.07477288,0,0,0,0,207823.9609,7334.963325,204.5,221.3244225,361,48,409,204.5,221.3244225,361,48,0,0,0,0,0,0,0,0,0,60,0,7334.963325,0,0,85,21.25,42.5,1806.25,0,0,0,0,1,0,0,0,0,28.33333333,28.33333333,0,60,0,0,0,0,0,0,3,85,0,0,256,-1,1,20,0,0,0,0,0,0,0,0,BENIGN
443,103906809,9,7,2243,4659,1557,0,249.2222222,503.2138655,1460,0,665.5714286,709.4084054,66.4249058,0.153984134,6927120.6,26700000,103000000,48,104000000,13000000,36600000,103000000,54,298543,49757.16667,54250.1028,106353,48,0,0,0,0,192,152,0.086616075,0.067368059,0,1557,406,607.4046221,368940.375,0,0,0,1,0,0,0,0,0,431.375,249.2222222,665.5714286,192,0,0,0,0,0,0,9,2243,7,4659,8192,513,4,20,0,0,0,0,0,0,0,0,BENIGN
443,336188,9,9,2907,6525,1829,0,323,608.3648165,1460,0,725,709.9382015,28055.73072,53.54147084,19775.76471,27336.16534,66029,15,336188,42023.5,43682.49649,119684,15,272124,34015.5,34008.15892,84599,44,0,0,0,0,192,192,26.77073542,26.77073542,0,1829,496.4210526,665.8454372,443350.1462,0,0,0,1,0,0,0,0,1,524,323,725,192,0,0,0,0,0,0,9,2907,9,6525,8192,510,4,20,0,0,0,0,0,0,0,0,BENIGN
26654,80394,15,6,20514,0,2896,0,1367.6,1152.338232,0,0,0,0,255168.2961,261.2135234,4019.7,17439.68857,78092,1,80394,5742.428571,20829.41618,78092,2,78344,15668.8,35032.0298,78336,1,0,0,0,0,496,208,186.5810881,74.63243526,0,2896,932.4545455,1144.696705,1310330.545,0,0,0,1,0,0,0,0,0,976.8571429,1367.6,0,496,0,0,0,0,0,0,15,20514,6,0,29200,362,10,32,0,0,0,0,0,0,0,0,BENIGN
37065,19,3,0,0,0,0,0,0,0,0,0,0,0,0,157894.7368,9.5,7.778174593,15,4,19,9.5,7.778174593,15,4,0,0,0,0,0,0,0,0,0,96,0,157894.7368,0,0,0,0,0,0,0,0,0,0,1,0,0,0,0,0,0,0,96,0,0,0,0,0,0,3,0,0,0,395,-1,0,32,0,0,0,0,0,0,0,0,BENIGN
37065,31,1,1,0,0,0,0,0,0,0,0,0,0,0,64516.12903,31,0,31,31,0,0,0,0,0,0,0,0,0,0,0,0,0,0,32,32,32258.06452,32258.06452,0,0,0,0,0,0,0,0,0,1,1,0,0,1,0,0,0,32,0,0,0,0,0,0,1,0,1,0,395,229,0,32,0,0,0,0,0,0,0,0,BENIGN
21,396124,24,24,176,424,43,0,7.333333333,12.00241522,51,0,17.66666667,16.31128355,1514.677222,121.1741778,8428.170213,30903.24617,192143,1,396097,17221.6087,46220.78209,192143,1,395992,17217.04348,44591.79293,192309,1,0,0,0,0,784,784,60.58708889,60.58708889,0,51,12.24489796,15.04649823,226.3971088,0,0,0,1,0,0,0,0,1,12.5,7.333333333,17.66666667,784,0,0,0,0,0,0,24,176,24,424,29200,227,12,32,0,0,0,0,0,0,0,0,BENIGN
49810,1,2,0,14,0,14,0,7,9.899494937,0,0,0,0,14000000,2000000,1,0,1,1,1,1,0,1,1,0,0,0,0,0,1,0,0,0,64,0,2000000,0,0,14,9.333333333,8.082903769,65.33333333,0,1,0,0,1,0,0,0,0,14,7,0,64,0,0,0,0,0,0,2,14,0,0,227,-1,0,32,0,0,0,0,0,0,0,0,BENIGN
21,48,2,0,0,0,0,0,0,0,0,0,0,0,0,41666.66667,48,0,48,48,48,48,0,48,48,0,0,0,0,0,0,0,0,0,64,0,41666.66667,0,0,0,0,0,0,0,0,0,0,1,1,0,0,0,0,0,0,64,0,0,0,0,0,0,2,0,0,0,229,-1,0,32,0,0,0,0,0,0,0,0,BENIGN
123,66256513,6,6,288,288,48,48,48,0,48,48,48,0,8.693484971,0.18111427,6023319.364,19300000,64300000,3,66300000,13300000,28500000,64300000,3,66300000,13300000,28500000,64300000,3,0,0,0,0,168,168,0.090557135,0.090557135,48,48,48,0,0,0,0,0,0,0,0,0,0,1,52,48,48,168,0,0,0,0,0,0,6,288,6,288,-1,-1,5,20,1998423,0,1998423,1998423,64300000,0,64300000,64300000,BENIGN
123,79999626,6,6,288,288,48,48,48,0,48,48,48,0,7.20003366,0.150000701,7272693.273,19400000,64000000,2,80000000,16000000,27700000,64000000,3,80000000,16000000,27700000,64000000,2,0,0,0,0,-1073741218,-1073741218,0.075000351,0.075000351,48,48,48,0,0,0,0,0,0,0,0,0,0,1,52,48,48,-1073741218,0,0,0,0,0,0,6,288,6,288,-1,-1,5,-536870661,104,2.828427125,106,102,40000000,34000000,64000000,16000000,BENIGN
5353,89801855,215,0,28468,0,292,39,132.4093023,90.01770286,0,0,0,0,317.0090417,2.394159898,419634.8364,2909229.052,32000000,0,89800000,419634.8364,2909229.052,32000000,0,0,0,0,0,0,0,0,0,0,3318,0,2.394159898,0,39,292,133.0555556,90.3089615,8155.708527,0,0,0,0,0,0,0,0,0,133.6744186,132.4093023,0,3318,0,0,0,0,0,0,215,28468,0,0,-1,-1,214,0,3022883.75,3577148.203,7004138,13,19400000,10100000,32000000,8000740,BENIGN
445,111451193,202,190,42254,54958,3085,0,209.1782178,368.3632588,3254,0,289.2526316,466.7565212,872.2383079,3.51723467,285041.4143,2710464.663,30000000,0,111000000,554483.5025,3765076.574,30000000,1,111000000,589688.4921,3884086.221,30000000,1,0,0,0,0,4064,3896,1.812452559,1.70478211,0,3254,247.3587786,419.9701229,176374.9041,0,0,0,1,0,0,0,0,0,247.9897959,209.1782178,289.2526316,4064,0,0,0,0,0,0,202,42254,190,54958,8192,2047,182,20,309848.2,632361.1926,1439956,59,22000000,11000000,30000000,9623821,BENIGN
22,2531148,47,42,2664,6954,456,0,56.68085106,104.7674664,976,0,165.5714286,320.4037958,3799.856824,35.16191072,28763.04545,152913.5734,1057510,0,2531148,55024.95652,213993.7671,1057510,1,1576224,38444.4878,174826.4897,1093569,1,0,0,0,0,1520,1360,18.56864948,16.59326124,0,976,106.8666667,236.7487266,56049.95955,0,0,0,1,0,0,0,0,0,108.0674157,56.68085106,165.5714286,1520,0,0,0,0,0,0,47,2664,42,6954,29200,243,24,32,0,0,0,0,0,0,0,0,BENIGN
22,167,1,1,0,0,0,0,0,0,0,0,0,0,0,11976.0479,167,0,167,167,0,0,0,0,0,0,0,0,0,0,0,0,0,0,32,32,5988.023952,5988.023952,0,0,0,0,0,0,0,0,0,1,1,0,0,1,0,0,0,32,0,0,0,0,0,0,1,0,1,0,290,243,0,32,0,0,0,0,0,0,0,0,BENIGN
123,66094190,2,2,96,96,48,48,48,0,48,48,48,0,2.9049452,0.060519692,22000000,38000000,65900000,94250,66000000,66000000,0,66000000,66000000,66000000,66000000,0,66000000,66000000,0,0,0,0,52,52,0.030259846,0.030259846,48,48,48,0,0,0,0,0,0,0,0,0,0,1,60,48,48,52,0,0,0,0,0,0,2,96,2,96,-1,-1,1,20,94271,0,94271,94271,65900000,0,65900000,65900000,BENIGN
22,1311995,41,42,2728,6634,456,0,66.53658537,110.1299454,976,0,157.952381,319.1214275,7135.697926,63.26243621,15999.93902,105972.706,955542,1,1311995,32799.875,159024.3343,997364,1,356348,8691.414634,20251.35026,97681,1,0,0,0,0,1328,1360,31.25011909,32.01231712,0,976,111.452381,241.6427915,58391.23867,0,0,0,1,0,0,0,0,1,112.7951807,66.53658537,157.952381,1328,0,0,0,0,0,0,41,2728,42,6634,29200,243,24,32,0,0,0,0,0,0,0,0,BENIGN
22,134,1,1,0,0,0,0,0,0,0,0,0,0,0,14925.37313,134,0,134,134,0,0,0,0,0,0,0,0,0,0,0,0,0,0,32,32,7462.686567,7462.686567,0,0,0,0,0,0,0,0,0,1,1,0,0,1,0,0,0,32,0,0,0,0,0,0,1,0,1,0,290,243,0,32,0,0,0,0,0,0,0,0,BENIGN
123,16485,1,1,48,48,48,48,48,0,48,48,48,0,5823.475887,121.3224143,16485,0,16485,16485,0,0,0,0,0,0,0,0,0,0,0,0,0,0,20,20,60.66120716,60.66120716,48,48,48,0,0,0,0,0,0,0,0,0,0,1,72,48,48,20,0,0,0,0,0,0,1,48,1,48,-1,-1,0,20,0,0,0,0,0,0,0,0,BENIGN
5353,87434104,235,0,29021,0,221,45,123.493617,65.74155369,0,0,0,0,331.9185383,2.687738414,373650.0171,2696031.535,32000000,1,87400000,373650.0171,2696031.535,32000000,1,0,0,0,0,0,0,0,0,0,-9663668122,0,2.687738414,0,45,221,123.8644068,65.8483642,4336.007068,0,0,0,0,0,0,0,0,0,124.3914894,123.493617,0,-9663668122,0,0,0,0,0,0,235,29021,0,0,-1,-1,234,-536870661,3141653.5,3674923.703,7002887,15,18700000,9979773.872,32000000,8001331,BENIGN
123,73016131,9,9,432,432,48,48,48,0,48,48,48,0,11.83300167,0.246520868,4295066.529,13900000,58000000,16148,73000000,9124989,19800000,58000000,1999904,73000000,9124983.75,19800000,58000000,1999816,0,0,0,0,204,204,0.123260434,0.123260434,48,48,48,0,0,0,0,0,0,0,0,0,0,1,50.66666667,48,48,204,0,0,0,0,0,0,9,432,9,432,-1,-1,8,20,15000000,0,15000000,15000000,58000000,0,58000000,58000000,BENIGN
123,83014424,14,14,672,672,48,48,48,0,48,48,48,0,16.18995754,0.337290782,3074608.296,12900000,67000000,1,83000000,6385713.308,18400000,67000000,3,83000000,6385718.692,18400000,67000000,1,0,0,0,0,276,276,0.168645391,0.168645391,48,48,48,0,0,0,0,0,0,0,0,0,0,1,49.71428571,48,48,276,0,0,0,0,0,0,14,672,14,672,-1,-1,13,0,3507341,4959959.504,7014562,120,38000000,41000000,67000000,8999855,BENIGN
123,87016389,14,14,672,672,48,48,48,0,48,48,48,0,15.44536627,0.321778464,3222829.222,13300000,69000000,2,87000000,6693560.615,19000000,69000000,3,87000000,6693560.308,19000000,69000000,2,0,0,0,0,-1073740992,-1073740992,0.160889232,0.160889232,48,48,48,0,0,0,0,0,0,0,0,0,0,1,49.71428571,48,48,-1073740992,0,0,0,0,0,0,14,672,14,672,-1,-1,13,-536870660,3508319,4961353.919,7016526,112,40000000,41000000,69000000,11000000,BENIGN
5353,88491785,270,0,34674,0,219,45,128.4222222,64.17222027,0,0,0,0,391.832982,3.051130678,328965.7435,2565645.523,32000000,1,88500000,328965.7435,2565645.523,32000000,1,0,0,0,0,0,0,0,0,0,4644,0,3.051130678,0,45,219,128.7195572,64.24002117,4126.78032,0,0,0,0,0,0,0,0,0,129.1962963,128.4222222,0,4644,0,0,0,0,0,0,270,34674,0,0,-1,-1,269,0,2975340,3435857.035,6001247,15,19100000,10000000,32000000,8002622,BENIGN
123,64094119,2,2,96,96,48,48,48,0,48,48,48,0,2.99559465,0.062408222,21400000,36800000,63900000,94180,64000000,64000000,0,64000000,64000000,64000000,64000000,0,64000000,64000000,0,0,0,0,40,40,0.031204111,0.031204111,48,48,48,0,0,0,0,0,0,0,0,0,0,1,60,48,48,40,0,0,0,0,0,0,2,96,2,96,-1,-1,1,20,94311,0,94311,94311,63900000,0,63900000,63900000,BENIGN
123,67016429,7,7,336,336,48,48,48,0,48,48,48,0,10.02739194,0.208903999,5155109.923,15600000,57000000,16466,67000000,11200000,22500000,57000000,1999952,67000000,11200000,22500000,57000000,1999847,0,0,0,0,140,140,0.104451999,0.104451999,48,48,48,0,0,0,0,0,0,0,0,0,0,1,51.42857143,48,48,140,0,0,0,0,0,0,7,336,7,336,-1,-1,6,20,10000000,0,10000000,10000000,57000000,0,57000000,57000000,BENIGN
123,69027645,7,7,336,336,48,48,48,0,48,48,48,0,9.735229994,0.202817292,5309818.846,16200000,59000000,27658,69000000,11500000,23300000,59000000,1999943,69000000,11500000,23300000,59000000,1999564,0,0,0,0,152,152,0.101408646,0.101408646,48,48,48,0,0,0,0,0,0,0,0,0,0,1,51.42857143,48,48,152,0,0,0,0,0,0,7,336,7,336,-1,-1,6,20,10000000,0,10000000,10000000,59000000,0,59000000,59000000,BENIGN
123,15042791,7,7,336,336,48,48,48,0,48,48,48,0,44.6725611,0.930678356,1157137.769,1481802.642,4958706,41354,15000000,2499995.833,1224776.307,5000060,1999941,15000000,2499974.5,1225502.37,5001520,1999042,0,0,0,0,176,176,0.465339178,0.465339178,48,48,48,0,0,0,0,0,0,0,0,0,0,1,51.42857143,48,48,176,0,0,0,0,0,0,7,336,7,336,-1,-1,6,20,0,0,0,0,0,0,0,0,BENIGN
123,76016152,8,8,384,384,48,48,48,0,48,48,48,0,10.10311598,0.210481583,5067743.467,14800000,58000000,16045,76000000,10900000,20900000,58000000,1999949,76000000,10900000,20900000,58000000,1999764,0,0,0,0,184,184,0.105240791,0.105240791,48,48,48,0,0,0,0,0,0,0,0,0,0,1,51,48,48,184,0,0,0,0,0,0,8,384,8,384,-1,-1,7,20,5016224,7070926.391,10000000,16324,33000000,35400000,58000000,7983655,BENIGN
123,66021966,7,7,336,336,48,48,48,0,48,48,48,0,10.17843062,0.212050638,5078612.769,15300000,56000000,22006,66000000,11000000,22000000,56000000,1999896,66000000,11000000,22000000,56000000,1999801,0,0,0,0,164,164,0.106025319,0.106025319,48,48,48,0,0,0,0,0,0,0,0,0,0,1,51.42857143,48,48,164,0,0,0,0,0,0,7,336,7,336,-1,-1,6,20,10000000,0,10000000,10000000,56000000,0,56000000,56000000,BENIGN
123,64412706,4,4,192,192,48,48,48,0,48,48,48,0,5.961556715,0.124199098,9201815.143,24300000,64400000,3,64400000,21500000,37200000,64400000,3,64400000,21500000,37200000,64400000,3,0,0,0,0,80,80,0.062099549,0.062099549,48,48,48,0,0,0,0,0,0,0,0,0,0,1,54,48,48,80,0,0,0,0,0,0,4,192,4,192,-1,-1,3,20,133,0,133,133,64400000,0,64400000,64400000,BENIGN
5353,63757117,242,0,19426,0,153,37,80.27272727,44.28575635,0,0,0,0,304.6875535,3.795654687,264552.3527,2328976.09,32000000,1,63800000,264552.3527,2328976.09,32000000,1,0,0,0,0,0,0,0,0,0,5356,0,3.795654687,0,37,153,80.33333333,44.20425917,1954.016529,0,0,0,0,0,0,0,0,0,80.66528926,80.27272727,0,5356,0,0,0,0,0,0,242,19426,0,0,-1,-1,241,20,7876780.5,11100000,15800000,14,24000000,11300000,32000000,16000000,BENIGN
123,67059625,7,7,336,336,48,48,48,0,48,48,48,0,10.02093286,0.208769435,5158432.692,15600000,56900000,50347,67000000,11200000,22500000,57000000,1999872,67000000,11200000,22500000,57000000,1986820,0,0,0,0,152,152,0.104384717,0.104384717,48,48,48,0,0,0,0,0,0,0,0,0,0,1,51.42857143,48,48,152,0,0,0,0,0,0,7,336,7,336,-1,-1,6,20,10100000,0,10100000,10100000,56900000,0,56900000,56900000,BENIGN
80,335487,3,4,228,128,228,0,76,131.6358614,128,0,32,64,1061.143949,20.86519001,55914.5,64050.90232,147015,4,241077,120538.5,37443.42538,147015,94062,241486,80495.33333,138999.5939,240998,4,0,0,0,0,104,136,8.942224289,11.92296572,0,228,44.5,86.62398216,7503.714286,0,0,0,1,0,0,0,0,1,50.85714286,76,32,104,0,0,0,0,0,0,3,228,4,128,29200,235,1,32,0,0,0,0,0,0,0,0,BENIGN
123,67022566,7,7,336,336,48,48,48,0,48,48,48,0,10.02647377,0.20888487,5155582,15600000,57000000,22538,67000000,11200000,22500000,57000000,1999909,67000000,11200000,22500000,57000000,1999888,0,0,0,0,152,152,0.104442435,0.104442435,48,48,48,0,0,0,0,0,0,0,0,0,0,1,51.42857143,48,48,152,0,0,0,0,0,0,7,336,7,336,-1,-1,6,20,10000000,0,10000000,10000000,57000000,0,57000000,57000000,BENIGN
123,77015818,9,9,432,432,48,48,48,0,48,48,48,0,11.21847463,0.233718221,4530342.235,13900000,58000000,15875,77000000,9624988.5,19600000,58000000,1999950,77000000,9624962.375,19600000,58000000,1999756,0,0,0,0,160,160,0.116859111,0.116859111,48,48,48,0,0,0,0,0,0,0,0,0,0,1,50.66666667,48,48,160,0,0,0,0,0,0,9,432,9,432,-1,-1,8,0,6015923,5656922.132,10000000,2015875,32500000,36100000,58000000,6984108,BENIGN
80,707792,3,0,0,0,0,0,0,0,0,0,0,0,0,4.238533354,353896,447896.9916,670607,37185,707792,353896,447896.9916,670607,37185,0,0,0,0,0,0,0,0,0,96,0,4.238533354,0,0,0,0,0,0,0,0,0,0,1,0,0,0,0,0,0,0,96,0,0,0,0,0,0,3,0,0,0,237,-1,0,32,0,0,0,0,0,0,0,0,BENIGN
123,79022373,8,8,384,384,48,48,48,0,48,48,48,0,9.718766608,0.202474304,5268158.2,14600000,57000000,22191,79000000,11300000,20500000,57000000,1999850,79000000,11300000,20500000,57000000,1999705,0,0,0,0,208,208,0.101237152,0.101237152,48,48,48,0,0,0,0,0,0,0,0,0,0,1,51,48,48,208,0,0,0,0,0,0,8,384,8,384,-1,-1,7,20,5022396.5,7070816.789,10000000,22574,34500000,31800000,57000000,12000000,BENIGN
123,66093101,7,7,336,336,48,48,48,0,48,48,48,0,10.16747572,0.211822411,5084084.692,15300000,55900000,92973,66000000,11000000,22000000,56000000,1999925,66000000,11000000,22000000,56000000,1984730,0,0,0,0,144,132,0.105911205,0.105911205,48,48,48,0,0,0,0,0,0,0,0,0,0,1,51.42857143,48,48,144,0,0,0,0,0,0,7,336,7,336,-1,-1,6,0,10100000,0,10100000,10100000,55900000,0,55900000,55900000,BENIGN
123,67027685,7,7,336,336,48,48,48,0,48,48,48,0,10.02570803,0.208868917,5155975.769,15600000,57000000,27706,67000000,11200000,22500000,57000000,1999883,67000000,11200000,22500000,57000000,1999677,0,0,0,0,132,132,0.104434459,0.104434459,48,48,48,0,0,0,0,0,0,0,0,0,0,1,51.42857143,48,48,132,0,0,0,0,0,0,7,336,7,336,-1,-1,6,0,10000000,0,10000000,10000000,57000000,0,57000000,57000000,BENIGN
123,67071862,7,7,336,336,48,48,48,0,48,48,48,0,10.01910458,0.208731345,5159374,15600000,56900000,71960,67000000,11200000,22500000,57000000,1999890,67000000,11200000,22500000,57000000,1999591,0,0,0,0,188,188,0.104365673,0.104365673,48,48,48,0,0,0,0,0,0,0,0,0,0,1,51.42857143,48,48,188,0,0,0,0,0,0,7,336,7,336,-1,-1,6,20,10100000,0,10100000,10100000,56900000,0,56900000,56900000,BENIGN
443,2583611,2,2,0,0,0,0,0,0,0,0,0,0,0,1.548220688,861203.6667,1329216.3,2392069,92,191542,191542,0,191542,191542,2392161,2392161,0,2392161,2392161,0,0,0,0,72,72,0.774110344,0.774110344,0,0,0,0,0,0,0,0,1,0,0,0,0,1,0,0,0,72,0,0,0,0,0,0,2,0,2,0,29200,227,0,32,0,0,0,0,0,0,0,0,BENIGN
443,240203,3,0,188,0,188,0,62.66666667,108.5418506,0,0,0,0,782.6713238,12.48943602,120101.5,169822.3001,240184,19,240203,120101.5,169822.3001,240184,19,0,0,0,0,0,0,0,0,0,96,0,12.48943602,0,0,188,47,94,8836,0,0,0,0,1,0,0,0,0,62.66666667,62.66666667,0,96,0,0,0,0,0,0,3,188,0,0,229,-1,1,32,0,0,0,0,0,0,0,0,BENIGN
443,6552217,9,6,679,6068,517,0,75.44444444,174.0352774,2576,0,1011.333333,964.981796,1029.727801,2.289301468,468015.5,1665239.366,6250720,0,6552217,819027.125,2195782.749,6250720,0,152417,30483.4,66360.93435,149176,59,0,0,0,0,296,200,1.373580881,0.915720587,0,2576,421.6875,741.2209494,549408.4958,0,0,0,1,0,0,0,0,0,449.8,75.44444444,1011.333333,296,0,0,0,0,0,0,9,679,6,6068,29200,122,2,32,301313,0,301313,301313,6250720,0,6250720,6250720,BENIGN
80,5088178,3,1,0,0,0,0,0,0,0,0,0,0,0,0.78613602,1696059.333,2904799.033,5050161,63,5088178,2544089,3544121.011,5050161,38017,0,0,0,0,0,0,0,0,0,104,40,0.589602015,0.196534005,0,0,0,0,0,0,0,0,1,0,0,0,0,0,0,0,0,104,0,0,0,0,0,0,3,0,1,0,29200,42408,0,32,0,0,0,0,0,0,0,0,BENIGN
43970,249,2,1,258,0,258,0,129,182.4335495,0,0,0,0,1036144.578,12048.19277,124.5,84.14570696,184,65,249,249,0,249,249,0,0,0,0,0,1,0,0,0,64,20,8032.128514,4016.064257,0,258,129,148.9563695,22188,0,1,0,0,1,0,0,0,0,172,129,0,64,0,0,0,0,0,0,2,258,1,0,130,0,0,32,0,0,0,0,0,0,0,0,BENIGN
123,66094126,2,2,96,96,48,48,48,0,48,48,48,0,2.904948013,0.06051975,22000000,38000000,65900000,94120,66000000,66000000,0,66000000,66000000,66000000,66000000,0,66000000,66000000,0,0,0,0,52,52,0.030259875,0.030259875,48,48,48,0,0,0,0,0,0,0,0,0,0,1,60,48,48,52,0,0,0,0,0,0,2,96,2,96,-1,-1,1,20,94120,0,94120,94120,65900000,0,65900000,65900000,BENIGN
123,67016042,7,7,336,336,48,48,48,0,48,48,48,0,10.02744985,0.208905205,5155080.154,15600000,57000000,16153,67000000,11200000,22500000,57000000,1999904,67000000,11200000,22500000,57000000,1999750,0,0,0,0,156,156,0.104452603,0.104452603,48,48,48,0,0,0,0,0,0,0,0,0,0,1,51.42857143,48,48,156,0,0,0,0,0,0,7,336,7,336,-1,-1,6,0,10000000,0,10000000,10000000,57000000,0,57000000,57000000,BENIGN
80,4173566,5,5,444,1870,444,0,88.8,198.5628364,1637,0,374,713.2106982,554.4419329,2.396032553,463729.5556,1326858.613,4000156,2,173410,43352.5,60807.82915,133473,53,4153933,1038483.25,1975765.664,4000158,72,0,0,0,0,120,112,1.198016277,1.198016277,0,1637,210.3636364,494.4100065,244441.2545,0,0,0,1,0,0,0,0,1,231.4,88.8,374,120,0,0,0,0,0,0,5,444,5,1870,29200,30,1,20,0,0,0,0,0,0,0,0,BENIGN
80,4039043,5,5,444,1870,444,0,88.8,198.5628364,1637,0,374,713.2106982,572.9079884,2.475834003,448782.5556,1331393.145,3999092,17,39951,9987.75,11404.3737,20075,53,4019428,1004857,1996202.626,3999128,65,0,0,0,0,120,112,1.237917002,1.237917002,0,1637,210.3636364,494.4100065,244441.2545,0,0,0,1,0,0,0,0,1,231.4,88.8,374,120,0,0,0,0,0,0,5,444,5,1870,29200,30,1,20,0,0,0,0,0,0,0,0,BENIGN
80,4040355,5,5,444,1870,444,0,88.8,198.5628364,1637,0,374,713.2106982,572.7219514,2.475030041,448928.3333,1331714.074,4000094,39,40261,10065.25,11346.13859,20047,158,4020673,1005168.25,1996694.681,4000178,277,0,0,0,0,120,112,1.23751502,1.23751502,0,1637,210.3636364,494.4100065,244441.2545,0,0,0,1,0,0,0,0,1,231.4,88.8,374,120,0,0,0,0,0,0,5,444,5,1870,29200,30,1,20,0,0,0,0,0,0,0,0,BENIGN
80,4040786,6,6,444,1870,444,0,74,181.262241,1460,0,311.6666667,571.7344372,572.6608635,2.969719258,367344.1818,1205011.441,4000513,38,40273,8054.6,10746.88082,19863,113,4021050,804210,1786829.985,4000552,49,0,0,0,0,140,132,1.484859629,1.484859629,0,1460,178,408.49949,166871.8333,0,0,0,1,0,0,0,0,1,192.8333333,74,311.6666667,140,0,0,0,0,0,0,6,444,6,1870,29200,30,1,20,0,0,0,0,0,0,0,0,BENIGN
53,66230,1,1,50,162,50,50,50,0,162,162,162,0,3200.966329,30.19779556,66230,0,66230,66230,0,0,0,0,0,0,0,0,0,0,0,0,0,0,20,20,15.09889778,15.09889778,50,162,87.33333333,64.66323015,4181.333333,0,0,0,0,0,0,0,0,1,131,50,162,20,0,0,0,0,0,0,1,50,1,162,-1,-1,0,20,0,0,0,0,0,0,0,0,BENIGN
80,47366,3,4,438,860,438,0,146,252.8794179,860,0,215,430,27403.62285,147.7853313,7894.333333,11874.11763,23233,4,23596,11798,16288.91181,23316,280,24155,8051.666667,13483.43466,23618,4,0,0,0,0,104,136,63.33657054,84.44876071,0,860,162.25,320.9012977,102977.6429,0,0,0,1,0,0,0,0,1,185.4285714,146,215,104,0,0,0,0,0,0,3,438,4,860,29200,31,1,32,0,0,0,0,0,0,0,0,BENIGN
80,47337,3,4,438,860,438,0,146,252.8794179,860,0,215,430,27420.41109,147.8758688,7889.5,11829.4832,23184,2,23636,11818,16175.77473,23256,380,24153,8051,13456.64932,23586,2,0,0,0,0,104,136,63.37537233,84.50049644,0,860,162.25,320.9012977,102977.6429,0,0,0,1,0,0,0,0,1,185.4285714,146,215,104,0,0,0,0,0,0,3,438,4,860,29200,31,1,32,0,0,0,0,0,0,0,0,BENIGN
80,104,2,0,0,0,0,0,0,0,0,0,0,0,0,19230.76923,104,0,104,104,104,104,0,104,104,0,0,0,0,0,0,0,0,0,64,0,19230.76923,0,0,0,0,0,0,0,0,0,0,1,0,0,0,0,0,0,0,64,0,0,0,0,0,0,2,0,0,0,242,-1,0,32,0,0,0,0,0,0,0,0,BENIGN
80,188,2,0,0,0,0,0,0,0,0,0,0,0,0,10638.29787,188,0,188,188,188,188,0,188,188,0,0,0,0,0,0,0,0,0,64,0,10638.29787,0,0,0,0,0,0,0,0,0,0,1,0,0,0,0,0,0,0,64,0,0,0,0,0,0,2,0,0,0,242,-1,0,32,0,0,0,0,0,0,0,0,BENIGN
80,66821,3,4,437,859,437,0,145.6666667,252.3020676,859,0,214.75,429.5,19395.10034,104.7574864,11136.83333,12054.90153,23217,2,43114,21557,2402.748842,23256,19858,43604,14534.66667,24716.32627,43073,2,0,0,0,0,104,136,44.89606561,59.86142081,0,859,162,320.4679614,102699.7143,0,0,0,1,0,0,0,0,1,185.1428571,145.6666667,214.75,104,0,0,0,0,0,0,3,437,4,859,29200,31,1,32,0,0,0,0,0,0,0,0,BENIGN
80,66861,3,4,438,860,438,0,146,252.8794179,860,0,215,430,19413.40991,104.6948146,11143.5,12032.38837,23197,4,43156,21578,2289.611757,23197,19959,43602,14534,24670.40889,43019,4,0,0,0,0,104,136,44.86920626,59.82560835,0,860,162.25,320.9012977,102977.6429,0,0,0,1,0,0,0,0,1,185.4285714,146,215,104,0,0,0,0,0,0,3,438,4,860,29200,31,1,32,0,0,0,0,0,0,0,0,BENIGN
80,144,2,0,0,0,0,0,0,0,0,0,0,0,0,13888.88889,144,0,144,144,144,144,0,144,144,0,0,0,0,0,0,0,0,0,64,0,13888.88889,0,0,0,0,0,0,0,0,0,0,1,0,0,0,0,0,0,0,64,0,0,0,0,0,0,2,0,0,0,242,-1,0,32,0,0,0,0,0,0,0,0,BENIGN
80,163,2,0,0,0,0,0,0,0,0,0,0,0,0,12269.93865,163,0,163,163,163,163,0,163,163,0,0,0,0,0,0,0,0,0,64,0,12269.93865,0,0,0,0,0,0,0,0,0,0,1,0,0,0,0,0,0,0,64,0,0,0,0,0,0,2,0,0,0,242,-1,0,32,0,0,0,0,0,0,0,0,BENIGN
443,5265834,7,4,635,168,517,0,90.71428571,190.7072051,168,0,42,84,152.4924637,2.088937859,526583.4,1418488.171,4532089,3,5265834,877639,1841302.971,4608385,3,697394,232464.6667,365566.7033,653871,512,0,0,0,0,232,136,1.329324092,0.759613767,0,517,66.91666667,150.8487854,22755.35606,0,0,0,1,0,0,0,0,0,73,90.71428571,42,232,0,0,0,0,0,0,7,635,4,168,29200,340,3,32,0,0,0,0,0,0,0,0,BENIGN
39446,205,2,0,0,0,0,0,0,0,0,0,0,0,0,9756.097561,205,0,205,205,205,205,0,205,205,0,0,0,0,0,0,0,0,0,64,0,9756.097561,0,0,0,0,0,0,0,0,0,0,1,0,0,0,0,0,0,0,64,0,0,0,0,0,0,2,0,0,0,340,-1,0,32,0,0,0,0,0,0,0,0,BENIGN
443,2267678,10,11,851,3950,267,0,85.1,99.87041604,1448,0,359.0909091,569.9183195,2117.143616,9.260574032,113383.9,186539.6012,743817,9,1942161,215795.6667,286546.3696,839034,234,2172337,217233.7,239202.6488,743817,48,0,0,0,0,328,360,4.409797158,4.850776874,0,1448,218.2272727,424.317708,180045.5173,0,0,0,1,0,0,0,0,1,228.6190476,85.1,359.0909091,328,0,0,0,0,0,0,10,851,11,3950,29200,252,5,32,0,0,0,0,0,0,0,0,BENIGN
443,30609,2,0,0,0,0,0,0,0,0,0,0,0,0,65.3402594,30609,0,30609,30609,30609,30609,0,30609,30609,0,0,0,0,0,0,0,0,0,64,0,65.3402594,0,0,0,0,0,0,0,0,0,0,1,0,0,0,0,0,0,0,64,0,0,0,0,0,0,2,0,0,0,304,-1,0,32,0,0,0,0,0,0,0,0,BENIGN
53,398250,1,1,55,213,55,55,55,0,213,213,213,0,672.9441306,5.021971124,398250,0,398250,398250,0,0,0,0,0,0,0,0,0,0,0,0,0,0,20,20,2.510985562,2.510985562,55,213,107.6666667,91.22134253,8321.333333,0,0,0,0,0,0,0,0,1,161.5,55,213,20,0,0,0,0,0,0,1,55,1,213,-1,-1,0,20,0,0,0,0,0,0,0,0,BENIGN
443,81733,8,5,431,3517,188,0,53.875,80.11498433,1398,0,703.4,699.0692383,48303.62277,159.0544823,6811.083333,13400.37191,34867,8,81733,11676.14286,16645.69178,36024,139,36474,9118.5,17316.72287,35084,48,0,0,0,0,264,168,97.8796814,61.17480088,0,1398,282,510.1630207,260266.3077,0,0,0,1,0,0,0,0,0,303.6923077,53.875,703.4,264,0,0,0,0,0,0,8,431,5,3517,29200,114,3,32,0,0,0,0,0,0,0,0,BENIGN
443,1988164,12,10,999,3950,267,0,83.25,95.7858644,1448,0,395,587.483144,2489.231271,11.06548554,94674.47619,132761.3729,451596,8,1988164,180742.1818,187649.0328,546926,227,1892866,210318.4444,235346.6254,687073,49,0,0,0,0,392,328,6.035719387,5.029766156,0,1448,215.173913,414.8205145,172076.0593,0,0,0,1,0,0,0,0,0,224.9545455,83.25,395,392,0,0,0,0,0,0,12,999,10,3950,29200,252,6,32,0,0,0,0,0,0,0,0,BENIGN
80,5603939,3,1,0,0,0,0,0,0,0,0,0,0,0,0.713783644,1867979.667,3216296.42,5581817,22,5603939,2801969.5,3931298.036,5581817,22122,0,0,0,0,0,0,0,0,0,104,40,0.535337733,0.178445911,0,0,0,0,0,0,0,0,1,0,0,0,0,0,0,0,0,104,0,0,0,0,0,0,3,0,1,0,29200,28960,0,32,0,0,0,0,0,0,0,0,BENIGN
80,5604028,3,1,0,0,0,0,0,0,0,0,0,0,0,0.713772308,1868009.333,3218447.404,5584335,31,5604028,2802014,3934796.093,5584335,19693,0,0,0,0,0,0,0,0,0,80,32,0.535329231,0.178443077,0,0,0,0,0,0,0,0,1,0,0,0,0,0,0,0,0,80,0,0,0,0,0,0,3,0,1,0,29200,29200,0,20,0,0,0,0,0,0,0,0,BENIGN
80,5603992,3,1,0,0,0,0,0,0,0,0,0,0,0,0.713776893,1867997.333,3218435.24,5584309,39,5603992,2801996,3934784.779,5584309,19683,0,0,0,0,0,0,0,0,0,80,32,0.53533267,0.178444223,0,0,0,0,0,0,0,0,1,0,0,0,0,0,0,0,0,80,0,0,0,0,0,0,3,0,1,0,29200,29200,0,20,0,0,0,0,0,0,0,0,BENIGN
443,5603458,7,4,635,154,517,0,90.71428571,190.7072051,154,0,38.5,77,140.8059095,1.963073516,560345.8,1652424.405,5260665,1,5603458,933909.6667,2188207.06,5399414,1,241663,80554.33333,71807.14678,139111,437,0,0,0,0,232,136,1.249228601,0.713844915,0,517,65.75,150.0479469,22514.38636,0,0,0,1,0,0,0,0,0,71.72727273,90.71428571,38.5,232,0,0,0,0,0,0,7,635,4,154,29200,115,3,32,342792,0,342792,342792,5260665,0,5260665,5260665,BENIGN
43540,291,5,1,407,0,258,0,81.4,102.1631049,0,0,0,0,1398625.43,20618.5567,58.2,76.96557672,189,1,291,72.75,113.6350151,240,1,0,0,0,0,0,1,0,0,0,160,20,17182.13058,3436.426117,0,258,95,114.2132508,13044.66667,0,1,0,0,1,0,0,0,0,110.8333333,81.4,0,160,0,0,0,0,0,0,5,407,1,0,118,0,3,32,0,0,0,0,0,0,0,0,BENIGN
51070,4,3,0,0,0,0,0,0,0,0,0,0,0,0,750000,2,1.414213562,3,1,4,2,1.414213562,3,1,0,0,0,0,0,0,0,0,0,108,0,750000,0,0,0,0,0,0,0,0,0,0,1,0,0,0,0,0,0,0,108,0,0,0,0,0,0,3,0,0,0,115,-1,0,32,0,0,0,0,0,0,0,0,BENIGN
80,66588,3,4,428,2266,428,0,142.6666667,247.1059152,2266,0,566.5,1133,40457.74013,105.1240464,11098,16689.86727,32681,4,32788,16394,22956.92876,32627,161,33993,11331,18665.05336,32874,4,0,0,0,0,104,136,45.05316273,60.07088364,0,2266,336.75,793.7915793,630105.0714,0,0,0,1,0,0,0,0,1,384.8571429,142.6666667,566.5,104,0,0,0,0,0,0,3,428,4,2266,29200,235,1,32,0,0,0,0,0,0,0,0,BENIGN
80,204,2,0,0,0,0,0,0,0,0,0,0,0,0,9803.921569,204,0,204,204,204,204,0,204,204,0,0,0,0,0,0,0,0,0,64,0,9803.921569,0,0,0,0,0,0,0,0,0,0,1,0,0,0,0,0,0,0,64,0,0,0,0,0,0,2,0,0,0,264,-1,0,32,0,0,0,0,0,0,0,0,BENIGN
123,81028837,9,9,432,432,48,48,48,0,48,48,48,0,10.66287055,0.222143137,4766402.176,14200000,59000000,28793,81000000,10100000,19900000,59000000,1999952,81000000,10100000,19900000,59000000,1999823,0,0,0,0,196,196,0.111071568,0.111071568,48,48,48,0,0,0,0,0,0,0,0,0,0,1,50.66666667,48,48,196,0,0,0,0,0,0,9,432,9,432,-1,-1,8,0,6029032,5656916.475,10000000,2028988,34500000,34600000,59000000,9970993,BENIGN
123,67036702,2,2,96,96,48,48,48,0,48,48,48,0,2.864102712,0.059668806,22300000,38600000,67000000,36726,67000000,67000000,0,67000000,67000000,67000000,67000000,0,67000000,67000000,0,0,0,0,52,52,0.029834403,0.029834403,48,48,48,0,0,0,0,0,0,0,0,0,0,1,60,48,48,52,0,0,0,0,0,0,2,96,2,96,-1,-1,1,20,36965,0,36965,36965,67000000,0,67000000,67000000,BENIGN
123,67085836,7,7,336,336,48,48,48,0,48,48,48,0,10.0170176,0.208687867,5160448.923,15600000,56900000,85993,67000000,11200000,22500000,57000000,1999804,67000000,11200000,22500000,57000000,1999551,0,0,0,0,188,188,0.104343933,0.104343933,48,48,48,0,0,0,0,0,0,0,0,0,0,1,51.42857143,48,48,188,0,0,0,0,0,0,7,336,7,336,-1,-1,6,20,10100000,0,10100000,10100000,56900000,0,56900000,56900000,BENIGN
123,77089834,8,8,384,384,48,48,48,0,48,48,48,0,9.962403084,0.207550064,5139322.267,15000000,58900000,89252,77000000,11000000,21300000,59000000,1999834,77000000,11000000,21300000,59000000,1999501,0,0,0,0,196,196,0.103775032,0.103775032,48,48,48,0,0,0,0,0,0,0,0,0,0,1,51,48,48,196,0,0,0,0,0,0,8,384,8,384,-1,-1,7,20,5089482.5,7070576.373,10100000,89830,33400000,36100000,58900000,7910210,BENIGN
123,66016313,7,6,336,288,48,48,48,0,48,48,48,0,9.452209184,0.196921025,5501359.417,15900000,56000000,16366,66000000,11000000,22000000,56000000,1999915,66000000,13200000,25000000,58000000,1999769,0,0,0,0,176,156,0.106034398,0.090886627,48,48,48,0,0,0,0,0,0,0,0,0,0,0,51.69230769,48,48,176,0,0,0,0,0,0,7,336,6,288,-1,-1,6,20,9999910,0,9999910,9999910,56000000,0,56000000,56000000,BENIGN
123,66016477,7,7,336,336,48,48,48,0,48,48,48,0,10.17927691,0.212068269,5078190.538,15300000,56000000,16325,66000000,11000000,22000000,56000000,1999884,66000000,11000000,22000000,56000000,1999663,0,0,0,0,156,156,0.106034134,0.106034134,48,48,48,0,0,0,0,0,0,0,0,0,0,1,51.42857143,48,48,156,0,0,0,0,0,0,7,336,7,336,-1,-1,6,0,10000000,0,10000000,10000000,56000000,0,56000000,56000000,BENIGN
123,82028633,8,8,384,384,48,48,48,0,48,48,48,0,9.362584404,0.195053842,5468575.533,14500000,56000000,28646,82000000,11700000,20200000,56000000,1999947,82000000,11700000,20200000,56000000,1999907,0,0,0,0,156,156,0.097526921,0.097526921,48,48,48,0,0,0,0,0,0,0,0,0,0,1,51,48,48,156,0,0,0,0,0,0,8,384,8,384,-1,-1,7,0,5028854.5,7070881.843,10000000,28986,36000000,28300000,56000000,16000000,BENIGN
123,69086468,7,7,336,336,48,48,48,0,48,48,48,0,9.726941027,0.202644605,5314343.692,16100000,58900000,86372,69000000,11500000,23300000,59000000,1999884,69000000,11500000,23300000,59000000,1999697,0,0,0,0,156,144,0.101322302,0.101322302,48,48,48,0,0,0,0,0,0,0,0,0,0,1,51.42857143,48,48,156,0,0,0,0,0,0,7,336,7,336,-1,-1,6,0,10100000,0,10100000,10100000,58900000,0,58900000,58900000,BENIGN
80,60032035,5,3,282,250,282,0,56.4,126.1142339,250,0,83.33333333,144.3375673,8.861935132,0.133262182,8576005,22700000,59900000,23,60000000,15000000,30000000,59900000,88,15681,7840.5,10700.64692,15407,274,0,0,0,0,112,72,0.083288864,0.049973318,0,282,59.11111111,117.5674747,13822.11111,0,0,0,1,0,0,0,0,0,66.5,56.4,83.33333333,112,0,0,0,0,0,0,5,282,3,250,8192,946,1,20,0,0,0,0,0,0,0,0,BENIGN
123,66036600,2,2,96,96,48,48,48,0,48,48,48,0,2.90747858,0.06057247,22000000,38100000,66000000,36637,66000000,66000000,0,66000000,66000000,66000000,66000000,0,66000000,66000000,0,0,0,0,64,64,0.030286235,0.030286235,48,48,48,0,0,0,0,0,0,0,0,0,0,1,60,48,48,64,0,0,0,0,0,0,2,96,2,96,-1,-1,1,32,36767,0,36767,36767,66000000,0,66000000,66000000,BENIGN
443,5840400,9,5,375,4486,182,0,41.66666667,74.75292636,2576,0,897.2,1231.809523,832.3060064,2.397096089,449261.5385,1460422.294,5305504,3,5840400,730050,1850327.089,5305504,3,350024,87506,99456.85314,185916,172,0,0,0,0,296,168,1.540990343,0.856105746,0,2576,324.0666667,782.8199452,612807.0667,0,0,0,1,0,0,0,0,0,347.2142857,41.66666667,897.2,296,0,0,0,0,0,0,9,375,5,4486,29200,17,3,32,534893,0,534893,534893,5305504,0,5305504,5305504,BENIGN
123,88072273,9,9,432,432,48,48,48,0,48,48,48,0,9.810124919,0.204377602,5180721.941,14400000,58900000,71904,88000000,11000000,20100000,59000000,1999879,88000000,11000000,20100000,59000000,1999839,0,0,0,0,212,200,0.102188801,0.102188801,48,48,48,0,0,0,0,0,0,0,0,0,0,1,50.66666667,48,48,212,0,0,0,0,0,0,9,432,9,432,-1,-1,8,0,6072157.5,5656908.697,10100000,2072119,37900000,29700000,58900000,16900000,BENIGN
80,5822589,3,1,0,0,0,0,0,0,0,0,0,0,0,0.686979624,1940863,3329733.215,5785649,65,5822589,2911294.5,4064951.117,5785649,36940,0,0,0,0,0,0,0,0,0,104,40,0.515234718,0.171744906,0,0,0,0,0,0,0,0,1,0,0,0,0,0,0,0,0,104,0,0,0,0,0,0,3,0,1,0,29200,42408,0,32,0,0,0,0,0,0,0,0,BENIGN
443,5784947,7,4,635,168,517,0,90.71428571,190.7072051,168,0,42,84,138.8085319,1.901486738,578494.7,1767619.62,5608716,1,5784947,964157.8333,2312959.823,5685350,3,139514,46504.66667,50738.3035,100618,1,0,0,0,0,232,136,1.210037015,0.691449723,0,517,66.91666667,150.8487854,22755.35606,0,0,0,1,0,0,0,0,0,73,90.71428571,42,232,0,0,0,0,0,0,7,635,4,168,29200,340,3,32,176228,0,176228,176228,5608716,0,5608716,5608716,BENIGN
48231,3,2,0,0,0,0,0,0,0,0,0,0,0,0,666666.6667,3,0,3,3,3,3,0,3,3,0,0,0,0,0,0,0,0,0,64,0,666666.6667,0,0,0,0,0,0,0,0,0,0,1,0,0,0,0,0,0,0,64,0,0,0,0,0,0,2,0,0,0,340,-1,0,32,0,0,0,0,0,0,0,0,BENIGN
80,5898028,3,1,0,0,0,0,0,0,0,0,0,0,0,0.678192779,1966009.333,3373203.613,5860991,53,5898028,2949014,4118157.367,5860991,37037,0,0,0,0,0,0,0,0,0,104,40,0.508644584,0.169548195,0,0,0,0,0,0,0,0,1,0,0,0,0,0,0,0,0,104,0,0,0,0,0,0,3,0,1,0,29200,28960,0,32,0,0,0,0,0,0,0,0,BENIGN
80,5884832,3,1,0,0,0,0,0,0,0,0,0,0,0,0.679713542,1961610.667,3369227.789,5852014,59,5884832,2942416,4114792.953,5852014,32818,0,0,0,0,0,0,0,0,0,104,40,0.509785156,0.169928385,0,0,0,0,0,0,0,0,1,0,0,0,0,0,0,0,0,104,0,0,0,0,0,0,3,0,1,0,29200,28960,0,32,0,0,0,0,0,0,0,0,BENIGN
0,73326134,6,0,0,0,0,0,0,0,0,0,0,0,0,0.081826215,14700000,32500000,72700000,66,73300000,14700000,32500000,72700000,66,0,0,0,0,0,0,0,0,0,0,0,0.081826215,0,0,0,0,0,0,0,0,0,0,0,0,0,0,0,0,0,0,0,0,0,0,0,0,0,6,0,0,0,-1,-1,0,0,160756,0,160756,160756,72700000,0,72700000,72700000,BENIGN
123,4022869,3,3,144,144,48,48,48,0,48,48,48,0,71.59069808,1.491472877,804573.8,1070691.442,1977491,22509,3999993,1999996.5,4.949747468,2000000,1999993,4000300,2000150,306.884343,2000367,1999933,0,0,0,0,72,72,0.745736438,0.745736438,48,48,48,0,0,0,0,0,0,0,0,0,0,1,56,48,48,72,0,0,0,0,0,0,3,144,3,144,-1,-1,2,20,0,0,0,0,0,0,0,0,BENIGN
123,68943188,9,9,432,432,48,48,48,0,48,48,48,0,12.53205755,0.261084532,4055481.647,13700000,57000000,22100,68900000,8615122.125,19600000,57000000,924844,68900000,8615113.625,19600000,57000000,924845,0,0,0,0,204,224,0.130542266,0.130542266,48,48,48,0,0,0,0,0,0,0,0,0,0,1,50.66666667,48,48,204,0,0,0,0,0,0,9,432,9,432,-1,-1,8,0,11900000,0,11900000,11900000,57000000,0,57000000,57000000,BENIGN
5353,64061554,264,0,21912,0,153,37,83,43.73024812,0,0,0,0,342.0460265,4.121036464,243580.0532,2019467.911,26500000,0,64100000,243580.0532,2019467.911,26500000,0,0,0,0,0,0,0,0,0,0,6000,0,4.121036464,0,37,153,83.04528302,43.65357151,1905.634305,0,0,0,0,0,0,0,0,0,83.35984848,83,0,6000,0,0,0,0,0,0,264,21912,0,0,-1,-1,263,0,4139342,3653696.554,6915385,14,17200000,9255748.091,26500000,8000758,BENIGN
123,65094239,2,2,96,96,48,48,48,0,48,48,48,0,2.949569777,0.06144937,21700000,37400000,64900000,94164,65000000,65000000,0,65000000,65000000,65000000,65000000,0,65000000,65000000,0,0,0,0,40,40,0.030724685,0.030724685,48,48,48,0,0,0,0,0,0,0,0,0,0,1,60,48,48,40,0,0,0,0,0,0,2,96,2,96,-1,-1,1,20,94164,0,94164,94164,64900000,0,64900000,64900000,BENIGN
443,101511,4,1,179,0,179,0,44.75,89.5,0,0,0,0,1763.355695,49.25574568,25377.75,50329.18297,100871,56,101511,33837,58146.19266,100978,56,0,0,0,0,0,0,0,0,0,136,40,39.40459655,9.851149137,0,179,29.83333333,73.07644399,5340.166667,0,0,0,1,0,0,0,0,0,35.8,44.75,0,136,0,0,0,0,0,0,4,179,1,0,29200,28160,1,32,0,0,0,0,0,0,0,0,BENIGN
123,67082087,3,3,144,144,48,48,48,0,48,48,48,0,4.293247466,0.089442656,13400000,29300000,65900000,94048,67000000,33500000,46000000,66000000,989282,67000000,33500000,46000000,66000000,989106,0,0,0,0,60,60,0.044721328,0.044721328,48,48,48,0,0,0,0,0,0,0,0,0,0,1,56,48,48,60,0,0,0,0,0,0,3,144,3,144,-1,-1,2,20,1083330,0,1083330,1083330,65900000,0,65900000,65900000,BENIGN
57731,1655,6,4,6333,0,2796,0,1055.5,1057.451985,0,0,0,0,3826586.103,6042.296073,183.8888889,325.0013248,1034,2,1655,331,403.4216157,1034,2,462,154,94.88413988,231,48,0,0,0,0,192,80,3625.377644,2416.918429,0,2796,575.7272727,928.9469405,862942.4182,0,0,0,0,1,0,0,0,0,633.3,1055.5,0,192,0,0,0,0,0,0,6,6333,4,0,115,0,4,32,0,0,0,0,0,0,0,0,BENIGN
443,10154910,19,28,713,38420,400,0,37.52631579,101.1293827,2896,0,1372.142857,805.8781598,3853.603823,4.628302959,220758.913,1467901.64,9959914,0,10100000,562600.2778,2345296.222,9959914,241,10100000,375245.1111,1928169.167,10000000,4,0,0,0,0,616,904,1.87101609,2.757286869,0,2896,815.2708333,905.7669781,820413.8187,0,0,0,1,0,0,0,0,1,832.6170213,37.52631579,1372.142857,616,0,0,0,0,0,0,19,713,28,38420,29200,61,3,32,166891,0,166891,166891,9959914,0,9959914,9959914,BENIGN
443,109,2,0,0,0,0,0,0,0,0,0,0,0,0,18348.62385,109,0,109,109,109,109,0,109,109,0,0,0,0,0,0,0,0,0,64,0,18348.62385,0,0,0,0,0,0,0,0,0,0,1,0,0,0,0,0,0,0,64,0,0,0,0,0,0,2,0,0,0,856,-1,0,32,0,0,0,0,0,0,0,0,BENIGN
123,68028776,7,7,336,336,48,48,48,0,48,48,48,0,9.878172731,0.205795265,5232982.769,15900000,58000000,28631,68000000,11300000,22900000,58000000,1999925,68000000,11300000,22900000,58000000,1999671,0,0,0,0,124,124,0.102897633,0.102897633,48,48,48,0,0,0,0,0,0,0,0,0,0,1,51.42857143,48,48,124,0,0,0,0,0,0,7,336,7,336,-1,-1,6,0,10000000,0,10000000,10000000,58000000,0,58000000,58000000,BENIGN
123,68058037,7,7,336,336,48,48,48,0,48,48,48,0,9.873925691,0.205706785,5235233.615,15900000,57900000,54090,68000000,11300000,22900000,58000000,1999866,68000000,11300000,22900000,58000000,1991136,0,0,0,0,164,164,0.102853393,0.102853393,48,48,48,0,0,0,0,0,0,0,0,0,0,1,51.42857143,48,48,164,0,0,0,0,0,0,7,336,7,336,-1,-1,6,20,10100000,0,10100000,10100000,57900000,0,57900000,57900000,BENIGN
123,68093121,3,3,144,144,48,48,48,0,48,48,48,0,4.229502125,0.088114628,13600000,29800000,66900000,94146,68000000,34000000,46700000,67000000,1002800,68000000,34000000,46700000,67000000,1002607,0,0,0,0,60,60,0.044057314,0.044057314,48,48,48,0,0,0,0,0,0,0,0,0,0,1,56,48,48,60,0,0,0,0,0,0,3,144,3,144,-1,-1,2,20,1096946,0,1096946,1096946,66900000,0,66900000,66900000,BENIGN
123,67015945,8,8,384,384,48,48,48,0,48,48,48,0,11.45995927,0.238749151,4467729.667,14300000,56000000,16154,67000000,9571398.714,20500000,56000000,1014242,67000000,9571389.143,20500000,56000000,1014583,0,0,0,0,152,152,0.119374576,0.119374576,48,48,48,0,0,0,0,0,0,0,0,0,0,1,51,48,48,152,0,0,0,0,0,0,8,384,8,384,-1,-1,7,0,11000000,0,11000000,11000000,56000000,0,56000000,56000000,BENIGN
123,69066540,8,8,384,384,48,48,48,0,48,48,48,0,11.11971151,0.231660657,4604436,14200000,55900000,71888,69000000,9856366.857,20400000,56000000,1996248,69000000,9856344.286,20400000,56000000,1996318,0,0,0,0,164,164,0.115830328,0.115830328,48,48,48,0,0,0,0,0,0,0,0,0,0,1,51,48,48,164,0,0,0,0,0,0,8,384,8,384,-1,-1,7,0,13100000,0,13100000,13100000,55900000,0,55900000,55900000,BENIGN
123,71996253,6,6,288,288,48,48,48,0,48,48,48,0,8.000416355,0.166675341,6545113.909,19800000,66000000,3,72000000,14400000,29000000,66000000,3,72000000,14400000,29000000,66000000,3,0,0,0,0,144,144,0.08333767,0.08333767,48,48,48,0,0,0,0,0,0,0,0,0,0,1,52,48,48,144,0,0,0,0,0,0,6,288,6,288,-1,-1,5,20,125,14.14213562,135,115,36000000,42400000,66000000,6010334,BENIGN
123,71082592,8,8,384,384,48,48,48,0,48,48,48,0,10.80433308,0.225090272,4738839.467,14200000,55900000,88621,71000000,10100000,20300000,56000000,1996212,71000000,10100000,20300000,56000000,1996159,0,0,0,0,176,176,0.112545136,0.112545136,48,48,48,0,0,0,0,0,0,0,0,0,0,1,51,48,48,176,0,0,0,0,0,0,8,384,8,384,-1,-1,7,0,15100000,0,15100000,15100000,55900000,0,55900000,55900000,BENIGN
123,72085715,8,8,384,384,48,48,48,0,48,48,48,0,10.65398325,0.221957984,4805714.333,14700000,57900000,89373,72000000,10300000,21100000,58000000,1993025,72000000,10300000,21100000,58000000,1992916,0,0,0,0,184,176,0.110978992,0.110978992,48,48,48,0,0,0,0,0,0,0,0,0,0,1,51,48,48,184,0,0,0,0,0,0,8,384,8,384,-1,-1,7,0,14100000,0,14100000,14100000,57900000,0,57900000,57900000,BENIGN
123,70012970,8,8,384,384,48,48,48,0,48,48,48,0,10.9693961,0.228529085,4667531.333,14200000,56000000,27449,70000000,9997931.571,20300000,56000000,1996407,70000000,9997838,20300000,56000000,1996240,0,0,0,0,184,204,0.114264543,0.114264543,48,48,48,0,0,0,0,0,0,0,0,0,0,1,51,48,48,184,0,0,0,0,0,0,8,384,8,384,-1,-1,7,20,14000000,0,14000000,14000000,56000000,0,56000000,56000000,BENIGN
443,17734955,10,8,1026,3890,469,0,102.6,178.9035743,1448,0,486.25,623.7070627,277.1926966,1.01494478,1043232.647,2834416.776,9999832,4,10700000,1192931.667,3303441.521,9999832,139,17600000,2512397.143,4200291.157,10100000,4,0,0,0,0,328,264,0.563858211,0.451086569,0,1448,258.7368421,455.5803188,207553.4269,0,0,0,1,0,0,0,0,0,273.1111111,102.6,486.25,328,0,0,0,0,0,0,10,1026,8,3890,29200,543,3,32,442474,415890.5102,736553,148395,8425001.5,2227146.652,9999832,6850171,BENIGN
123,11022511,7,3,336,144,48,48,48,0,48,48,48,0,43.54724618,0.907234295,1224723.444,958202.0395,2003598,22546,11000000,1833327.5,403002.6843,2003598,1010762,11000000,5499853.5,6348671.261,9989042,1010665,0,0,0,0,132,72,0.635064007,0.272170289,48,48,48,0,0,0,0,0,0,0,0,0,0,0,52.8,48,48,132,0,0,0,0,0,0,7,336,3,144,-1,-1,6,0,0,0,0,0,0,0,0,0,BENIGN
123,110021565,10,10,480,480,48,48,48,0,48,48,48,0,8.72556212,0.181782544,5790608.684,15700000,62000000,22058,110000000,12200000,21600000,62000000,1000012,110000000,12200000,21600000,62000000,999838,0,0,0,0,260,260,0.090891272,0.090891272,48,48,48,0,0,0,0,0,0,0,0,0,0,1,50.4,48,48,260,0,0,0,0,0,0,10,480,10,480,-1,-1,9,20,6521975,9191952.578,13000000,22283,48500000,19100000,62000000,35000000,BENIGN
123,110015733,10,9,480,432,48,48,48,0,48,48,48,0,8.289723434,0.172702572,6111985.167,16100000,62000000,16485,110000000,12200000,21600000,62000000,999992,110000000,13700000,33600000,97000000,999858,0,0,0,0,248,216,0.09089609,0.081806481,48,48,48,0,0,0,0,0,0,0,0,0,0,0,50.52631579,48,48,248,0,0,0,0,0,0,10,480,9,432,-1,-1,9,20,13000000,0,13000000,13000000,48500000,19100000,62000000,35000000,BENIGN
445,109152497,124,113,33324,43490,3072,0,268.7419355,459.44052,3254,0,384.8672566,540.4735441,703.7310379,2.171274194,462510.5805,3442299.789,30000000,0,109000000,887418.3659,4737572.07,30000000,1,109000000,974575.625,4959248.993,30000000,1,0,0,0,0,2528,2356,1.136025317,1.035248878,0,3254,322.7478992,501.3985036,251400.4594,0,0,0,1,0,0,0,0,0,324.1097046,268.7419355,384.8672566,2528,0,0,0,0,0,0,124,33324,113,43490,8192,2049,102,20,796206,1762916.282,3949776,56,21000000,12400000,30000000,5333938,BENIGN
123,112016593,10,10,480,480,48,48,48,0,48,48,48,0,8.570158887,0.178544977,5895610.158,15200000,64000000,16510,112000000,12400000,20600000,64000000,1999879,112000000,12400000,20600000,64000000,1999476,0,0,0,0,252,252,0.089272488,0.089272488,48,48,48,0,0,0,0,0,0,0,0,0,0,1,50.4,48,48,252,0,0,0,0,0,0,10,480,10,480,-1,-1,9,0,4016663.333,3999871.509,8016377,16634,33300000,26900000,64000000,14000000,BENIGN
123,112041681,10,9,480,432,48,48,48,0,48,48,48,0,8.139827891,0.169579748,6224537.833,16300000,64000000,41801,112000000,12400000,21900000,64000000,1999854,112000000,14000000,23200000,64000000,1998594,0,0,0,0,236,204,0.089252499,0.080327249,48,48,48,0,0,0,0,0,0,0,0,0,0,0,50.52631579,48,48,236,0,0,0,0,0,0,10,480,9,432,-1,-1,9,20,7522801.5,10600000,15000000,45451,48500000,21900000,64000000,33000000,BENIGN
123,112016162,10,10,480,480,48,48,48,0,48,48,48,0,8.570191862,0.178545664,5895587.474,16000000,64000000,16181,112000000,12400000,22000000,64000000,1999942,112000000,12400000,22000000,64000000,1999674,0,0,0,0,248,248,0.089272832,0.089272832,48,48,48,0,0,0,0,0,0,0,0,0,0,1,50.4,48,48,248,0,0,0,0,0,0,10,480,10,480,-1,-1,9,20,7016432.5,9899484.33,14000000,16440,49000000,21200000,64000000,34000000,BENIGN
123,67071220,3,3,144,144,48,48,48,0,48,48,48,0,4.293943065,0.089457147,13400000,29300000,65900000,94077,67000000,33500000,46000000,66000000,981398,67000000,33500000,46000000,66000000,981331,0,0,0,0,96,96,0.044728574,0.044728574,48,48,48,0,0,0,0,0,0,0,0,0,0,1,56,48,48,96,0,0,0,0,0,0,3,144,3,144,-1,-1,2,32,1075475,0,1075475,1075475,65900000,0,65900000,65900000,BENIGN
138,61236758,24,0,5640,0,235,235,235,0,0,0,0,0,92.10154463,0.391921467,2662467.739,12800000,61200000,1,61200000,2662467.739,12800000,61200000,1,0,0,0,0,0,0,0,0,0,408,0,0.391921467,0,235,235,235,0,0,0,0,0,0,0,0,0,0,0,244.7916667,235,0,408,0,0,0,0,0,0,24,5640,0,0,-1,-1,23,14,22,0,22,22,61200000,0,61200000,61200000,BENIGN
138,61479696,23,0,5405,0,235,235,235,0,0,0,0,0,87.91520374,0.37410725,2794531.636,13100000,61500000,1,61500000,2794531.636,13100000,61500000,1,0,0,0,0,0,0,0,0,0,460,0,0.37410725,0,235,235,235,0,0,0,0,0,0,0,0,0,0,0,245.2173913,235,0,460,0,0,0,0,0,0,23,5405,0,0,-1,-1,22,20,20,0,20,20,61500000,0,61500000,61500000,BENIGN
123,3003733,3,3,144,144,48,48,48,0,48,48,48,0,95.88069246,1.997514426,600746.6,875071.4807,1978859,16517,2987216,1493608,709812.1717,1995521,991695,2987114,1493557,709679.2357,1995376,991738,0,0,0,0,72,72,0.998757213,0.998757213,48,48,48,0,0,0,0,0,0,0,0,0,0,1,56,48,48,72,0,0,0,0,0,0,3,144,3,144,-1,-1,2,20,0,0,0,0,0,0,0,0,BENIGN
123,71060971,9,9,432,432,48,48,48,0,48,48,48,0,12.15857295,0.253303603,4180057.118,13400000,55900000,71853,71000000,8873613.625,19000000,56000000,1987177,71000000,8873625.375,19000000,56000000,1987348,0,0,0,0,216,216,0.126651802,0.126651802,48,48,48,0,0,0,0,0,0,0,0,0,0,1,50.66666667,48,48,216,0,0,0,0,0,0,9,432,9,432,-1,-1,8,20,15100000,0,15100000,15100000,55900000,0,55900000,55900000,BENIGN
123,71022316,8,8,384,384,48,48,48,0,48,48,48,0,10.81350262,0.225281305,4734821.067,14200000,56000000,28714,71000000,10100000,20300000,56000000,1982935,71000000,10100000,20300000,56000000,1982967,0,0,0,0,184,184,0.112640652,0.112640652,48,48,48,0,0,0,0,0,0,0,0,0,0,1,51,48,48,184,0,0,0,0,0,0,8,384,8,384,-1,-1,7,20,15000000,0,15000000,15000000,56000000,0,56000000,56000000,BENIGN
123,69070374,8,8,384,384,48,48,48,0,48,48,48,0,11.11909427,0.231647797,4604691.6,14200000,55900000,92445,69000000,9853964.143,20400000,56000000,1995352,69000000,9853883.714,20400000,56000000,1995316,0,0,0,0,208,208,0.115823899,0.115823899,48,48,48,0,0,0,0,0,0,0,0,0,0,1,51,48,48,208,0,0,0,0,0,0,8,384,8,384,-1,-1,7,20,13100000,0,13100000,13100000,55900000,0,55900000,55900000,BENIGN
123,71016518,8,8,384,384,48,48,48,0,48,48,48,0,10.81438546,0.225299697,4734434.533,14500000,57000000,16069,71000000,10100000,20700000,57000000,1991356,71000000,10100000,20700000,57000000,1991096,0,0,0,0,172,172,0.112649849,0.112649849,48,48,48,0,0,0,0,0,0,0,0,0,0,1,51,48,48,172,0,0,0,0,0,0,8,384,8,384,-1,-1,7,20,14000000,0,14000000,14000000,57000000,0,57000000,57000000,BENIGN
445,66119,32,28,6108,3480,1478,0,190.875,345.6729528,256,0,124.2857143,80.71479608,145011.2676,907.4547407,1120.661017,5453.277669,37263,1,66119,2132.870968,7459.094752,37335,1,28768,1065.481481,3847.603014,19852,3,0,0,0,0,1040,912,483.9758617,423.478879,0,1478,157.1803279,257.2747888,66190.31694,0,0,0,1,0,0,0,0,0,159.8,190.875,124.2857143,1040,0,0,0,0,0,0,32,6108,28,3480,29200,2081,24,32,0,0,0,0,0,0,0,0,BENIGN
123,74567170,9,9,432,432,48,48,48,0,48,48,48,0,11.58686859,0.241393096,4386304.118,13400000,56000000,16253,74600000,9318859.125,18900000,56000000,1995519,74600000,9318839.25,18900000,56000000,1995561,0,0,0,0,228,228,0.120696548,0.120696548,48,48,48,0,0,0,0,0,0,0,0,0,0,1,50.66666667,48,48,228,0,0,0,0,0,0,9,432,9,432,-1,-1,8,20,18600000,0,18600000,18600000,56000000,0,56000000,56000000,BENIGN
123,70024132,3,3,144,144,48,48,48,0,48,48,48,0,4.112867832,0.085684747,14000000,28600000,65000000,36781,70000000,35000000,42400000,65000000,4991701,70000000,35000000,42400000,65000000,4991774,0,0,0,0,72,72,0.042842373,0.042842373,48,48,48,0,0,0,0,0,0,0,0,0,0,1,56,48,48,72,0,0,0,0,0,0,3,144,3,144,-1,-1,2,20,5028603,0,5028603,5028603,65000000,0,65000000,65000000,BENIGN
443,41561741,23,28,698,34523,350,0,30.34782609,85.85326207,3864,0,1232.964286,1026.797087,847.438032,1.227090078,831234.82,2691505.295,10000000,5,41600000,1889161.409,3901914.385,10200000,77,41400000,1533834.667,3590756.294,10200000,47,0,0,0,0,744,904,0.553393565,0.673696513,0,3864,677.3269231,963.6457066,928613.0479,0,0,0,1,0,0,0,0,1,690.6078431,30.34782609,1232.964286,744,0,0,0,0,0,0,23,698,28,34523,29200,252,3,32,539210,782115.3382,1712383,148088,9851163.75,325839.1075,10000000,9362652,BENIGN
443,41569660,23,28,698,35142,350,0,30.34782609,85.85326207,3864,0,1255.071429,1056.082731,862.1672633,1.226856318,831393.2,2691433.15,10000000,3,32100000,1456961.727,3525375.583,10200000,95,41400000,1534120.259,3590749.839,10200000,3,0,0,0,0,744,904,0.553288143,0.673568174,0,3864,689.2307692,987.1767948,974518.0241,0,0,0,1,0,0,0,0,1,702.745098,30.34782609,1255.071429,744,0,0,0,0,0,0,23,698,28,35142,29200,252,3,32,541538.5,785919.032,1720417,148320,9850875.75,322357.8827,10000000,9367632,BENIGN
443,656,2,0,0,0,0,0,0,0,0,0,0,0,0,3048.780488,656,0,656,656,656,656,0,656,656,0,0,0,0,0,0,0,0,0,64,0,3048.780488,0,0,0,0,0,0,0,0,0,0,1,0,0,0,0,0,0,0,64,0,0,0,0,0,0,2,0,0,0,801,-1,0,32,0,0,0,0,0,0,0,0,BENIGN
443,41573377,26,31,698,34122,350,0,26.84615385,81.14219238,2576,0,1100.709677,777.8383377,837.555246,1.371069759,742381.7321,2553702.418,10000000,6,41600000,1662927.68,3703321.864,10200000,108,41400000,1380812.567,3432124.489,10200000,48,0,0,0,0,840,1000,0.625400241,0.745669518,0,2576,600.3448276,783.4776624,613837.2474,0,0,0,1,0,0,0,0,1,610.877193,26.84615385,1100.709677,840,0,0,0,0,0,0,26,698,31,34122,29200,252,3,32,542261,787600.6707,1723662,148399,9851022.75,340027.6007,10000000,9341312,BENIGN
443,36716149,22,24,1458,18752,565,0,66.27272727,166.6716709,2576,0,781.3333333,799.0422346,550.4389908,1.252854704,815914.4222,2588799.736,10000000,2,31700000,1507834.667,3613604.599,10200000,2,36500000,1588064.696,3557191.883,10200000,2,0,0,0,0,712,776,0.59919138,0.653663324,0,2576,430,680.8886776,463609.3913,0,0,0,1,0,0,0,0,1,439.3478261,66.27272727,781.3333333,712,0,0,0,0,0,0,22,1458,24,18752,29200,261,4,32,539690.6667,603006.1824,1235981,190412,10000000,13402.00131,10000000,10000000,BENIGN
443,775,2,0,0,0,0,0,0,0,0,0,0,0,0,2580.645161,775,0,775,775,775,775,0,775,775,0,0,0,0,0,0,0,0,0,64,0,2580.645161,0,0,0,0,0,0,0,0,0,0,1,0,0,0,0,0,0,0,64,0,0,0,0,0,0,2,0,0,0,565,-1,0,32,0,0,0,0,0,0,0,0,BENIGN
123,68994232,8,8,384,384,48,48,48,0,48,48,48,0,11.1313653,0.231903444,4599615.467,14300000,56000000,16120,69000000,9853967,20400000,56000000,1991135,69000000,9853976.571,20400000,56000000,1991191,0,0,0,0,208,208,0.115951722,0.115951722,48,48,48,0,0,0,0,0,0,0,0,0,0,1,51,48,48,208,0,0,0,0,0,0,8,384,8,384,-1,-1,7,20,13000000,0,13000000,13000000,56000000,0,56000000,56000000,BENIGN
123,72993764,6,6,288,288,48,48,48,0,48,48,48,0,7.891085052,0.164397605,6635796.727,20400000,68000000,3,73000000,14600000,29900000,68000000,3,73000000,14600000,29900000,68000000,3,0,0,0,0,168,168,0.082198803,0.082198803,48,48,48,0,0,0,0,0,0,0,0,0,0,1,52,48,48,168,0,0,0,0,0,0,6,288,6,288,-1,-1,5,20,155,16.97056275,167,143,36500000,44500000,68000000,5014604,BENIGN
123,70059569,9,9,432,432,48,48,48,0,48,48,48,0,12.33236248,0.256924218,4121151.118,13900000,57900000,52041,70000000,8750011.5,19900000,58000000,1004054,70000000,8749907.875,19900000,58000000,998449,0,0,0,0,240,240,0.128462109,0.128462109,48,48,48,0,0,0,0,0,0,0,0,0,0,1,50.66666667,48,48,240,0,0,0,0,0,0,9,432,9,432,-1,-1,8,20,12100000,0,12100000,12100000,57900000,0,57900000,57900000,BENIGN
123,11015273,7,7,336,336,48,48,48,0,48,48,48,0,61.00620475,1.270962599,847328.6923,970192.4587,1990896,16291,11000000,1833130.667,406216.7533,2007447,1004055,11000000,1833120.333,406230.847,2007228,1004014,0,0,0,0,176,176,0.635481299,0.635481299,48,48,48,0,0,0,0,0,0,0,0,0,0,1,51.42857143,48,48,176,0,0,0,0,0,0,7,336,7,336,-1,-1,6,20,0,0,0,0,0,0,0,0,BENIGN
123,72029072,8,8,384,384,48,48,48,0,48,48,48,0,10.66236144,0.22213253,4801938.133,14800000,58000000,28684,72000000,10300000,21100000,58000000,1986959,72000000,10300000,21100000,58000000,1986926,0,0,0,0,196,196,0.111066265,0.111066265,48,48,48,0,0,0,0,0,0,0,0,0,0,1,51,48,48,196,0,0,0,0,0,0,8,384,8,384,-1,-1,7,20,14000000,0,14000000,14000000,58000000,0,58000000,58000000,BENIGN
443,43811445,21,25,954,29091,517,0,45.42857143,133.0449441,3864,0,1163.64,1136.693446,685.7797089,1.049953956,973587.6667,2838090.421,10000000,4,34300000,1714404.85,3672825.906,10200000,50,43700000,1819305.292,3773641.371,10200000,4,0,0,0,0,680,808,0.479326806,0.57062715,0,3864,639.2553191,1000.566263,1001132.846,0,0,0,1,0,0,0,0,1,653.1521739,45.42857143,1163.64,680,0,0,0,0,0,0,21,954,25,29091,29200,243,3,32,1102859.5,1909488.335,3967092,148048,9850000.75,316570.5896,10000000,9375296,BENIGN
443,779,2,0,0,0,0,0,0,0,0,0,0,0,0,2567.394095,779,0,779,779,779,779,0,779,779,0,0,0,0,0,0,0,0,0,64,0,2567.394095,0,0,0,0,0,0,0,0,0,0,1,0,0,0,0,0,0,0,64,0,0,0,0,0,0,2,0,0,0,699,-1,0,32,0,0,0,0,0,0,0,0,BENIGN
443,43849481,21,24,954,27413,517,0,45.42857143,133.0449441,4045,0,1142.208333,1107.436954,646.917577,1.026237916,996579.1136,2867532.332,10000000,1,34300000,1716256.8,3673335.391,10200000,48,43700000,1900063.652,3838563.88,10200000,1,0,0,0,0,680,776,0.478911027,0.547326889,0,4045,616.673913,970.9457944,942735.7357,0,0,0,1,0,0,0,0,1,630.3777778,45.42857143,1142.208333,680,0,0,0,0,0,0,21,954,24,27413,29200,243,3,32,1112507.5,1928465.01,4005205,148108,9849862.5,316157.0671,10000000,9375798,BENIGN
443,43813765,19,24,954,27253,517,0,50.21052632,139.3351591,3864,0,1135.541667,1087.378778,643.7931093,0.981426727,1043184.881,2927668.438,10000000,4,34300000,1904939.944,3833388.345,10200000,229,43700000,1898507.609,3838393.919,10200000,4,0,0,0,0,616,776,0.43365367,0.547773057,0,3864,641.0681818,969.9759622,940853.3673,0,0,0,1,0,0,0,0,1,655.9767442,50.21052632,1135.541667,616,0,0,0,0,0,0,19,954,24,27253,29200,243,3,32,1102900,1909136.008,3966604,148181,9850540.25,316264.9915,10000000,9376272,BENIGN
443,1032,2,0,0,0,0,0,0,0,0,0,0,0,0,1937.984496,1032,0,1032,1032,1032,1032,0,1032,1032,0,0,0,0,0,0,0,0,0,64,0,1937.984496,0,0,0,0,0,0,0,0,0,0,1,0,0,0,0,0,0,0,64,0,0,0,0,0,0,2,0,0,0,675,-1,0,32,0,0,0,0,0,0,0,0,BENIGN
443,43814737,21,24,954,29266,517,0,45.42857143,133.0449441,3864,0,1219.416667,1165.65335,689.7222731,1.027051697,995789.4773,2866237.04,10000000,10,43800000,2190727.7,4037552.218,10200000,205,43700000,1898530.522,3837505.796,10200000,85,0,0,0,0,680,776,0.479290792,0.547760905,0,3864,656.9565217,1027.216064,1055172.843,0,0,0,1,0,0,0,0,1,671.5555556,45.42857143,1219.416667,680,0,0,0,0,0,0,21,954,24,29266,29200,243,3,32,1106117.75,1912103.457,3974271,148417,9847505.25,313507.8844,10000000,9377314,BENIGN
443,2314,2,0,0,0,0,0,0,0,0,0,0,0,0,864.3042351,2314,0,2314,2314,2314,2314,0,2314,2314,0,0,0,0,0,0,0,0,0,64,0,864.3042351,0,0,0,0,0,0,0,0,0,0,1,0,0,0,0,0,0,0,64,0,0,0,0,0,0,2,0,0,0,662,-1,0,32,0,0,0,0,0,0,0,0,BENIGN
443,43852723,18,21,954,21314,517,0,53,142.8277449,2576,0,1014.952381,995.5773941,507.7905881,0.889340441,1154019.026,3060350.935,10000000,0,34300000,2019122.941,3920268.476,10200000,90,43700000,2185206.05,4050149.243,10200000,3,0,0,0,0,584,680,0.410464819,0.478875622,0,2576,556.7,869.0835786,755306.2667,0,0,0,1,0,0,0,0,1,570.974359,53,1014.952381,584,0,0,0,0,0,0,18,954,21,21314,29200,243,3,32,1114990,1929540.068,4009298,148366,9848190,312971.3032,10000000,9378834,BENIGN
443,896,2,0,0,0,0,0,0,0,0,0,0,0,0,2232.142857,896,0,896,896,896,896,0,896,896,0,0,0,0,0,0,0,0,0,64,0,2232.142857,0,0,0,0,0,0,0,0,0,0,1,0,0,0,0,0,0,0,64,0,0,0,0,0,0,2,0,0,0,575,-1,0,32,0,0,0,0,0,0,0,0,BENIGN
443,43843479,24,28,1029,31687,517,0,42.875,127.1621055,2576,0,1131.678571,876.342866,746.1999081,1.186037267,859676.0588,2681288.7,10000000,3,34300000,1492190.826,3463926.606,10200000,183,43700000,1618338.778,3596554.821,10200000,3,0,0,0,0,776,904,0.547401815,0.638635451,0,2576,617.2830189,841.4259275,707997.5914,0,0,0,1,0,0,0,0,1,629.1538462,42.875,1131.678571,776,0,0,0,0,0,0,24,1029,28,31687,29200,252,3,32,1109439,1922589.334,3993323,148109,9851430,317747.0395,10000000,9374978,BENIGN
443,43843640,22,25,1029,28149,517,0,46.77272727,132.3602342,3864,0,1125.96,1016.024216,665.5013133,1.071991285,953122.6087,2809173.304,10000000,2,34300000,1634301.429,3597683.074,10200000,49,43700000,1820631.167,3771840.211,10200000,2,0,0,0,0,712,808,0.501783155,0.570208131,0,3864,607.875,912.6700279,832966.5798,0,0,0,1,0,0,0,0,1,620.8085106,46.77272727,1125.96,712,0,0,0,0,0,0,22,1029,25,28149,29200,252,3,32,1112022,1926751.337,4002149,148562,9848887.5,316152.699,10000000,9374746,BENIGN
443,43880338,23,27,1029,29062,517,0,44.73913043,129.6843081,2576,0,1076.37037,844.9269949,685.7513267,1.139462508,895517.102,2731237.997,10000000,3,34400000,1561682.045,3530294.493,10200000,215,43700000,1682002.846,3653461.924,10200000,3,0,0,0,0,744,872,0.524152754,0.615309754,0,2576,590.0196078,806.2837091,650093.4196,0,0,0,1,0,0,0,0,1,601.82,44.73913043,1076.37037,744,0,0,0,0,0,0,23,1029,27,29062,29200,252,3,32,1118960.75,1941718.168,4031538,148028,9851123,317346.4493,10000000,9375302,BENIGN
443,43843756,27,26,1029,28394,517,0,38.11111111,120.3866634,3069,0,1092.076923,858.0099264,671.0875774,1.208838038,843149.1538,2657237.244,10000000,8,43800000,1686291.577,3643473.73,10200000,110,43700000,1747815.68,3711404.101,10200000,171,0,0,0,0,872,840,0.615823152,0.593014887,0,3069,544.8703704,798.5514018,637684.3414,0,0,0,1,0,0,0,0,0,555.1509434,38.11111111,1092.076923,872,0,0,0,0,0,0,27,1029,26,28394,29200,252,3,32,1110452.25,1924054.504,3996534,148294,9850426,316980.0521,10000000,9375061,BENIGN
443,43844320,28,30,1029,33828,517,0,36.75,118.3555926,2576,0,1127.6,821.7589461,795.0174618,1.322862346,769198.5965,2547167.982,10000000,1,34300000,1271129.185,3231266.245,10200000,48,43700000,1506755.724,3490378.888,10200000,1,0,0,0,0,904,968,0.638623201,0.684239144,0,2576,590.7966102,804.624924,647421.2683,0,0,0,1,0,0,0,0,1,600.9827586,36.75,1127.6,904,0,0,0,0,0,0,28,1029,30,33828,29200,252,3,32,1111144.75,1925303.525,3999100,148074,9849935,316208.7863,10000000,9375757,BENIGN
443,720,2,0,0,0,0,0,0,0,0,0,0,0,0,2777.777778,720,0,720,720,720,720,0,720,720,0,0,0,0,0,0,0,0,0,64,0,2777.777778,0,0,0,0,0,0,0,0,0,0,1,0,0,0,0,0,0,0,64,0,0,0,0,0,0,2,0,0,0,756,-1,0,32,0,0,0,0,0,0,0,0,BENIGN
443,43844508,24,27,1029,34203,517,0,42.875,127.1621055,3864,0,1266.777778,1062.645912,803.5670055,1.163201558,876890.16,2705045.124,10000000,2,34300000,1492192.478,3462697.079,10200000,192,43700000,1680631.192,3652033.053,10200000,2,0,0,0,0,776,872,0.547388968,0.615812589,0,3864,677.5384615,982.5160072,965337.7044,0,0,0,1,0,0,0,0,1,690.8235294,42.875,1266.777778,776,0,0,0,0,0,0,24,1029,27,34203,29200,252,3,32,1112231.5,1928189.668,4004516,148059,9848895,315336.4927,10000000,9376020,BENIGN
443,43881721,26,28,1029,31671,517,0,39.57692308,122.5248295,3864,0,1131.107143,943.8102971,745.184994,1.230580724,827957,2634342.008,10000000,3,34400000,1374289.12,3341769.981,10200000,3,43700000,1619749.63,3596409.362,10200000,3,0,0,0,0,840,904,0.59250183,0.638078894,0,3864,594.5454545,869.7455315,756457.2896,0,0,0,1,0,0,0,0,1,605.5555556,39.57692308,1131.107143,840,0,0,0,0,0,0,26,1029,28,31671,29200,252,3,32,1121158.5,1944769.687,4038313,148554,9849271,315634.6238,10000000,9375895,BENIGN
443,43845953,25,28,1029,30439,517,0,41.16,124.7796992,2576,0,1087.107143,787.8936448,717.6945156,1.208777467,843191.4038,2657524.197,10000000,4,34300000,1430040.333,3401185.634,10200000,220,43700000,1618429.074,3596573.088,10200000,4,0,0,0,0,808,904,0.57017805,0.638599416,0,2576,582.7407407,776.1754855,602448.3843,0,0,0,1,0,0,0,0,1,593.7358491,41.16,1087.107143,808,0,0,0,0,0,0,25,1029,28,30439,29200,252,3,32,1110329.75,1924298.835,3996778,148092,9851157.5,316328.2469,10000000,9376889,BENIGN
443,43845967,25,28,1029,31256,517,0,41.16,124.7796992,2576,0,1116.285714,808.9952551,736.3276992,1.208777081,843191.6731,2657349.516,10000000,9,34300000,1430030.375,3400851.037,10200000,224,43700000,1618437.407,3596306.147,10200000,10,0,0,0,0,808,904,0.570177868,0.638599213,0,2576,597.8703704,797.1079103,635381.0206,0,0,0,1,0,0,0,0,1,609.1509434,41.16,1116.285714,808,0,0,0,0,0,0,25,1029,28,31256,29200,252,3,32,1111070.25,1925865.835,3999869,148051,9850419,315598.1402,10000000,9377177,BENIGN
443,43846209,21,25,1029,28576,517,0,49,135.2057691,2576,0,1143.04,943.0402731,675.2009051,1.049121487,974360.2,2837540.155,10000000,2,34300000,1716037.85,3671464.363,10200000,189,43700000,1820731.417,3772647.696,10200000,2,0,0,0,0,680,808,0.478946766,0.570174721,0,2576,629.893617,881.8870882,777724.8363,0,0,0,1,0,0,0,0,1,643.5869565,49,1143.04,680,0,0,0,0,0,0,21,1029,25,28576,29200,252,3,32,1112457,1927383.353,4003532,148568,9849094.75,314875.0345,10000000,9376881,BENIGN
443,8676,2,0,0,0,0,0,0,0,0,0,0,0,0,230.5209774,8676,0,8676,8676,8676,8676,0,8676,8676,0,0,0,0,0,0,0,0,0,64,0,230.5209774,0,0,0,0,0,0,0,0,0,0,1,0,0,0,0,0,0,0,64,0,0,0,0,0,0,2,0,0,0,705,-1,0,32,0,0,0,0,0,0,0,0,BENIGN
443,8389,2,0,0,0,0,0,0,0,0,0,0,0,0,238.4074383,8389,0,8389,8389,8389,8389,0,8389,8389,0,0,0,0,0,0,0,0,0,64,0,238.4074383,0,0,0,0,0,0,0,0,0,0,1,0,0,0,0,0,0,0,64,0,0,0,0,0,0,2,0,0,0,809,-1,0,32,0,0,0,0,0,0,0,0,BENIGN
443,7148,2,0,0,0,0,0,0,0,0,0,0,0,0,279.798545,7148,0,7148,7148,7148,7148,0,7148,7148,0,0,0,0,0,0,0,0,0,64,0,279.798545,0,0,0,0,0,0,0,0,0,0,1,0,0,0,0,0,0,0,64,0,0,0,0,0,0,2,0,0,0,755,-1,0,32,0,0,0,0,0,0,0,0,BENIGN
443,8043,2,0,0,0,0,0,0,0,0,0,0,0,0,248.663434,8043,0,8043,8043,8043,8043,0,8043,8043,0,0,0,0,0,0,0,0,0,64,0,248.663434,0,0,0,0,0,0,0,0,0,0,1,0,0,0,0,0,0,0,64,0,0,0,0,0,0,2,0,0,0,774,-1,0,32,0,0,0,0,0,0,0,0,BENIGN
443,7693,2,0,0,0,0,0,0,0,0,0,0,0,0,259.9766021,7693,0,7693,7693,7693,7693,0,7693,7693,0,0,0,0,0,0,0,0,0,64,0,259.9766021,0,0,0,0,0,0,0,0,0,0,1,0,0,0,0,0,0,0,64,0,0,0,0,0,0,2,0,0,0,743,-1,0,32,0,0,0,0,0,0,0,0,BENIGN
443,9500,2,0,0,0,0,0,0,0,0,0,0,0,0,210.5263158,9500,0,9500,9500,9500,9500,0,9500,9500,0,0,0,0,0,0,0,0,0,64,0,210.5263158,0,0,0,0,0,0,0,0,0,0,1,0,0,0,0,0,0,0,64,0,0,0,0,0,0,2,0,0,0,727,-1,0,32,0,0,0,0,0,0,0,0,BENIGN
443,7494,2,0,0,0,0,0,0,0,0,0,0,0,0,266.8801708,7494,0,7494,7494,7494,7494,0,7494,7494,0,0,0,0,0,0,0,0,0,64,0,266.8801708,0,0,0,0,0,0,0,0,0,0,1,0,0,0,0,0,0,0,64,0,0,0,0,0,0,2,0,0,0,707,-1,0,32,0,0,0,0,0,0,0,0,BENIGN
443,8992,2,0,0,0,0,0,0,0,0,0,0,0,0,222.4199288,8992,0,8992,8992,8992,8992,0,8992,8992,0,0,0,0,0,0,0,0,0,64,0,222.4199288,0,0,0,0,0,0,0,0,0,0,1,0,0,0,0,0,0,0,64,0,0,0,0,0,0,2,0,0,0,800,-1,0,32,0,0,0,0,0,0,0,0,BENIGN
3268,111231413,64,40,11440,7324,403,0,178.75,167.785199,632,72,183.1,132.6193318,168.6933528,0.934987673,1079916.631,3873566.279,16500000,2,111000000,1765577.984,4843008.829,16500000,2,111000000,2852077.974,5925352.643,16500000,2,1,0,0,0,2048,1280,0.57537703,0.359610643,0,632,182.5428571,155.323176,24125.28901,0,1,0,0,1,0,0,0,0,184.2980769,178.75,183.1,2048,0,0,0,0,0,0,64,11440,40,7324,299,258,39,32,23578,65468.0317,185603,367,13900000,3950944.152,16500000,6370788,BENIGN
389,111231452,52,26,9666,11698,452,0,185.8846154,195.3818437,1173,243,449.9230769,282.4984139,192.0679773,0.701240509,1444564.312,4427877.344,16500000,2,111000000,2181008.863,5306877.992,16500000,2,111000000,4449244.36,6940015.952,16500000,3,1,0,0,0,1664,832,0.467493673,0.233746836,0,1173,275.5316456,257.3754035,66242.09834,0,1,0,0,1,0,0,0,0,279.0641026,185.8846154,449.9230769,1664,0,0,0,0,0,0,52,9666,26,11698,480,2076,25,32,22477.375,62567.09042,177323,315,13900000,3949480.549,16500000,6370803,BENIGN
443,45796753,14,13,1369,4421,437,0,97.78571429,168.7807766,1448,0,340.0769231,519.7055996,126.4281771,0.589561448,1761413.577,3683114.239,10000000,38,45800000,3522817.385,4733743.995,10200000,182,45600000,3803788.417,4852423.134,10200000,199,0,0,0,0,456,424,0.305698528,0.283862919,0,1448,206.7857143,387.3708489,150056.1746,0,0,0,1,0,0,0,0,0,214.4444444,97.78571429,340.0769231,456,0,0,0,0,0,0,14,1369,13,4421,29200,19,4,32,316957.25,331173.252,813717,151120,10000000,33030.83179,10000000,9959898,BENIGN
80,46038955,9,9,459,2149,459,0,51,153,1460,0,238.7777778,511.5158301,56.64768021,0.390973253,2708173.824,4407186.623,10000000,36,40100000,5013228.5,5348950.675,10000000,189,46000000,5752983,4955358.207,10000000,181,0,0,0,0,200,192,0.195486626,0.195486626,0,1460,137.2631579,369.6108828,136612.2047,0,0,0,1,0,0,0,0,1,144.8888889,51,238.7777778,200,0,0,0,0,0,0,9,459,9,2149,29200,30,1,20,21108.75,11939.95453,39018,14995,10000000,10232.44443,10000000,9999090,BENIGN
0,117470203,110,0,0,0,0,0,0,0,0,0,0,0,0,0.936407678,1077708.284,2596598.464,13200000,0,117000000,1077708.284,2596598.464,13200000,0,0,0,0,0,0,0,0,0,0,0,0,0.936407678,0,0,0,0,0,0,0,0,0,0,0,0,0,0,0,0,0,0,0,0,0,0,0,0,0,110,0,0,0,-1,-1,0,0,3121965.8,2990832.478,8299849,19,8446926.3,2469243.403,13200000,5320863,BENIGN
123,69016385,7,4,336,192,48,48,48,0,48,48,48,0,7.65035723,0.159382442,6901638.5,18300000,59000000,16153,69000000,11500000,23300000,59000000,1999812,69000000,23000000,36400000,65000000,1999440,0,0,0,0,140,80,0.101425191,0.057957252,48,48,48,0,0,0,0,0,0,0,0,0,0,0,52.36363636,48,48,140,0,0,0,0,0,0,7,336,4,192,-1,-1,6,20,9999919,0,9999919,9999919,59000000,0,59000000,59000000,BENIGN
53,23544,1,1,43,206,43,43,43,0,206,206,206,0,10575.94292,84.94733265,23544,0,23544,23544,0,0,0,0,0,0,0,0,0,0,0,0,0,0,20,20,42.47366633,42.47366633,43,206,97.33333333,94.10809388,8856.333333,0,0,0,0,0,0,0,0,1,146,43,206,20,0,0,0,0,0,0,1,43,1,206,-1,-1,0,20,0,0,0,0,0,0,0,0,BENIGN
443,66052523,16,16,656,6793,316,0,41,93.41234751,2576,0,424.5625,737.8476779,112.7738906,0.484462948,2130726.548,3991940.021,10000000,3,61900000,4127754.2,5086432.444,10200000,224,65900000,4393630,4980466.271,10200000,4,0,0,0,0,520,520,0.242231474,0.242231474,0,2576,225.7272727,545.6270059,297708.8295,0,0,0,1,0,0,0,0,1,232.78125,41,424.5625,520,0,0,0,0,0,0,16,656,16,6793,29200,18,3,32,299401.8333,369417.9864,1053473,148302,10000000,11988.21809,10000000,9999306,BENIGN
443,535,2,0,0,0,0,0,0,0,0,0,0,0,0,3738.317757,535,0,535,535,535,535,0,535,535,0,0,0,0,0,0,0,0,0,64,0,3738.317757,0,0,0,0,0,0,0,0,0,0,1,0,0,0,0,0,0,0,64,0,0,0,0,0,0,2,0,0,0,372,-1,0,32,0,0,0,0,0,0,0,0,BENIGN
443,66157533,13,14,1127,844,523,0,86.69230769,193.7964502,656,0,60.28571429,176.5186539,29.79252567,0.40811679,2544520.5,4245415.814,10000000,3,62000000,5169067.25,5198838.683,10200000,147,66000000,5077623.846,5015110.199,10200000,3,0,0,0,0,424,456,0.196500677,0.211616113,0,656,70.39285714,179.0498253,32058.83995,0,0,0,1,0,0,0,0,1,73,86.69230769,60.28571429,424,0,0,0,0,0,0,13,1127,14,844,29200,130,3,32,317147,413665.4463,1161538,148153,10000000,11458.11736,10000000,9999714,BENIGN
443,729,2,0,0,0,0,0,0,0,0,0,0,0,0,2743.484225,729,0,729,729,729,729,0,729,729,0,0,0,0,0,0,0,0,0,64,0,2743.484225,0,0,0,0,0,0,0,0,0,0,1,0,0,0,0,0,0,0,64,0,0,0,0,0,0,2,0,0,0,247,-1,0,32,0,0,0,0,0,0,0,0,BENIGN
443,67444653,129,251,1717,439381,572,0,13.31007752,74.22535349,3864,0,1750.521912,831.1541966,6540.147816,5.634249464,177954.2296,1266022.448,10000000,0,63500000,495937.5078,2149320.922,10200000,1,67300000,269184.96,1575053.211,10200000,1,0,0,0,0,4136,8040,1.912679423,3.721570041,0,3864,1157.737533,1066.107948,1136586.157,0,0,0,1,0,0,0,0,1,1160.784211,13.31007752,1750.521912,4136,0,0,0,0,0,0,129,1717,251,439381,29200,156,5,32,557828.8333,1002925.547,2605042,148121,10000000,9749.642079,10000000,10000000,BENIGN
443,67086404,120,206,1661,321282,517,0,13.84166667,79.53309082,3864,0,1559.621359,732.969751,4813.836795,4.859404895,206419.7046,1364424.599,10000000,1,63100000,530187.7059,2223957.426,10200000,1,66900000,326527.9463,1734910.425,10200000,1,0,0,0,0,3848,6600,1.788737998,3.070666897,0,3864,987.5932722,948.1218388,898935.0212,0,0,0,1,0,0,0,0,1,990.6226994,13.84166667,1559.621359,3848,0,0,0,0,0,0,120,1661,206,321282,29200,19,4,32,502323.3333,867389.6402,2272875,148012,10000000,27248.50366,10000000,9959921,BENIGN
443,592,2,0,0,0,0,0,0,0,0,0,0,0,0,3378.378378,592,0,592,592,592,592,0,592,592,0,0,0,0,0,0,0,0,0,64,0,3378.378378,0,0,0,0,0,0,0,0,0,0,1,0,0,0,0,0,0,0,64,0,0,0,0,0,0,2,0,0,0,2857,-1,0,32,0,0,0,0,0,0,0,0,BENIGN
443,67154103,79,126,2210,204890,542,0,27.97468354,114.0498063,3864,0,1626.111111,918.666148,3083.951549,3.052680191,329186.7794,1713656.395,10000000,1,67200000,860947.4359,2736107.786,10200000,1,67000000,536048.576,2201531.576,10200000,1,0,0,0,0,2536,4040,1.176398708,1.876281484,0,3864,1005.339806,1062.757266,1129453.006,0,0,0,1,0,0,0,0,1,1010.243902,27.97468354,1626.111111,2536,0,0,0,0,0,0,79,2210,126,204890,29200,156,5,32,490266.8333,838226.2579,2201289,147924,10000000,24225.21467,10000000,9967873,BENIGN
443,66653085,15,15,835,4634,490,0,55.66666667,134.5233207,1288,0,308.9333333,522.3819712,82.05171599,0.450091695,2298382.241,4081856.924,10000000,3,62500000,4465972.429,5110284.127,10200000,256,66500000,4750307.429,4976926.428,10200000,3,0,0,0,0,488,488,0.225045847,0.225045847,0,1288,176.4193548,391.022316,152898.4516,0,0,0,1,0,0,0,0,1,182.3,55.66666667,308.9333333,488,0,0,0,0,0,0,15,835,15,4634,29200,139,3,32,398661.1667,613333.2274,1650622,147890,10000000,10494.99693,10000000,10000000,BENIGN
443,549,2,0,0,0,0,0,0,0,0,0,0,0,0,3642.98725,549,0,549,549,549,549,0,549,549,0,0,0,0,0,0,0,0,0,64,0,3642.98725,0,0,0,0,0,0,0,0,0,0,1,0,0,0,0,0,0,0,64,0,0,0,0,0,0,2,0,0,0,332,-1,0,32,0,0,0,0,0,0,0,0,BENIGN
53708,374373,15,8,20514,0,2920,0,1367.6,1158.048593,0,0,0,0,54795.61827,61.43605442,17016.95455,65537.45582,305476,2,374373,26740.92857,81599.31831,305476,2,361753,51679,113918.118,305692,3,0,0,0,0,324,184,40.06699201,21.36906241,0,2920,854.75,1128.594287,1273725.065,0,0,0,1,0,0,0,0,0,891.9130435,1367.6,0,324,0,0,0,0,0,0,15,20514,8,0,8192,389,10,20,0,0,0,0,0,0,0,0,BENIGN
53708,106,1,1,0,0,0,0,0,0,0,0,0,0,0,18867.92453,106,0,106,106,0,0,0,0,0,0,0,0,0,0,0,0,0,0,20,20,9433.962264,9433.962264,0,0,0,0,0,0,0,0,0,1,1,0,0,1,0,0,0,20,0,0,0,0,0,0,1,0,1,0,256,389,0,20,0,0,0,0,0,0,0,0,BENIGN
21,645157,18,27,176,484,43,0,9.777777778,13.02285573,52,0,17.92592593,15.57099356,1023.006803,69.75046384,14662.65909,45584.24007,214727,1,645032,37943.05882,71998.26682,215053,3,645008,24808,57624.13361,214727,1,0,0,0,0,408,564,27.90018554,41.8502783,0,52,14.34782609,14.99217187,224.7652174,0,0,0,1,0,0,0,0,1,14.66666667,9.777777778,17.92592593,408,0,0,0,0,0,0,18,176,27,484,8192,229,12,20,0,0,0,0,0,0,0,0,BENIGN
1065,79,1,3,0,0,0,0,0,0,0,0,0,0,0,50632.91139,26.33333333,23.71356855,48,1,0,0,0,0,0,49,24.5,33.23401872,48,1,0,0,0,0,20,60,12658.22785,37974.68354,0,0,0,0,0,0,0,0,0,1,1,0,0,3,0,0,0,20,0,0,0,0,0,0,1,0,3,0,229,255,0,20,0,0,0,0,0,0,0,0,BENIGN
80,62486120,10,10,432,1770,432,0,43.2,136.6103949,1770,0,177,559.7231458,35.23982606,0.320071081,3288743.158,4715191.367,10000000,40,60300000,6701710.556,5007572.562,10100000,239,62400000,6938806.222,4700919.199,10100000,904,0,0,0,0,328,328,0.160035541,0.160035541,0,1770,104.8571429,392.9776439,154431.4286,0,0,0,1,0,0,0,0,1,110.1,43.2,177,328,0,0,0,0,0,0,10,432,10,1770,29200,939,1,32,43148.83333,15603.91412,75000,36725,10000000,6378.083317,10000000,9996827,BENIGN
443,65600114,15,17,834,5818,489,0,55.6,134.2927506,1288,0,342.2352941,527.2220274,101.4022628,0.48780403,2116132.71,3995581.193,10000000,4,61600000,4396721.357,5164847.552,10200000,191,65500000,4090742,4952094.091,10200000,4,0,0,0,0,488,552,0.228658139,0.259145891,0,1288,201.5757576,410.6590001,168640.8144,0,0,0,1,0,0,0,0,1,207.875,55.6,342.2352941,488,0,0,0,0,0,0,15,834,17,5818,29200,139,3,32,239349,223157.4003,694867,147993,10000000,12705.77673,10000000,9999685,BENIGN
443,693,2,0,0,0,0,0,0,0,0,0,0,0,0,2886.002886,693,0,693,693,693,693,0,693,693,0,0,0,0,0,0,0,0,0,64,0,2886.002886,0,0,0,0,0,0,0,0,0,0,1,0,0,0,0,0,0,0,64,0,0,0,0,0,0,2,0,0,0,343,-1,0,32,0,0,0,0,0,0,0,0,BENIGN
443,65669613,19,20,801,10435,437,0,42.15789474,111.4172653,1288,0,521.75,611.2390242,171.0989221,0.593881983,1728147.711,3676742.778,10000000,0,61900000,3439239.778,4901138.99,10200000,211,65500000,3445622.895,4786766.418,10200000,4,0,0,0,0,616,648,0.28932712,0.304554863,0,1288,280.9,497.2781196,247285.5282,0,0,0,1,0,0,0,0,1,288.1025641,42.15789474,521.75,616,0,0,0,0,0,0,19,801,20,10435,29200,139,3,32,312740.5,268977.3075,861788,202664,10000000,5015.76584,10000000,9996940,BENIGN
443,684,2,0,0,0,0,0,0,0,0,0,0,0,0,2923.976608,684,0,684,684,684,684,0,684,684,0,0,0,0,0,0,0,0,0,64,0,2923.976608,0,0,0,0,0,0,0,0,0,0,1,0,0,0,0,0,0,0,64,0,0,0,0,0,0,2,0,0,0,437,-1,0,32,0,0,0,0,0,0,0,0,BENIGN
443,4188450,9,11,703,3950,267,0,78.11111111,103.3022803,1448,0,359.0909091,569.9183195,1110.912151,4.775036111,220444.7368,469520.4601,1560269,3,2532977,316622.125,538962.7868,1517481,239,4093380,409338,598963.656,1560269,3,0,0,0,0,296,360,2.14876625,2.626269861,0,1448,221.5714286,434.4990876,188789.4571,0,0,0,1,0,0,0,0,1,232.65,78.11111111,359.0909091,296,0,0,0,0,0,0,9,703,11,3950,29200,252,4,32,0,0,0,0,0,0,0,0,BENIGN
443,65467675,15,16,1479,5740,1134,0,98.6,292.7528943,2184,0,358.75,661.9932024,110.2681591,0.473516128,2182255.833,4044359.531,10000000,3,61500000,4393528.357,5169009.572,10200000,222,65300000,4354622.4,5004407.655,10200000,3,0,0,0,0,488,520,0.229120707,0.244395421,0,2184,225.59375,518.990264,269350.8942,0,0,0,1,0,0,0,0,1,232.8709677,98.6,358.75,488,0,0,0,0,0,0,15,1479,16,5740,29200,148,3,32,230916.5,201698.2511,642631,148243,10000000,11617.3919,10000000,9999208,BENIGN
443,628,2,0,0,0,0,0,0,0,0,0,0,0,0,3184.713376,628,0,628,628,628,628,0,628,628,0,0,0,0,0,0,0,0,0,64,0,3184.713376,0,0,0,0,0,0,0,0,0,0,1,0,0,0,0,0,0,0,64,0,0,0,0,0,0,2,0,0,0,346,-1,0,32,0,0,0,0,0,0,0,0,BENIGN
443,73489552,172,454,4411,748034,1712,0,25.64534884,162.67611,3864,0,1647.651982,742.4102669,10238.80238,8.518217664,117583.2832,999984.94,10000000,0,69400000,405825.538,1884669.987,10200000,1,73300000,161899.2759,1190418.649,10200000,1,0,0,0,0,5512,14536,2.340468751,6.177748913,0,3864,1200.07177,965.7319012,932638.1051,0,0,0,1,0,0,0,0,2,1201.988818,25.64534884,1647.651982,5512,0,0,0,0,0,0,172,4411,454,748034,29200,203,6,32,1539254.167,3405677.538,8491064,148135,10000000,1203.955758,10000000,10000000,BENIGN
443,601,2,0,0,0,0,0,0,0,0,0,0,0,0,3327.787022,601,0,601,601,601,601,0,601,601,0,0,0,0,0,0,0,0,0,64,0,3327.787022,0,0,0,0,0,0,0,0,0,0,1,0,0,0,0,0,0,0,64,0,0,0,0,0,0,2,0,0,0,3395,-1,0,32,0,0,0,0,0,0,0,0,BENIGN
443,71054993,38,44,1310,57983,517,0,34.47368421,113.7723514,2930,0,1317.795455,950.4915883,834.4663407,1.15403572,877222.1358,2689414.269,10000000,1,71100000,1920399.405,3794233.514,10200000,1,70900000,1648990.07,3592349.552,10200000,3,0,0,0,0,1224,1416,0.534797041,0.619238679,0,2930,714.373494,946.2645006,895416.5051,0,0,0,1,0,0,0,0,1,723.0853659,34.47368421,1317.795455,1224,0,0,0,0,0,0,38,1310,44,57983,29200,252,4,32,722464,1450131.562,4008526,148321,9428215.286,1274207.385,10000000,6590232,BENIGN
443,71019154,40,47,1310,63668,517,0,32.75,111.0776467,3864,0,1354.638298,1087.173448,914.936272,1.225021633,825804.1163,2616896.894,10000000,0,61500000,1577035.513,3505645.035,10200000,48,70900000,1540663.37,3494563.899,10200000,2,0,0,0,0,1288,1512,0.563228337,0.661793296,0,3864,738.3863636,1034.8072,1070825.941,0,0,0,1,0,0,0,0,1,746.8735632,32.75,1354.638298,1288,0,0,0,0,0,0,40,1310,47,63668,29200,252,4,32,717506,1435892.074,3971244,148771,9428080.714,1273501.011,10000000,6591485,BENIGN
443,773,2,0,0,0,0,0,0,0,0,0,0,0,0,2587.322122,773,0,773,773,773,773,0,773,773,0,0,0,0,0,0,0,0,0,64,0,2587.322122,0,0,0,0,0,0,0,0,0,0,1,0,0,0,0,0,0,0,64,0,0,0,0,0,0,2,0,0,0,1283,-1,0,32,0,0,0,0,0,0,0,0,BENIGN
443,71020506,36,42,1310,54310,517,0,36.38888889,116.6710339,3864,0,1293.095238,1062.701913,783.1540936,1.098274349,922344.2338,2751830.135,10000000,8,71000000,2029150.4,3875076.294,10200000,50,70900000,1728592.512,3661690.013,10200000,159,0,0,0,0,1160,1352,0.506895853,0.591378496,0,3864,704.0506329,999.3302231,998660.8948,0,0,0,1,0,0,0,0,1,713.0769231,36.38888889,1293.095238,1160,0,0,0,0,0,0,36,1310,42,54310,29200,252,4,32,714803,1432661.29,3961172,147985,9430936.429,1273696.784,10000000,6594082,BENIGN
443,72482535,39,44,1054,60043,356,0,27.02564103,86.08303433,3864,0,1364.613636,1005.283929,842.920298,1.145103438,883933.3537,2781633.932,10000000,2,63000000,1657795.395,3716656.197,10200000,2,72300000,1682186.488,3739602.593,10200000,3,0,0,0,0,1256,1416,0.538060651,0.607042786,0,3864,727.3452381,989.4782548,979067.2167,0,0,0,1,0,0,0,0,1,736.1084337,27.02564103,1364.613636,1256,0,0,0,0,0,0,39,1054,44,60043,29200,260,4,32,431706.8571,590737.998,1726971,148213,9922940.571,258242.7254,10000000,9337895,BENIGN
443,533,2,0,0,0,0,0,0,0,0,0,0,0,0,3752.345216,533,0,533,533,533,533,0,533,533,0,0,0,0,0,0,0,0,0,64,0,3752.345216,0,0,0,0,0,0,0,0,0,0,1,0,0,0,0,0,0,0,64,0,0,0,0,0,0,2,0,0,0,1209,-1,0,32,0,0,0,0,0,0,0,0,BENIGN
443,71027581,38,44,1310,55250,517,0,34.47368421,113.7723514,3864,0,1255.681818,1050.243998,796.3103798,1.154481102,876883.716,2689693.581,10000000,2,71000000,1919660.108,3794444.475,10200000,48,70900000,1648357.07,3592550.613,10200000,150,0,0,0,0,1224,1416,0.535003438,0.619477665,0,3864,681.4457831,980.2157335,960822.8842,0,0,0,1,0,0,0,0,1,689.7560976,34.47368421,1255.681818,1224,0,0,0,0,0,0,38,1310,44,55250,29200,252,4,32,715558.8571,1433834.608,3964503,147851,9431203.714,1270626.321,10000000,6599815,BENIGN
443,71174120,45,53,1310,68639,517,0,29.11111111,105.0928642,3864,0,1295.075472,963.5725961,982.7870018,1.376904976,733753.8144,2482571.275,10000000,2,61500000,1397831.523,3334590.727,10200000,2,71000000,1365882.038,3327713.725,10200000,2,0,0,0,0,1448,1704,0.632252285,0.744652691,0,3864,706.5555556,949.0837496,900759.9637,0,0,0,1,0,0,0,0,1,713.7653061,29.11111111,1295.075472,1448,0,0,0,0,0,0,45,1310,53,68639,29200,252,4,32,715716.5714,1433623.547,3964258,148346,9452014.571,1272645.11,10000000,6595676,BENIGN
443,600,2,0,0,0,0,0,0,0,0,0,0,0,0,3333.333333,600,0,600,600,600,600,0,600,600,0,0,0,0,0,0,0,0,0,64,0,3333.333333,0,0,0,0,0,0,0,0,0,0,1,0,0,0,0,0,0,0,64,0,0,0,0,0,0,2,0,0,0,1272,-1,0,32,0,0,0,0,0,0,0,0,BENIGN
443,5957518,9,11,703,3950,267,0,78.11111111,103.3022803,1448,0,359.0909091,569.9183195,781.0299524,3.35710274,313553.5789,735901.1516,2928852,1,4619441,577430.125,1081000.834,3023896,379,5862527,586252.7,954000.1531,2928852,1,0,0,0,0,296,360,1.510696233,1.846406507,0,1448,221.5714286,434.4990876,188789.4571,0,0,0,1,0,0,0,0,1,232.65,78.11111111,359.0909091,296,0,0,0,0,0,0,9,703,11,3950,29200,254,4,32,0,0,0,0,0,0,0,0,BENIGN
138,77478064,23,0,5359,0,233,233,233,0,0,0,0,0,69.16796475,0.296858218,3521730.182,16500000,77500000,1,77500000,3521730.182,16500000,77500000,1,0,0,0,0,0,0,0,0,0,592,0,0.296858218,0,233,233,233,0,0,0,0,0,0,0,0,0,0,0,243.1304348,233,0,592,0,0,0,0,0,0,23,5359,0,0,-1,-1,22,20,20,0,20,20,77500000,0,77500000,77500000,BENIGN
22,11070400,37,44,2568,6954,408,0,69.40540541,104.7121609,976,0,158.0454545,312.6752498,860.1315219,7.316808787,138380,1043272.717,9299005,1,11100000,307511.1111,1551552.841,9299005,2,10100000,234908.5814,1451763.991,9530154,1,0,0,0,0,764,904,3.342245989,3.974562798,0,976,116.1219512,242.6760473,58891.66396,0,0,0,1,0,0,0,0,1,117.5555556,69.40540541,158.0454545,764,0,0,0,0,0,0,37,2568,44,6954,8192,245,24,20,267137,0,267137,267137,9299005,0,9299005,9299005,BENIGN
22,194,1,1,0,0,0,0,0,0,0,0,0,0,0,10309.27835,194,0,194,194,0,0,0,0,0,0,0,0,0,0,0,0,0,0,20,20,5154.639175,5154.639175,0,0,0,0,0,0,0,0,0,1,1,0,0,1,0,0,0,20,0,0,0,0,0,0,1,0,1,0,256,245,0,20,0,0,0,0,0,0,0,0,BENIGN
22,1458500,35,40,2632,6634,408,0,75.2,106.5205862,976,0,165.85,325.1423791,6353.102503,51.42269455,19709.45946,115030.6374,968556,1,1458500,42897.05882,180694.1338,1010299,3,489807,12559.15385,36546.15947,206478,1,0,0,0,0,724,824,23.99725746,27.42543709,0,976,121.9210526,249.7258637,62363.00702,0,0,0,1,0,0,0,0,1,123.5466667,75.2,165.85,724,0,0,0,0,0,0,35,2632,40,6634,8192,245,24,20,0,0,0,0,0,0,0,0,BENIGN
22,231,1,1,0,0,0,0,0,0,0,0,0,0,0,8658.008658,231,0,231,231,0,0,0,0,0,0,0,0,0,0,0,0,0,0,20,20,4329.004329,4329.004329,0,0,0,0,0,0,0,0,0,1,1,0,0,1,0,0,0,20,0,0,0,0,0,0,1,0,1,0,250,245,0,20,0,0,0,0,0,0,0,0,BENIGN
443,81675743,36,38,6980,38628,1311,0,193.8888889,414.2100763,4194,0,1016.526316,1080.198999,558.4032459,0.906021755,1118845.795,2985623.296,10000000,1,77200000,2206874.4,4037742.027,10100000,111,81600000,2204730.622,3979151.563,10100000,3,0,0,0,0,1160,1224,0.44076734,0.465254415,0,4194,608.1066667,915.7986409,838687.1506,0,0,0,1,0,0,0,0,1,616.3243243,193.8888889,1016.526316,1160,0,0,0,0,0,0,36,6980,38,38628,29200,178,9,32,1034733,2073643.135,5665182,100654,9999639,22386.08697,10000000,9959912,BENIGN
443,980,2,0,0,0,0,0,0,0,0,0,0,0,0,2040.816327,980,0,980,980,980,980,0,980,980,0,0,0,0,0,0,0,0,0,64,0,2040.816327,0,0,0,0,0,0,0,0,0,0,1,0,0,0,0,0,0,0,64,0,0,0,0,0,0,2,0,0,0,924,-1,0,32,0,0,0,0,0,0,0,0,BENIGN
465,12181592,20,27,1346,4648,378,0,67.3,86.44748939,1430,0,172.1481481,388.8269047,492.0539122,3.858280593,264817.2174,945100.8265,6143317,1,12100000,638522.2632,1420418.093,6143317,35874,12100000,466624.6923,1244384.113,6192539,1,0,0,0,0,436,552,1.641821529,2.216459064,0,1430,124.875,299.4699306,89682.23936,0,0,0,1,0,0,0,0,1,127.5319149,67.3,172.1481481,436,0,0,0,0,0,0,20,1346,27,4648,8192,176,13,20,49477,0,49477,49477,6143317,0,6143317,6143317,BENIGN
465,215,3,0,37,0,37,0,12.33333333,21.36195996,0,0,0,0,172093.0233,13953.48837,107.5,84.14570696,167,48,215,107.5,84.14570696,167,48,0,0,0,0,0,0,0,0,0,60,0,13953.48837,0,0,37,9.25,18.5,342.25,0,0,0,0,1,0,0,0,0,12.33333333,12.33333333,0,60,0,0,0,0,0,0,3,37,0,0,255,-1,1,20,0,0,0,0,0,0,0,0,BENIGN
3268,53502,18,13,4112,6798,1313,0,228.4444444,416.9378882,3069,0,522.9230769,942.6004333,203917.6106,579.4175919,1783.4,7335.036439,38620,0,53502,3147.176471,9703.190817,38863,1,14862,1238.5,3816.727239,13346,3,0,0,0,0,592,432,336.4360211,242.9815708,0,3069,340.9375,681.3588386,464249.8669,0,0,0,1,0,0,0,0,0,351.9354839,228.4444444,522.9230769,592,0,0,0,0,0,0,18,4112,13,6798,29200,2081,10,32,0,0,0,0,0,0,0,0,BENIGN
389,1156932,28,19,5114,8670,1313,0,182.6428571,341.3562508,3069,0,456.3157895,774.3691377,11914.26981,40.62468667,25150.69565,142889.4011,962252,1,1156932,42849.33333,185878.0689,962252,1,1156875,64270.83333,228092.8489,962504,3,0,0,0,0,912,624,24.201941,16.42274568,0,3069,287.1666667,562.513256,316421.1631,0,0,0,1,0,0,0,0,0,293.2765957,182.6428571,456.3157895,912,0,0,0,0,0,0,28,5114,19,8670,29200,2078,16,32,0,0,0,0,0,0,0,0,BENIGN
123,64015314,4,4,192,192,48,48,48,0,48,48,48,0,5.998564656,0.124970097,9145044.857,24200000,64000000,3,64000000,21300000,37000000,64000000,3,64000000,21300000,37000000,64000000,3,0,0,0,0,80,80,0.062485048,0.062485048,48,48,48,0,0,0,0,0,0,0,0,0,0,1,54,48,48,80,0,0,0,0,0,0,4,192,4,192,-1,-1,3,20,137,0,137,137,64000000,0,64000000,64000000,BENIGN
53,23853,1,1,43,99,43,43,43,0,99,99,99,0,5953.129585,83.84689557,23853,0,23853,23853,0,0,0,0,0,0,0,0,0,0,0,0,0,0,20,20,41.92344778,41.92344778,43,99,61.66666667,32.33161507,1045.333333,0,0,0,0,0,0,0,0,1,92.5,43,99,20,0,0,0,0,0,0,1,43,1,99,-1,-1,0,20,0,0,0,0,0,0,0,0,BENIGN
443,1683635,12,10,561,5332,195,0,46.75,72.18678423,1460,0,533.2,667.8096535,3500.164822,13.06696523,80173.09524,248773.301,1132879,2,1683635,153057.7273,337443.2789,1132879,43,316175,35130.55556,77407.17804,236383,2,0,0,0,0,252,212,7.127435578,5.939529649,0,1460,256.2173913,496.8266532,246836.7233,0,0,0,1,0,0,0,0,0,267.8636364,46.75,533.2,252,0,0,0,0,0,0,12,561,10,5332,8192,12501,5,20,0,0,0,0,0,0,0,0,BENIGN
443,1686853,11,10,561,5332,195,0,51,74.11882352,1460,0,533.2,667.8096535,3493.487577,12.44921757,84342.65,255238.3172,1135587,1,1686853,168685.3,352816.0223,1135587,4,316931,35214.55556,78816.06575,241145,1,0,0,0,0,232,212,6.521018725,5.928198841,0,1460,267.8636364,505.2946614,255322.6948,0,0,0,1,0,0,0,0,0,280.6190476,51,533.2,232,0,0,0,0,0,0,11,561,10,5332,8192,12501,5,20,0,0,0,0,0,0,0,0,BENIGN
443,1687465,11,10,561,5332,195,0,51,74.11882352,1460,0,533.2,667.8096535,3492.220579,12.44470256,84373.25,258546.8384,1151709,3,1687465,168746.5,357741.4782,1151709,3,301394,33488.22222,75433.14671,230844,47,0,0,0,0,232,212,6.51865372,5.926048837,0,1460,267.8636364,505.2946614,255322.6948,0,0,0,1,0,0,0,0,0,280.6190476,51,533.2,232,0,0,0,0,0,0,11,561,10,5332,8192,12501,5,20,0,0,0,0,0,0,0,0,BENIGN
1080,750,6,1,38,0,38,0,6.333333333,15.51343504,0,0,0,0,50666.66667,9333.333333,125,228.4005254,582,1,750,150,307.0455992,698,1,0,0,0,0,0,0,0,0,0,120,20,8000,1333.333333,0,38,4.75,13.43502884,180.5,0,0,0,0,1,0,0,0,0,5.428571429,6.333333333,0,120,0,0,0,0,0,0,6,38,1,0,12491,0,1,20,0,0,0,0,0,0,0,0,BENIGN
443,1087085,16,16,824,8032,225,0,51.5,78.81624198,2085,0,502,736.6170421,8146.557077,29.4365206,35067.25806,95348.5992,431822,1,1087085,72472.33333,136451.0645,431822,47,1057334,70488.93333,192916.9637,728569,1,0,0,0,0,332,332,14.7182603,14.7182603,0,2085,268.3636364,557.0604107,310316.3011,0,0,0,1,0,0,0,0,1,276.75,51.5,502,332,0,0,0,0,0,0,16,824,16,8032,8192,12501,7,20,0,0,0,0,0,0,0,0,BENIGN
1077,549,6,0,38,0,38,0,6.333333333,15.51343504,0,0,0,0,69216.75774,10928.96175,109.8,241.0502022,541,1,549,109.8,241.0502022,541,1,0,0,0,0,0,0,0,0,0,120,0,10928.96175,0,0,38,5.428571429,14.36264997,206.2857143,0,0,0,0,1,0,0,0,0,6.333333333,6.333333333,0,120,0,0,0,0,0,0,6,38,0,0,12491,-1,1,20,0,0,0,0,0,0,0,0,BENIGN
1078,504,6,1,38,0,38,0,6.333333333,15.51343504,0,0,0,0,75396.8254,13888.88889,84,143.7428259,353,1,504,100.8,222.043239,498,1,0,0,0,0,0,0,0,0,0,120,20,11904.7619,1984.126984,0,38,4.75,13.43502884,180.5,0,0,0,0,1,0,0,0,0,5.428571429,6.333333333,0,120,0,0,0,0,0,0,6,38,1,0,12491,0,1,20,0,0,0,0,0,0,0,0,BENIGN
443,1091171,15,16,833,7098,234,0,55.53333333,81.71716612,1690,0,443.625,661.6589126,7268.338326,28.40984594,36372.36667,103277.0058,512356,1,1091171,77940.78571,148786.8209,512356,48,1061607,70773.8,195967.4713,746636,1,0,0,0,0,312,332,13.74669965,14.66314629,0,1690,247.84375,504.4906796,254510.8458,0,0,0,1,0,0,0,0,1,255.8387097,55.53333333,443.625,312,0,0,0,0,0,0,15,833,16,7098,8192,12501,7,20,0,0,0,0,0,0,0,0,BENIGN
1082,6,4,0,0,0,0,0,0,0,0,0,0,0,0,666666.6667,2,1.732050808,4,1,6,2,1.732050808,4,1,0,0,0,0,0,0,0,0,0,80,0,666666.6667,0,0,0,0,0,0,0,0,0,0,1,0,0,0,0,0,0,0,80,0,0,0,0,0,0,4,0,0,0,12498,-1,0,20,0,0,0,0,0,0,0,0,BENIGN
1083,332,4,0,0,0,0,0,0,0,0,0,0,0,0,12048.19277,110.6666667,151.8628767,284,1,332,110.6666667,151.8628767,284,1,0,0,0,0,0,0,0,0,0,80,0,12048.19277,0,0,0,0,0,0,0,0,0,0,1,0,0,0,0,0,0,0,80,0,0,0,0,0,0,4,0,0,0,12498,-1,0,20,0,0,0,0,0,0,0,0,BENIGN
138,63774154,24,0,5592,0,233,233,233,0,0,0,0,0,87.68442463,0.376328003,2772789.304,13300000,63800000,1,63800000,2772789.304,13300000,63800000,1,0,0,0,0,0,0,0,0,0,624,0,0.376328003,0,233,233,233,0,0,0,0,0,0,0,0,0,0,0,242.7083333,233,0,624,0,0,0,0,0,0,24,5592,0,0,-1,-1,23,20,21,0,21,21,63800000,0,63800000,63800000,BENIGN
443,156002,9,10,533,5370,196,0,59.22222222,83.73138267,2920,0,537,956.7133554,37839.25847,121.7933103,8666.777778,11454.23262,30870,3,156002,19500.25,13061.71428,31268,3,108060,12006.66667,20513.98765,60005,3,0,0,0,0,192,212,57.69156806,64.10174229,0,2920,295.15,705.8692495,498251.3974,0,0,0,1,0,0,0,0,1,310.6842105,59.22222222,537,192,0,0,0,0,0,0,9,533,10,5370,8192,12501,4,20,0,0,0,0,0,0,0,0,BENIGN
443,156009,9,10,533,5370,196,0,59.22222222,83.73138267,2085,0,537,802.7386457,37837.56065,121.7878456,8667.166667,11182.95167,29073,2,156009,19501.125,12720.32013,32919,2,106292,11810.22222,18743.09329,53719,94,0,0,0,0,192,212,57.68897948,64.09886609,0,2085,295.15,608.2146673,369925.0816,0,0,0,1,0,0,0,0,1,310.6842105,59.22222222,537,192,0,0,0,0,0,0,9,533,10,5370,8192,12501,4,20,0,0,0,0,0,0,0,0,BENIGN
443,155937,10,10,533,5370,196,0,53.3,81.13370309,2085,0,537,802.7386457,37855.0312,128.2569243,8207.210526,11510.75824,28240,3,155937,17326.33333,13359.97158,32020,48,104402,11600.22222,17509.24019,47736,3,0,0,0,0,212,212,64.12846214,64.12846214,0,2085,281.0952381,596.3028513,355577.0905,0,0,0,1,0,0,0,0,1,295.15,53.3,537,212,0,0,0,0,0,0,10,533,10,5370,8192,12501,4,20,0,0,0,0,0,0,0,0,BENIGN
443,155932,9,11,533,5370,196,0,59.22222222,83.73138267,1460,0,488.1818182,650.8961235,37856.24503,128.2610369,8206.947368,12268.31496,28712,3,155932,19491.5,12928.45326,30533,49,101968,10196.8,16012.33004,42153,3,0,0,0,0,192,232,57.71746659,70.54357027,0,1460,281.0952381,514.1275041,264327.0905,0,0,0,1,0,0,0,0,1,295.15,59.22222222,488.1818182,192,0,0,0,0,0,0,9,533,11,5370,8192,12501,4,20,0,0,0,0,0,0,0,0,BENIGN
443,155911,9,10,533,5370,196,0,59.22222222,83.73138267,2085,0,537,802.7386457,37861.34397,121.864397,8661.722222,12478.68481,28574,1,155911,19488.875,14247.27047,32371,4,100427,11158.55556,15687.48822,35747,1,0,0,0,0,192,212,57.72524068,64.13915631,0,2085,295.15,608.2146673,369925.0816,0,0,0,1,0,0,0,0,1,310.6842105,59.22222222,537,192,0,0,0,0,0,0,9,533,10,5370,8192,12501,4,20,0,0,0,0,0,0,0,0,BENIGN
1097,510,2,1,0,0,0,0,0,0,0,0,0,0,0,5882.352941,255,323.8549058,484,26,510,510,0,510,510,0,0,0,0,0,0,0,0,0,40,20,3921.568627,1960.784314,0,0,0,0,0,0,0,0,0,1,0,0,0,0,0,0,0,40,0,0,0,0,0,0,2,0,1,0,12499,255,0,20,0,0,0,0,0,0,0,0,BENIGN
1098,2,3,0,0,0,0,0,0,0,0,0,0,0,0,1500000,1,0,1,1,2,1,0,1,1,0,0,0,0,0,0,0,0,0,60,0,1500000,0,0,0,0,0,0,0,0,0,0,1,0,0,0,0,0,0,0,60,0,0,0,0,0,0,3,0,0,0,12499,-1,0,20,0,0,0,0,0,0,0,0,BENIGN
1094,2,3,0,0,0,0,0,0,0,0,0,0,0,0,1500000,1,0,1,1,2,1,0,1,1,0,0,0,0,0,0,0,0,0,60,0,1500000,0,0,0,0,0,0,0,0,0,0,1,0,0,0,0,0,0,0,60,0,0,0,0,0,0,3,0,0,0,12499,-1,0,20,0,0,0,0,0,0,0,0,BENIGN
1099,3,3,0,0,0,0,0,0,0,0,0,0,0,0,1000000,1.5,0.707106781,2,1,3,1.5,0.707106781,2,1,0,0,0,0,0,0,0,0,0,60,0,1000000,0,0,0,0,0,0,0,0,0,0,1,0,0,0,0,0,0,0,60,0,0,0,0,0,0,3,0,0,0,12499,-1,0,20,0,0,0,0,0,0,0,0,BENIGN
1095,49,3,1,0,0,0,0,0,0,0,0,0,0,0,81632.65306,16.33333333,17.24335621,35,1,49,24.5,33.23401872,48,1,0,0,0,0,0,0,0,0,0,60,20,61224.4898,20408.16327,0,0,0,0,0,0,0,0,0,1,0,0,0,0,0,0,0,60,0,0,0,0,0,0,3,0,1,0,12499,255,0,20,0,0,0,0,0,0,0,0,BENIGN
443,168921,10,11,533,5370,196,0,53.3,81.13370309,1460,0,488.1818182,650.8961235,34945.32947,124.3184684,8446.05,12387.03686,31870,3,168921,18769,17043.71343,42683,49,138086,13808.6,22093.19653,60376,3,0,0,0,0,212,232,59.19927066,65.11919773,0,1460,268.3181818,505.3035284,255331.6558,0,0,0,1,0,0,0,0,1,281.0952381,53.3,488.1818182,212,0,0,0,0,0,0,10,533,11,5370,8192,12501,4,20,0,0,0,0,0,0,0,0,BENIGN
1100,4,3,0,0,0,0,0,0,0,0,0,0,0,0,750000,2,1.414213562,3,1,4,2,1.414213562,3,1,0,0,0,0,0,0,0,0,0,60,0,750000,0,0,0,0,0,0,0,0,0,0,1,0,0,0,0,0,0,0,60,0,0,0,0,0,0,3,0,0,0,12499,-1,0,20,0,0,0,0,0,0,0,0,BENIGN
53,418,1,1,49,113,49,49,49,0,113,113,113,0,387559.8086,4784.688995,418,0,418,418,0,0,0,0,0,0,0,0,0,0,0,0,0,0,20,20,2392.344498,2392.344498,49,113,70.33333333,36.95041723,1365.333333,0,0,0,0,0,0,0,0,1,105.5,49,113,20,0,0,0,0,0,0,1,49,1,113,-1,-1,0,20,0,0,0,0,0,0,0,0,BENIGN
53,23705,1,1,69,103,69,69,69,0,103,103,103,0,7255.853196,84.37038599,23705,0,23705,23705,0,0,0,0,0,0,0,0,0,0,0,0,0,0,20,20,42.185193,42.185193,69,103,80.33333333,19.62990915,385.3333333,0,0,0,0,0,0,0,0,1,120.5,69,103,20,0,0,0,0,0,0,1,69,1,103,-1,-1,0,20,0,0,0,0,0,0,0,0,BENIGN
443,131801,8,3,508,4126,206,0,63.5,82.38585177,4126,0,1375.333333,2382.147211,35159.06556,83.45915433,13180.1,15590.69948,37510,48,131801,18828.71429,15796.94058,37749,48,62735,31367.5,43605.15388,62201,534,0,0,0,0,172,72,60.69756679,22.76158754,0,4126,386.1666667,1179.913312,1392195.424,0,0,0,1,0,0,0,0,0,421.2727273,63.5,1375.333333,172,0,0,0,0,0,0,8,508,3,4126,8192,343,4,20,0,0,0,0,0,0,0,0,BENIGN
1113,20239,6,1,454,0,318,0,75.66666667,120.9258726,0,0,0,0,22431.93834,345.8668907,3373.166667,7971.257904,19639,0,20239,4047.8,8719.497847,19639,0,0,0,0,0,0,1,0,0,0,120,20,296.4573348,49.40955581,0,318,96.5,138.4062344,19156.28571,0,1,0,0,1,0,0,0,0,110.2857143,75.66666667,0,120,0,0,0,0,0,0,6,454,1,0,343,0,3,20,0,0,0,0,0,0,0,0,BENIGN
443,306899,12,10,1117,4289,509,0,93.08333333,148.8406459,1625,0,428.9,673.8828533,17614.91566,71.68482139,14614.2381,21659.91156,74866,3,306899,27899.90909,40982.3426,136356,4,258297,28699.66667,36190.17686,96713,3,0,0,0,0,252,204,39.10081167,32.58400972,0,1625,235.0434783,476.9044576,227437.8617,0,0,0,1,0,0,0,0,0,245.7272727,93.08333333,428.9,252,0,0,0,0,0,0,12,1117,10,4289,8192,17688,7,20,0,0,0,0,0,0,0,0,BENIGN
1111,12828,3,0,31,0,31,0,10.33333333,17.89785834,0,0,0,0,2416.588712,233.8634238,6414,9066.523148,12825,3,12828,6414,9066.523148,12825,3,0,0,0,0,0,0,0,0,0,60,0,233.8634238,0,0,31,7.75,15.5,240.25,0,0,0,0,1,0,0,0,0,10.33333333,10.33333333,0,60,0,0,0,0,0,0,3,31,0,0,17688,-1,1,20,0,0,0,0,0,0,0,0,BENIGN
53,448,1,1,44,60,44,44,44,0,60,60,60,0,232142.8571,4464.285714,448,0,448,448,0,0,0,0,0,0,0,0,0,0,0,0,0,0,32,32,2232.142857,2232.142857,44,60,49.33333333,9.237604307,85.33333333,0,0,0,0,0,0,0,0,1,74,44,60,32,0,0,0,0,0,0,1,44,1,60,-1,-1,0,32,0,0,0,0,0,0,0,0,BENIGN
443,5423485,8,6,353,3020,196,0,44.125,75.28695106,1460,0,503.3333333,646.991087,621.9248325,2.58136604,417191.1538,1363592.558,4951089,3,5423485,774783.5714,1844379.427,4951089,3,186919,37383.8,45174.75744,89568,192,0,0,0,0,172,124,1.475066309,1.106299732,0,1460,224.8666667,455.9003442,207845.1238,0,0,0,1,0,0,0,0,0,240.9285714,44.125,503.3333333,172,0,0,0,0,0,0,8,353,6,3020,8192,35170,3,20,0,0,0,0,0,0,0,0,BENIGN
443,5589965,9,7,353,4032,196,0,39.22222222,71.94403689,1460,0,576,639.3069164,784.4414053,2.862271946,372664.3333,1331116.576,5180216,3,5589965,698745.625,1812843.593,5180216,3,359928,59988,97075.01312,250715,48,0,0,0,0,204,152,1.61002797,1.252243976,0,1460,257.9411765,480.8126546,231180.8088,0,0,0,1,0,0,0,0,0,274.0625,39.22222222,576,204,0,0,0,0,0,0,9,353,7,4032,8192,946,3,20,409746,0,409746,409746,5180216,0,5180216,5180216,BENIGN
1075,3,2,0,31,0,31,0,15.5,21.92031022,0,0,0,0,10300000,666666.6667,3,0,3,3,3,3,0,3,3,0,0,0,0,0,1,0,0,0,40,0,666666.6667,0,0,31,20.66666667,17.89785834,320.3333333,0,1,0,0,1,0,0,0,0,31,15.5,0,40,0,0,0,0,0,0,2,31,0,0,946,-1,0,20,0,0,0,0,0,0,0,0,BENIGN
1076,272,2,0,0,0,0,0,0,0,0,0,0,0,0,7352.941176,272,0,272,272,272,272,0,272,272,0,0,0,0,0,0,0,0,0,40,0,7352.941176,0,0,0,0,0,0,0,0,0,0,1,0,0,0,0,0,0,0,40,0,0,0,0,0,0,2,0,0,0,35139,-1,0,20,0,0,0,0,0,0,0,0,BENIGN
443,168370,11,12,561,5370,195,0,51,74.11882352,1460,0,447.5,636.4046026,35225.99038,136.6039081,7653.181818,11049.51947,29319,1,168370,16837,13601.09471,32179,3,127616,11601.45455,18337.39029,54419,1,0,0,0,0,232,252,65.33230385,71.27160421,0,1460,247.125,487.9434494,238088.8098,0,0,0,1,0,0,0,0,1,257.8695652,51,447.5,232,0,0,0,0,0,0,11,561,12,5370,8192,12501,5,20,0,0,0,0,0,0,0,0,BENIGN
1120,4,3,0,0,0,0,0,0,0,0,0,0,0,0,750000,2,2.828427125,4,0,4,2,2.828427125,4,0,0,0,0,0,0,0,0,0,0,60,0,750000,0,0,0,0,0,0,0,0,0,0,1,0,0,0,0,0,0,0,60,0,0,0,0,0,0,3,0,0,0,12499,-1,0,20,0,0,0,0,0,0,0,0,BENIGN
443,199382,11,12,561,5370,195,0,51,74.11882352,2920,0,447.5,979.0217288,29746.91798,115.3564514,9062.818182,11897.37155,29370,3,170882,17088.2,14142.59515,34964,17,170403,15491.18182,17415.61005,41757,3,0,0,0,0,232,252,55.17047677,60.18597466,0,2920,247.125,709.0790912,502793.1576,0,0,0,1,0,0,0,0,1,257.8695652,51,447.5,232,0,0,0,0,0,0,11,561,12,5370,8192,12501,5,20,0,0,0,0,0,0,0,0,BENIGN
443,5615973,8,5,361,3017,204,0,45.125,77.60971497,1506,0,603.4,803.3957929,601.4986183,2.314825944,467997.75,1477839.015,5156741,3,5615973,802281.8571,1922697.098,5156741,3,177838,44459.5,50199.02319,90040,250,0,0,0,0,172,104,1.424508273,0.890317671,0,1506,241.2857143,529.5590951,280432.8352,0,0,0,1,0,0,0,0,0,259.8461538,45.125,603.4,172,0,0,0,0,0,0,8,361,5,3017,8192,30016,3,20,459229,0,459229,459229,5156741,0,5156741,5156741,BENIGN
1085,4,2,0,31,0,31,0,15.5,21.92031022,0,0,0,0,7750000,500000,4,0,4,4,4,4,0,4,4,0,0,0,0,0,1,0,0,0,40,0,500000,0,0,31,20.66666667,17.89785834,320.3333333,0,1,0,0,1,0,0,0,0,31,15.5,0,40,0,0,0,0,0,0,2,31,0,0,30016,-1,0,20,0,0,0,0,0,0,0,0,BENIGN
53,48291,1,1,101,165,101,101,101,0,165,165,165,0,5508.272763,41.41558468,48291,0,48291,48291,0,0,0,0,0,0,0,0,0,0,0,0,0,0,20,20,20.70779234,20.70779234,101,165,122.3333333,36.95041723,1365.333333,0,0,0,0,0,0,0,0,1,183.5,101,165,20,0,0,0,0,0,0,1,101,1,165,-1,-1,0,20,0,0,0,0,0,0,0,0,BENIGN
443,5523599,7,5,309,152,227,0,44.14285714,83.11724364,107,0,30.4,47.04572244,83.46007739,2.172496591,502145.3636,1546582.654,5163375,4,5523599,920599.8333,2119288.07,5245549,4,276837,69209.25,89989.26983,191456,331,0,0,0,0,152,104,1.267289678,0.905206913,0,227,35.46153846,65.9654144,4351.435897,0,0,0,1,0,0,0,0,0,38.41666667,44.14285714,30.4,152,0,0,0,0,0,0,7,309,5,152,8192,35183,3,20,360220,0,360220,360220,5163375,0,5163375,5163375,BENIGN
443,6743932,12,14,976,12589,623,0,81.33333333,181.9092348,1460,0,899.2142857,664.3056732,2011.437838,3.85531764,269757.28,1105184.5,5546461,2,6743932,613084.7273,1644446.169,5546461,2,1115283,85791,231499.3911,846997,47,0,0,0,0,252,284,1.779377372,2.075940267,0,1460,502.4074074,641.0736343,410975.4046,0,0,0,1,0,0,0,0,1,521.7307692,81.33333333,899.2142857,252,0,0,0,0,0,0,12,976,14,12589,8192,40463,4,20,1197469,0,1197469,1197469,5546461,0,5546461,5546461,BENIGN
1093,45,2,0,0,0,0,0,0,0,0,0,0,0,0,44444.44444,45,0,45,45,45,45,0,45,45,0,0,0,0,0,0,0,0,0,40,0,44444.44444,0,0,0,0,0,0,0,0,0,0,1,0,0,0,0,0,0,0,40,0,0,0,0,0,0,2,0,0,0,35152,-1,0,20,0,0,0,0,0,0,0,0,BENIGN
1084,43,2,0,0,0,0,0,0,0,0,0,0,0,0,46511.62791,43,0,43,43,43,43,0,43,43,0,0,0,0,0,0,0,0,0,40,0,46511.62791,0,0,0,0,0,0,0,0,0,0,1,0,0,0,0,0,0,0,40,0,0,0,0,0,0,2,0,0,0,40927,-1,0,20,0,0,0,0,0,0,0,0,BENIGN
53,88394,1,1,47,79,47,47,47,0,79,79,79,0,1425.436116,22.62597009,88394,0,88394,88394,0,0,0,0,0,0,0,0,0,0,0,0,0,0,20,20,11.31298504,11.31298504,47,79,57.66666667,18.47520861,341.3333333,0,0,0,0,0,0,0,0,1,86.5,47,79,20,0,0,0,0,0,0,1,47,1,79,-1,-1,0,20,0,0,0,0,0,0,0,0,BENIGN
53,198,2,2,86,240,43,43,43,0,120,120,120,0,1646464.646,20202.0202,66,108.2543302,191,3,4,4,0,4,4,3,3,0,3,3,0,0,0,0,64,64,10101.0101,10101.0101,43,120,73.8,42.17463693,1778.7,0,0,0,0,0,0,0,0,1,92.25,43,120,64,0,0,0,0,0,0,2,86,2,240,-1,-1,1,32,0,0,0,0,0,0,0,0,BENIGN
80,5992977,3,1,0,0,0,0,0,0,0,0,0,0,0,0.667447914,1997659,3427625.905,5955482,115,5992977,2996488.5,4184648.739,5955482,37495,0,0,0,0,0,0,0,0,0,72,32,0.500585936,0.166861979,0,0,0,0,0,0,0,0,1,0,0,0,0,0,0,0,0,72,0,0,0,0,0,0,3,0,1,0,8192,42780,0,20,0,0,0,0,0,0,0,0,BENIGN
443,5899937,8,6,351,4275,194,0,43.875,74.71170782,1460,0,712.5,709.1678927,784.0761689,2.372906694,453841.3077,1549100.246,5606416,1,5899937,842848.1429,2102014.865,5606416,1,69631,13926.2,18856.02075,39892,48,0,0,0,0,172,132,1.355946682,1.016960012,0,1460,308.4,546.9622343,299167.6857,0,0,0,1,0,0,0,0,0,330.4285714,43.875,712.5,172,0,0,0,0,0,0,8,351,6,4275,8192,946,3,20,293520,0,293520,293520,5606416,0,5606416,5606416,BENIGN
443,5640223,8,6,369,3710,212,0,46.125,79.96505933,1460,0,618.3333333,680.9950563,723.1983558,2.482171361,433863.3077,1471654.776,5328548,25,5640223,805746.1429,1995996.267,5328548,48,82239,16447.8,22255.56069,49246,25,0,0,0,0,172,132,1.418383635,1.063787726,0,1460,271.9333333,504.6464769,254668.0667,0,0,0,1,0,0,0,0,0,291.3571429,46.125,618.3333333,172,0,0,0,0,0,0,8,369,6,3710,8192,119,3,20,311627,0,311627,311627,5328548,0,5328548,5328548,BENIGN
443,6005870,9,7,366,3968,209,0,40.66666667,75.52648542,1460,0,566.8571429,636.4043339,721.6273413,2.664060328,400391.3333,1457546.226,5665825,3,6005870,750733.75,1987500.644,5665825,3,308980,51496.66667,91088.33015,234096,48,0,0,0,0,204,152,1.498533934,1.165526393,0,1460,254.9411765,476.6389449,227184.6838,0,0,0,1,0,0,0,0,0,270.875,40.66666667,566.8571429,204,0,0,0,0,0,0,9,366,7,3968,8192,119,3,20,340042,0,340042,340042,5665825,0,5665825,5665825,BENIGN
1108,3,2,0,31,0,31,0,15.5,21.92031022,0,0,0,0,10300000,666666.6667,3,0,3,3,3,3,0,3,3,0,0,0,0,0,1,0,0,0,40,0,666666.6667,0,0,31,20.66666667,17.89785834,320.3333333,0,1,0,0,1,0,0,0,0,31,15.5,0,40,0,0,0,0,0,0,2,31,0,0,946,-1,0,20,0,0,0,0,0,0,0,0,BENIGN
80,62472,3,2,426,110,426,0,142,245.9512147,110,0,55,77.78174593,8579.84377,80.03585606,15618,15430.12152,28955,87,33658,16829,17271.79024,29042,4616,33517,33517,0,33517,33517,0,0,0,0,72,44,48.02151364,32.01434243,0,426,89.33333333,170.7005175,29138.66667,0,0,0,1,0,0,0,0,0,107.2,142,55,72,0,0,0,0,0,0,3,426,2,110,8192,16384,1,20,0,0,0,0,0,0,0,0,BENIGN
80,62792,3,2,426,654,426,0,142,245.9512147,654,0,327,462.4478349,17199.64327,79.62797809,15698,15786.89209,29370,3,33422,16711,17676.25532,29210,4212,33585,33585,0,33585,33585,0,0,0,0,72,44,47.77678685,31.85119123,0,654,180,288.0249989,82958.4,0,0,0,1,0,0,0,0,0,216,142,327,72,0,0,0,0,0,0,3,426,2,654,8192,16384,1,20,0,0,0,0,0,0,0,0,BENIGN
80,3675,2,0,0,0,0,0,0,0,0,0,0,0,0,544.2176871,3675,0,3675,3675,3675,3675,0,3675,3675,0,0,0,0,0,0,0,0,0,40,0,544.2176871,0,0,0,0,0,0,0,0,0,0,1,0,0,0,0,0,0,0,40,0,0,0,0,0,0,2,0,0,0,64130,-1,0,20,0,0,0,0,0,0,0,0,BENIGN
80,6735,2,0,0,0,0,0,0,0,0,0,0,0,0,296.956199,6735,0,6735,6735,6735,6735,0,6735,6735,0,0,0,0,0,0,0,0,0,40,0,296.956199,0,0,0,0,0,0,0,0,0,0,1,0,0,0,0,0,0,0,40,0,0,0,0,0,0,2,0,0,0,63586,-1,0,20,0,0,0,0,0,0,0,0,BENIGN
443,99670,7,4,308,155,226,0,44,82.7506294,110,0,38.75,52.02163012,4645.329588,110.3642019,9967,14788.71012,35415,1,99670,16611.66667,16502.41388,35559,48,56705,18901.66667,32261.77307,56153,1,0,0,0,0,152,88,70.23176482,40.13243704,0,226,38.58333333,68.02333601,4627.174242,0,0,0,1,0,0,0,0,0,42.09090909,44,38.75,152,0,0,0,0,0,0,7,308,4,155,8192,4606,3,20,0,0,0,0,0,0,0,0,BENIGN
1150,335,4,0,0,0,0,0,0,0,0,0,0,0,0,11940.29851,111.6666667,110.2739014,239,48,335,111.6666667,110.2739014,239,48,0,0,0,0,0,0,0,0,0,80,0,11940.29851,0,0,0,0,0,0,0,0,0,0,1,0,0,0,0,0,0,0,80,0,0,0,0,0,0,4,0,0,0,4657,-1,0,20,0,0,0,0,0,0,0,0,BENIGN
443,3121168,8,7,315,5692,189,0,39.375,74.82730117,2256,0,813.1428571,899.7643078,1924.600022,4.805893178,222940.5714,674364.8989,2556037,41,3121168,445881.1429,935793.0804,2556037,226,476061,79343.5,111658.6867,287853,49,0,0,0,0,184,152,2.563143029,2.24275015,0,2256,375.4375,696.7643283,485480.5292,0,0,0,1,0,0,0,0,0,400.4666667,39.375,813.1428571,184,0,0,0,0,0,0,8,315,7,5692,8192,123,2,20,0,0,0,0,0,0,0,0,BENIGN
80,234094,3,4,426,2266,426,0,142,245.9512147,2266,0,566.5,1133,11499.65399,29.90251779,39015.66667,68098.02798,175041,4,204123,102061.5,103208.5987,175041,29082,205073,68357.66667,117505.4652,204040,4,0,0,0,0,72,84,12.81536477,17.08715302,0,2266,336.5,793.7590494,630053.4286,0,0,0,1,0,0,0,0,1,384.5714286,142,566.5,72,0,0,0,0,0,0,3,426,4,2266,8192,30016,1,20,0,0,0,0,0,0,0,0,BENIGN
80,5023,2,0,0,0,0,0,0,0,0,0,0,0,0,398.1684252,5023,0,5023,5023,5023,5023,0,5023,5023,0,0,0,0,0,0,0,0,0,40,0,398.1684252,0,0,0,0,0,0,0,0,0,0,1,0,0,0,0,0,0,0,40,0,0,0,0,0,0,2,0,0,0,64240,-1,0,20,0,0,0,0,0,0,0,0,BENIGN
443,577166,22,29,764,31594,205,0,34.72727273,65.67465396,1430,0,1089.448276,577.4588783,56063.59349,88.36279337,11543.32,52240.93282,366724,2,577166,27484.09524,78962.69788,366724,47,536589,19163.89286,76428.79055,403790,2,0,0,0,0,452,592,38.11728342,50.24550996,0,1430,622.2692308,682.2482187,465462.632,0,0,0,1,0,0,0,0,1,634.4705882,34.72727273,1089.448276,452,0,0,0,0,0,0,22,764,29,31594,8192,360,7,20,0,0,0,0,0,0,0,0,BENIGN
1140,244,2,0,0,0,0,0,0,0,0,0,0,0,0,8196.721311,244,0,244,244,244,244,0,244,244,0,0,0,0,0,0,0,0,0,40,0,8196.721311,0,0,0,0,0,0,0,0,0,0,1,0,0,0,0,0,0,0,40,0,0,0,0,0,0,2,0,0,0,360,-1,0,20,0,0,0,0,0,0,0,0,BENIGN
80,209025,3,5,427,2267,427,0,142.3333333,246.5285649,1460,0,453.4,662.3804043,12888.41048,38.27293386,29860.71429,54445.15977,149364,1,178828,89414,84782.10306,149364,29464,179649,44912.25,89174.84699,178673,1,0,0,0,0,72,112,14.3523502,23.92058366,0,1460,299.3333333,519.4677565,269846.75,0,0,0,1,0,0,0,0,1,336.75,142.3333333,453.4,72,0,0,0,0,0,0,3,427,5,2267,8192,237,1,20,0,0,0,0,0,0,0,0,BENIGN
80,3315,2,0,0,0,0,0,0,0,0,0,0,0,0,603.3182504,3315,0,3315,3315,3315,3315,0,3315,3315,0,0,0,0,0,0,0,0,0,40,0,603.3182504,0,0,0,0,0,0,0,0,0,0,1,0,0,0,0,0,0,0,40,0,0,0,0,0,0,2,0,0,0,256,-1,0,20,0,0,0,0,0,0,0,0,BENIGN
80,64692,3,5,427,2267,427,0,142.3333333,246.5285649,1460,0,453.4,662.3804043,41643.47987,123.6628949,9241.714286,13884.04676,29431,1,34231,17115.5,17446.44561,29452,4779,35290,8822.5,16964.31919,34260,1,0,0,0,0,72,112,46.37358561,77.28930934,0,1460,299.3333333,519.4677565,269846.75,0,0,0,1,0,0,0,0,1,336.75,142.3333333,453.4,72,0,0,0,0,0,0,3,427,5,2267,8192,237,1,20,0,0,0,0,0,0,0,0,BENIGN
80,11456,2,0,0,0,0,0,0,0,0,0,0,0,0,174.5810056,11456,0,11456,11456,11456,11456,0,11456,11456,0,0,0,0,0,0,0,0,0,40,0,174.5810056,0,0,0,0,0,0,0,0,0,0,1,0,0,0,0,0,0,0,40,0,0,0,0,0,0,2,0,0,0,256,-1,0,20,0,0,0,0,0,0,0,0,BENIGN
80,210129,3,4,436,860,436,0,145.3333333,251.7247174,860,0,215,430,6167.639878,33.31286971,35021.5,63716.24203,163014,3,186342,93171,98772.91784,163014,23328,186920,62306.66667,107543.5352,186487,3,0,0,0,0,72,92,14.27694416,19.03592555,0,860,162,320.6564695,102820.5714,0,0,0,1,0,0,0,0,1,185.1428571,145.3333333,215,72,0,0,0,0,0,0,3,436,4,860,8192,31,1,20,0,0,0,0,0,0,0,0,BENIGN
80,1328,2,0,0,0,0,0,0,0,0,0,0,0,0,1506.024096,1328,0,1328,1328,1328,1328,0,1328,1328,0,0,0,0,0,0,0,0,0,40,0,1506.024096,0,0,0,0,0,0,0,0,0,0,1,0,0,0,0,0,0,0,40,0,0,0,0,0,0,2,0,0,0,253,-1,0,20,0,0,0,0,0,0,0,0,BENIGN
80,60789,3,4,436,860,436,0,145.3333333,251.7247174,860,0,215,430,21319.64665,115.1524124,10131.5,11419.2316,23369,5,37096,18548,6880.148981,23413,13683,37420,12473.33333,21104.07682,36840,5,0,0,0,0,72,92,49.3510339,65.80137854,0,860,162,320.6564695,102820.5714,0,0,0,1,0,0,0,0,1,185.1428571,145.3333333,215,72,0,0,0,0,0,0,3,436,4,860,8192,31,1,20,0,0,0,0,0,0,0,0,BENIGN
80,3305,2,0,0,0,0,0,0,0,0,0,0,0,0,605.1437216,3305,0,3305,3305,3305,3305,0,3305,3305,0,0,0,0,0,0,0,0,0,40,0,605.1437216,0,0,0,0,0,0,0,0,0,0,1,0,0,0,0,0,0,0,40,0,0,0,0,0,0,2,0,0,0,253,-1,0,20,0,0,0,0,0,0,0,0,BENIGN
443,235777,6,7,983,3693,660,0,163.8333333,256.6074174,1460,0,527.5714286,659.4042405,19832.29916,55.13684541,19648.08333,24155.48053,71474,3,197328,39465.6,43996.47315,110403,414,197712,32952,42520.76796,109920,3,0,0,0,0,132,148,25.4477748,29.6890706,0,1460,334,517.8138959,268131.2308,0,0,0,1,0,0,0,0,1,359.6923077,163.8333333,527.5714286,132,0,0,0,0,0,0,6,983,7,3693,8192,34,3,20,0,0,0,0,0,0,0,0,BENIGN
443,4537,2,0,0,0,0,0,0,0,0,0,0,0,0,440.8199251,4537,0,4537,4537,4537,4537,0,4537,4537,0,0,0,0,0,0,0,0,0,40,0,440.8199251,0,0,0,0,0,0,0,0,0,0,1,0,0,0,0,0,0,0,40,0,0,0,0,0,0,2,0,0,0,253,-1,0,20,0,0,0,0,0,0,0,0,BENIGN
80,52686,3,4,436,860,436,0,145.3333333,251.7247174,860,0,215,430,24598.56508,132.8626201,8781,11616.68385,23755,3,28425,14212.5,13152.89324,23513,4912,29262,9754,16458.11359,28756,3,0,0,0,0,72,92,56.94112288,75.92149717,0,860,162,320.6564695,102820.5714,0,0,0,1,0,0,0,0,1,185.1428571,145.3333333,215,72,0,0,0,0,0,0,3,436,4,860,8192,31,1,20,0,0,0,0,0,0,0,0,BENIGN
80,4275,2,0,0,0,0,0,0,0,0,0,0,0,0,467.8362573,4275,0,4275,4275,4275,4275,0,4275,4275,0,0,0,0,0,0,0,0,0,40,0,467.8362573,0,0,0,0,0,0,0,0,0,0,1,0,0,0,0,0,0,0,40,0,0,0,0,0,0,2,0,0,0,253,-1,0,20,0,0,0,0,0,0,0,0,BENIGN
80,128197,3,2,427,110,427,0,142.3333333,246.5285649,110,0,55,77.78174593,4188.865574,39.00247276,32049.25,28660.78714,69842,131,99103,49551.5,28695.10029,69842,29261,99067,99067,0,99067,99067,0,0,0,0,72,44,23.40148365,15.6009891,0,427,89.5,171.0950028,29273.5,0,0,0,1,0,0,0,0,0,107.4,142.3333333,55,72,0,0,0,0,0,0,3,427,2,110,8192,16384,1,20,0,0,0,0,0,0,0,0,BENIGN
80,128063,3,2,427,654,427,0,142.3333333,246.5285649,654,0,327,462.4478349,8441.157868,39.04328338,32015.75,28663.53747,69768,33,98825,49412.5,28787.02417,69768,29057,99039,99039,0,99039,99039,0,0,0,0,72,44,23.42597003,15.61731335,0,654,180.1666667,288.196056,83056.96667,0,0,0,1,0,0,0,0,0,216.2,142.3333333,327,72,0,0,0,0,0,0,3,427,2,654,8192,16384,1,20,0,0,0,0,0,0,0,0,BENIGN
80,3629,2,0,0,0,0,0,0,0,0,0,0,0,0,551.1160099,3629,0,3629,3629,3629,3629,0,3629,3629,0,0,0,0,0,0,0,0,0,40,0,551.1160099,0,0,0,0,0,0,0,0,0,0,1,0,0,0,0,0,0,0,40,0,0,0,0,0,0,2,0,0,0,64130,-1,0,20,0,0,0,0,0,0,0,0,BENIGN
80,6432,2,0,0,0,0,0,0,0,0,0,0,0,0,310.9452736,6432,0,6432,6432,6432,6432,0,6432,6432,0,0,0,0,0,0,0,0,0,40,0,310.9452736,0,0,0,0,0,0,0,0,0,0,1,0,0,0,0,0,0,0,40,0,0,0,0,0,0,2,0,0,0,63586,-1,0,20,0,0,0,0,0,0,0,0,BENIGN
443,582239,8,8,954,3883,631,0,119.25,220.0913771,1460,0,485.375,618.4443473,8307.58503,27.48012414,38815.93333,64383.64438,205294,3,543254,77607.71429,94442.3218,244556,354,543920,77702.85714,104026.5976,238715,3,0,0,0,0,172,168,13.74006207,13.74006207,0,1460,284.5294118,476.8780134,227412.6397,0,0,0,1,0,0,0,0,1,302.3125,119.25,485.375,172,0,0,0,0,0,0,8,954,8,3883,8192,34,3,20,0,0,0,0,0,0,0,0,BENIGN
443,6895,2,0,0,0,0,0,0,0,0,0,0,0,0,290.0652647,6895,0,6895,6895,6895,6895,0,6895,6895,0,0,0,0,0,0,0,0,0,40,0,290.0652647,0,0,0,0,0,0,0,0,0,0,1,0,0,0,0,0,0,0,40,0,0,0,0,0,0,2,0,0,0,253,-1,0,20,0,0,0,0,0,0,0,0,BENIGN
80,80453,3,5,427,2267,427,0,142.3333333,246.5285649,1460,0,453.4,662.3804043,33485.38898,99.43693834,11493.28571,14326.53356,29891,2,50572,25286,6595.892055,29950,20622,50562,12640.5,24646.52606,49605,2,0,0,0,0,72,112,37.28885188,62.14808646,0,1460,299.3333333,519.4677565,269846.75,0,0,0,1,0,0,0,0,1,336.75,142.3333333,453.4,72,0,0,0,0,0,0,3,427,5,2267,8192,237,1,20,0,0,0,0,0,0,0,0,BENIGN
80,74162,3,5,427,2267,427,0,142.3333333,246.5285649,1460,0,453.4,662.3804043,36325.88118,107.871956,10594.57143,13737.95676,29372,2,43633,21816.5,10878.83783,29509,14124,44790,11197.5,21537.28224,43496,2,0,0,0,0,72,112,40.4519835,67.41997249,0,1460,299.3333333,519.4677565,269846.75,0,0,0,1,0,0,0,0,1,336.75,142.3333333,453.4,72,0,0,0,0,0,0,3,427,5,2267,8192,237,1,20,0,0,0,0,0,0,0,0,BENIGN
443,145485,5,6,1230,613,662,0,246,318.4156089,445,0,102.1666667,176.1401904,12667.97264,75.60916933,14548.5,17711.77559,39233,1,106461,26615.25,18292.40648,43643,4294,106252,21250.4,29776.61587,62893,1,0,0,0,0,112,128,34.36780424,41.24136509,0,662,153.5833333,241.7427101,58439.53788,0,0,0,1,0,0,0,0,1,167.5454545,246,102.1666667,112,0,0,0,0,0,0,5,1230,6,613,8192,34,3,20,0,0,0,0,0,0,0,0,BENIGN
53,23769,1,1,43,91,43,43,43,0,91,91,91,0,5637.595187,84.14321175,23769,0,23769,23769,0,0,0,0,0,0,0,0,0,0,0,0,0,0,20,20,42.07160587,42.07160587,43,91,59,27.71281292,768,0,0,0,0,0,0,0,0,1,88.5,43,91,20,0,0,0,0,0,0,1,43,1,91,-1,-1,0,20,0,0,0,0,0,0,0,0,BENIGN
80,104638,2,0,0,0,0,0,0,0,0,0,0,0,0,19.11351517,104638,0,104638,104638,104638,104638,0,104638,104638,0,0,0,0,0,0,0,0,0,40,0,19.11351517,0,0,0,0,0,0,0,0,0,0,1,0,0,0,0,0,0,0,40,0,0,0,0,0,0,2,0,0,0,256,-1,0,20,0,0,0,0,0,0,0,0,BENIGN
80,105431,2,0,0,0,0,0,0,0,0,0,0,0,0,18.96975273,105431,0,105431,105431,105431,105431,0,105431,105431,0,0,0,0,0,0,0,0,0,40,0,18.96975273,0,0,0,0,0,0,0,0,0,0,1,0,0,0,0,0,0,0,40,0,0,0,0,0,0,2,0,0,0,256,-1,0,20,0,0,0,0,0,0,0,0,BENIGN
443,101071,2,0,0,0,0,0,0,0,0,0,0,0,0,19.78806977,101071,0,101071,101071,101071,101071,0,101071,101071,0,0,0,0,0,0,0,0,0,40,0,19.78806977,0,0,0,0,0,0,0,0,0,0,1,0,0,0,0,0,0,0,40,0,0,0,0,0,0,2,0,0,0,254,-1,0,20,0,0,0,0,0,0,0,0,BENIGN
80,179487,4,4,427,2267,427,0,106.75,213.5,2267,0,566.75,1133.5,15009.44358,44.57147314,25641,43230.09207,118840,86,178654,59551.33333,51351.69228,118840,29109,150508,50169.33333,84827.34701,148119,919,0,0,0,0,92,92,22.28573657,22.28573657,0,2267,299.3333333,751.2667635,564401.75,0,0,0,1,0,0,0,0,1,336.75,106.75,566.75,92,0,0,0,0,0,0,4,427,4,2267,8192,237,1,20,0,0,0,0,0,0,0,0,BENIGN
53,104965,1,1,59,91,59,59,59,0,91,91,91,0,1429.047778,19.05397037,104965,0,104965,104965,0,0,0,0,0,0,0,0,0,0,0,0,0,0,32,32,9.526985186,9.526985186,59,91,69.66666667,18.47520861,341.3333333,0,0,0,0,0,0,0,0,1,104.5,59,91,32,0,0,0,0,0,0,1,59,1,91,-1,-1,0,32,0,0,0,0,0,0,0,0,BENIGN
80,35665,2,0,0,0,0,0,0,0,0,0,0,0,0,56.07738679,35665,0,35665,35665,35665,35665,0,35665,35665,0,0,0,0,0,0,0,0,0,40,0,56.07738679,0,0,0,0,0,0,0,0,0,0,1,0,0,0,0,0,0,0,40,0,0,0,0,0,0,2,0,0,0,256,-1,0,20,0,0,0,0,0,0,0,0,BENIGN
443,418361,7,7,315,5125,189,0,45,78.97467949,1689,0,732.1428571,763.4152275,13003.1241,33.46392231,32181.61538,63583.43232,228719,43,418361,69726.83333,98093.57211,261791,1538,383555,63925.83333,91694.08111,228719,89,0,0,0,0,164,152,16.73196115,16.73196115,0,1689,362.6666667,616.8896251,380552.8095,0,0,0,1,0,0,0,0,1,388.5714286,45,732.1428571,164,0,0,0,0,0,0,7,315,7,5125,8192,55,2,20,0,0,0,0,0,0,0,0,BENIGN
53,121628,1,1,51,149,51,51,51,0,149,149,149,0,1644.358207,16.44358207,121628,0,121628,121628,0,0,0,0,0,0,0,0,0,0,0,0,0,0,20,20,8.221791035,8.221791035,51,149,83.66666667,56.58032638,3201.333333,0,0,0,0,0,0,0,0,1,125.5,51,149,20,0,0,0,0,0,0,1,51,1,149,-1,-1,0,20,0,0,0,0,0,0,0,0,BENIGN
53,61344,1,1,51,67,51,51,51,0,67,67,67,0,1923.578508,32.60302556,61344,0,61344,61344,0,0,0,0,0,0,0,0,0,0,0,0,0,0,20,20,16.30151278,16.30151278,51,67,56.33333333,9.237604307,85.33333333,0,0,0,0,0,0,0,0,1,84.5,51,67,20,0,0,0,0,0,0,1,51,1,67,-1,-1,0,20,0,0,0,0,0,0,0,0,BENIGN
443,1130572,9,10,764,5723,357,0,84.88888889,134.9253909,2920,0,572.3,970.1387129,5737.803519,16.80565236,62809.55556,108833.5557,342712,81,787860,98482.5,121919.5922,296450,3770,1105985,122887.2222,222089.6511,593831,197,0,0,0,0,192,208,7.960572171,8.845080189,0,2920,324.35,720.0961394,518538.45,0,0,0,1,0,0,0,0,1,341.4210526,84.88888889,572.3,192,0,0,0,0,0,0,9,764,10,5723,8192,5144,3,20,0,0,0,0,0,0,0,0,BENIGN
443,194,3,0,53,0,53,0,17.66666667,30.59956427,0,0,0,0,273195.8763,15463.91753,97,135.764502,193,1,194,97,135.764502,193,1,0,0,0,0,0,0,0,0,0,60,0,15463.91753,0,0,53,13.25,26.5,702.25,0,0,0,0,1,0,0,0,0,17.66666667,17.66666667,0,60,0,0,0,0,0,0,3,53,0,0,63904,-1,1,20,0,0,0,0,0,0,0,0,BENIGN
53,23605,1,1,45,77,45,45,45,0,77,77,77,0,5168.396526,84.7278119,23605,0,23605,23605,0,0,0,0,0,0,0,0,0,0,0,0,0,0,14,14,42.36390595,42.36390595,45,77,55.66666667,18.47520861,341.3333333,0,0,0,0,0,0,0,0,1,83.5,45,77,14,0,0,0,0,0,0,1,45,1,77,-1,-1,0,14,0,0,0,0,0,0,0,0,BENIGN
443,1239970,8,11,764,5723,357,0,95.5,140.1692854,1460,0,520.2727273,671.1984939,5231.578183,15.32295136,68887.22222,129787.9453,496215,49,743755,106250.7143,106693.1567,241842,8920,1215527,121552.7,241959.7356,703403,49,0,0,0,0,172,228,6.451768994,8.871182367,0,1460,324.35,542.3647321,294159.5026,0,0,0,1,0,0,0,0,1,341.4210526,95.5,520.2727273,172,0,0,0,0,0,0,8,764,11,5723,8192,5144,3,20,0,0,0,0,0,0,0,0,BENIGN
443,59207,3,0,53,0,53,0,17.66666667,30.59956427,0,0,0,0,895.1644231,50.66968433,29603.5,41796.37473,59158,49,59207,29603.5,41796.37473,59158,49,0,0,0,0,0,0,0,0,0,60,0,50.66968433,0,0,53,13.25,26.5,702.25,0,0,0,0,1,0,0,0,0,17.66666667,17.66666667,0,60,0,0,0,0,0,0,3,53,0,0,62897,-1,1,20,0,0,0,0,0,0,0,0,BENIGN
443,5311525,8,8,362,5202,205,0,45.25,77.90241148,1460,0,650.25,626.1906944,1047.53343,3.012317555,354101.6667,1286155.048,4998668,3,5311525,758789.2857,1871717.355,4998668,3,289706,41386.57143,82747.32061,225742,47,0,0,0,0,184,172,1.506158777,1.506158777,0,1460,327.2941176,522.3266177,272825.0956,0,0,0,1,0,0,0,0,1,347.75,45.25,650.25,184,0,0,0,0,0,0,8,362,8,5202,8192,946,3,20,0,0,0,0,0,0,0,0,BENIGN
443,5331378,8,5,356,3493,199,0,44.5,76.15397935,1791,0,698.6,859.88883,721.9521857,2.438393976,444281.5,1452531.16,5053370,48,5331378,761625.4286,1894097.141,5053370,48,58049,14512.25,16359.4871,33025,218,0,0,0,0,172,112,1.500550139,0.937843837,0,1791,274.9285714,581.5154557,338160.2253,0,0,0,1,0,0,0,0,0,296.0769231,44.5,698.6,172,0,0,0,0,0,0,8,356,5,3493,8192,946,3,20,277960,0,277960,277960,5053370,0,5053370,5053370,BENIGN
443,5311938,9,7,362,5202,205,0,40.22222222,74.41568682,2920,0,743.1428571,1042.814689,1047.451985,3.012083349,354129.2,1285640.806,4996939,16,5311938,663992.25,1752740.61,4996939,48,291712,48618.66667,87352.9251,223342,80,0,0,0,0,204,152,1.694296884,1.317786465,0,2920,327.2941176,734.3535222,539275.0956,0,0,0,1,0,0,0,0,0,347.75,40.22222222,743.1428571,204,0,0,0,0,0,0,9,362,7,5202,8192,946,3,20,0,0,0,0,0,0,0,0,BENIGN
1128,48,2,0,31,0,31,0,15.5,21.92031022,0,0,0,0,645833.3333,41666.66667,48,0,48,48,48,48,0,48,48,0,0,0,0,0,1,0,0,0,40,0,41666.66667,0,0,31,20.66666667,17.89785834,320.3333333,0,1,0,0,1,0,0,0,0,31,15.5,0,40,0,0,0,0,0,0,2,31,0,0,946,-1,0,20,0,0,0,0,0,0,0,0,BENIGN
1123,1,2,0,31,0,31,0,15.5,21.92031022,0,0,0,0,31000000,2000000,1,0,1,1,1,1,0,1,1,0,0,0,0,0,1,0,0,0,40,0,2000000,0,0,31,20.66666667,17.89785834,320.3333333,0,1,0,0,1,0,0,0,0,31,15.5,0,40,0,0,0,0,0,0,2,31,0,0,946,-1,0,20,0,0,0,0,0,0,0,0,BENIGN
1127,47,2,0,31,0,31,0,15.5,21.92031022,0,0,0,0,659574.4681,42553.19149,47,0,47,47,47,47,0,47,47,0,0,0,0,0,1,0,0,0,40,0,42553.19149,0,0,31,20.66666667,17.89785834,320.3333333,0,1,0,0,1,0,0,0,0,31,15.5,0,40,0,0,0,0,0,0,2,31,0,0,946,-1,0,20,0,0,0,0,0,0,0,0,BENIGN
443,926421,7,6,319,3432,193,0,45.57142857,80.19529733,1460,0,572,695.9252833,4048.915126,14.0324971,77201.75,163400.8549,555104,75,926421,154403.5,216331.5003,555104,486,347302,69460.4,94923.30862,224531,228,0,0,0,0,164,132,7.555959979,6.476537125,0,1460,267.9285714,513.8683555,264060.6868,0,0,0,1,0,0,0,0,0,288.5384615,45.57142857,572,164,0,0,0,0,0,0,7,319,6,3432,8192,60,2,20,0,0,0,0,0,0,0,0,BENIGN
53,48352,1,1,101,165,101,101,101,0,165,165,165,0,5501.323627,41.36333554,48352,0,48352,48352,0,0,0,0,0,0,0,0,0,0,0,0,0,0,0,0,20.68166777,20.68166777,101,165,122.3333333,36.95041723,1365.333333,0,0,0,0,0,0,0,0,1,183.5,101,165,0,0,0,0,0,0,0,1,101,1,165,-1,-1,0,0,0,0,0,0,0,0,0,0,BENIGN
53,49544,1,1,42,70,42,42,42,0,70,70,70,0,2260.616825,40.3681576,49544,0,49544,49544,0,0,0,0,0,0,0,0,0,0,0,0,0,0,32,20,20.1840788,20.1840788,42,70,51.33333333,16.16580754,261.3333333,0,0,0,0,0,0,0,0,1,77,42,70,32,0,0,0,0,0,0,1,42,1,70,-1,-1,0,32,0,0,0,0,0,0,0,0,BENIGN
53,76744,1,1,50,105,50,50,50,0,105,105,105,0,2019.701866,26.06066924,76744,0,76744,76744,0,0,0,0,0,0,0,0,0,0,0,0,0,0,20,20,13.03033462,13.03033462,50,105,68.33333333,31.75426481,1008.333333,0,0,0,0,0,0,0,0,1,102.5,50,105,20,0,0,0,0,0,0,1,50,1,105,-1,-1,0,20,0,0,0,0,0,0,0,0,BENIGN
443,896043,8,9,646,4131,324,0,80.75,123.6951899,1871,0,459,701.4329975,5331.217363,18.97230378,56002.6875,131984.7869,504948,1,870806,124400.8571,188981.9908,504960,616,871048,108881,187052.1488,530181,1,0,0,0,0,184,192,8.928142957,10.04416083,0,1871,265.3888889,527.128753,277864.7222,0,0,0,1,0,0,0,0,1,281,80.75,459,184,0,0,0,0,0,0,8,646,9,4131,8192,33,3,20,0,0,0,0,0,0,0,0,BENIGN
443,15138,2,0,0,0,0,0,0,0,0,0,0,0,0,132.1178491,15138,0,15138,15138,15138,15138,0,15138,15138,0,0,0,0,0,0,0,0,0,40,0,132.1178491,0,0,0,0,0,0,0,0,0,0,1,0,0,0,0,0,0,0,40,0,0,0,0,0,0,2,0,0,0,254,-1,0,20,0,0,0,0,0,0,0,0,BENIGN
443,868178,8,9,661,5446,336,0,82.625,127.4799004,1460,0,605.1111111,656.3530766,7034.271774,19.58123795,54261.125,109782.5485,405378,1,815800,116542.8571,159963.5108,405378,346,817562,102195.25,166157.5952,457864,1,0,0,0,0,184,192,9.214700211,10.36653774,0,1460,339.2777778,533.4809998,284601.9771,0,0,0,1,0,0,0,0,1,359.2352941,82.625,605.1111111,184,0,0,0,0,0,0,8,661,9,5446,8192,40,3,20,0,0,0,0,0,0,0,0,BENIGN
443,64791,2,0,0,0,0,0,0,0,0,0,0,0,0,30.86848482,64791,0,64791,64791,64791,64791,0,64791,64791,0,0,0,0,0,0,0,0,0,40,0,30.86848482,0,0,0,0,0,0,0,0,0,0,1,0,0,0,0,0,0,0,40,0,0,0,0,0,0,2,0,0,0,254,-1,0,20,0,0,0,0,0,0,0,0,BENIGN
443,995904,8,8,328,4157,204,0,41,73.46330474,1430,0,519.625,634.0531608,4503.446115,16.06580554,66393.6,140719.5267,467763,1,995904,142272,183864.1421,467763,4,191581,27368.71429,47663.23122,127559,1,0,0,0,0,172,172,8.03290277,8.03290277,0,1430,263.8235294,490.0396968,240138.9044,0,0,0,1,0,0,0,0,1,280.3125,41,519.625,172,0,0,0,0,0,0,8,328,8,4157,8192,343,3,20,0,0,0,0,0,0,0,0,BENIGN
80,168252,3,4,436,860,436,0,145.3333333,251.7247174,860,0,215,430,7702.731617,41.60426028,28042,46989.56866,121151,4,144545,72272.5,69124.63761,121151,23394,144923,48307.66667,83192.8673,144370,4,0,0,0,0,72,92,17.83039726,23.77386302,0,860,162,320.6564695,102820.5714,0,0,0,1,0,0,0,0,1,185.1428571,145.3333333,215,72,0,0,0,0,0,0,3,436,4,860,8192,31,1,20,0,0,0,0,0,0,0,0,BENIGN
443,5027591,8,7,363,5457,206,0,45.375,78.19561095,2021,0,779.5714286,839.3100057,1157.612065,2.98353625,359113.6429,1248577.698,4691942,4,5027591,718227.2857,1754791.04,4691942,4,304494,50749,90937.19378,233472,49,0,0,0,0,184,152,1.591219333,1.392316917,0,2021,363.75,654.3707919,428201.1333,0,0,0,1,0,0,0,0,0,388,45.375,779.5714286,184,0,0,0,0,0,0,8,363,7,5457,8192,119,3,20,0,0,0,0,0,0,0,0,BENIGN
80,35439,2,0,0,0,0,0,0,0,0,0,0,0,0,56.43500099,35439,0,35439,35439,35439,35439,0,35439,35439,0,0,0,0,0,0,0,0,0,40,0,56.43500099,0,0,0,0,0,0,0,0,0,0,1,0,0,0,0,0,0,0,40,0,0,0,0,0,0,2,0,0,0,253,-1,0,20,0,0,0,0,0,0,0,0,BENIGN
443,664372,13,11,926,5034,358,0,71.23076923,108.3021651,1430,0,457.6363636,550.316504,8970.877761,36.12433998,28885.73913,80174.78497,389609,1,664372,55364.33333,107063.9099,389609,4,599173,59917.3,131989.0033,426671,1,0,0,0,0,272,232,19.56735082,16.55698916,0,1430,238.4,414.2298074,171586.3333,0,0,0,1,0,0,0,0,0,248.3333333,71.23076923,457.6363636,272,0,0,0,0,0,0,13,926,11,5034,8192,360,7,20,0,0,0,0,0,0,0,0,BENIGN
80,160219,3,4,436,860,436,0,145.3333333,251.7247174,860,0,215,430,8088.928279,43.69019904,26703.16667,43675.87063,112881,2,135963,67981.5,63497.48184,112881,23082,137186,45728.66667,78374.4473,136226,2,0,0,0,0,72,92,18.72437102,24.96582802,0,860,162,320.6564695,102820.5714,0,0,0,1,0,0,0,0,1,185.1428571,145.3333333,215,72,0,0,0,0,0,0,3,436,4,860,8192,31,1,20,0,0,0,0,0,0,0,0,BENIGN
1242,23249,2,0,0,0,0,0,0,0,0,0,0,0,0,86.02520539,23249,0,23249,23249,23249,23249,0,23249,23249,0,0,0,0,0,0,0,0,0,40,0,86.02520539,0,0,0,0,0,0,0,0,0,0,1,0,0,0,0,0,0,0,40,0,0,0,0,0,0,2,0,0,0,360,-1,0,20,0,0,0,0,0,0,0,0,BENIGN
80,13218,2,0,0,0,0,0,0,0,0,0,0,0,0,151.3088213,13218,0,13218,13218,13218,13218,0,13218,13218,0,0,0,0,0,0,0,0,0,40,0,151.3088213,0,0,0,0,0,0,0,0,0,0,1,0,0,0,0,0,0,0,40,0,0,0,0,0,0,2,0,0,0,253,-1,0,20,0,0,0,0,0,0,0,0,BENIGN
53,23667,1,1,63,79,63,63,63,0,79,79,79,0,5999.915494,84.50585203,23667,0,23667,23667,0,0,0,0,0,0,0,0,0,0,0,0,0,0,20,20,42.25292602,42.25292602,63,79,68.33333333,9.237604307,85.33333333,0,0,0,0,0,0,0,0,1,102.5,63,79,20,0,0,0,0,0,0,1,63,1,79,-1,-1,0,20,0,0,0,0,0,0,0,0,BENIGN
53,23608,1,1,50,105,50,50,50,0,105,105,105,0,6565.570993,84.71704507,23608,0,23608,23608,0,0,0,0,0,0,0,0,0,0,0,0,0,0,20,20,42.35852253,42.35852253,50,105,68.33333333,31.75426481,1008.333333,0,0,0,0,0,0,0,0,1,102.5,50,105,20,0,0,0,0,0,0,1,50,1,105,-1,-1,0,20,0,0,0,0,0,0,0,0,BENIGN
138,31,20,0,4510,0,237,214,225.5,11.79875105,0,0,0,0,145000000,645161.2903,1.631578947,1.382852379,7,1,31,1.631578947,1.382852379,7,1,0,0,0,0,0,0,0,0,0,400,0,645161.2903,0,214,237,226.047619,11.77062526,138.547619,0,0,0,0,0,0,0,0,0,237.35,225.5,0,400,0,0,0,0,0,0,20,4510,0,0,-1,-1,19,20,0,0,0,0,0,0,0,0,BENIGN
80,424395,3,4,426,2266,426,0,142,245.9512147,2266,0,566.5,1133,6343.147304,16.49406803,70732.5,144913.0056,365160,4,394093,197046.5,237748.3917,365160,28933,395535,131845,227235.5947,394233,4,0,0,0,0,72,92,7.068886297,9.425181729,0,2266,336.5,793.7590494,630053.4286,0,0,0,1,0,0,0,0,1,384.5714286,142,566.5,72,0,0,0,0,0,0,3,426,4,2266,8192,237,1,20,0,0,0,0,0,0,0,0,BENIGN
80,11788,2,0,0,0,0,0,0,0,0,0,0,0,0,169.6640652,11788,0,11788,11788,11788,11788,0,11788,11788,0,0,0,0,0,0,0,0,0,40,0,169.6640652,0,0,0,0,0,0,0,0,0,0,1,0,0,0,0,0,0,0,40,0,0,0,0,0,0,2,0,0,0,256,-1,0,20,0,0,0,0,0,0,0,0,BENIGN
80,71285,3,4,427,2267,427,0,142.3333333,246.5285649,2267,0,566.75,1133.5,37791.96184,98.19737673,11880.83333,14294.30206,29428,5,41194,20597,12423.86615,29382,11812,41915,13971.66667,23627.71767,41252,5,0,0,0,0,72,84,42.08459003,56.1127867,0,2267,336.75,794.1224717,630630.5,0,0,0,1,0,0,0,0,1,384.8571429,142.3333333,566.75,72,0,0,0,0,0,0,3,427,4,2267,8192,30016,1,20,0,0,0,0,0,0,0,0,BENIGN
80,142029,2,0,0,0,0,0,0,0,0,0,0,0,0,14.08163122,142029,0,142029,142029,142029,142029,0,142029,142029,0,0,0,0,0,0,0,0,0,40,0,14.08163122,0,0,0,0,0,0,0,0,0,0,1,0,0,0,0,0,0,0,40,0,0,0,0,0,0,2,0,0,0,64240,-1,0,20,0,0,0,0,0,0,0,0,BENIGN
443,241632,4,1,201,0,201,0,50.25,100.5,0,0,0,0,831.8434644,20.69262349,60408,75444.90216,170763,51,241632,80544,78147.50803,170763,33875,0,0,0,0,0,0,0,0,0,92,32,16.55409879,4.138524699,0,201,33.5,82.05790638,6733.5,0,0,0,1,0,0,0,0,0,40.2,50.25,0,92,0,0,0,0,0,0,4,201,1,0,8192,42780,1,20,0,0,0,0,0,0,0,0,BENIGN
443,241110,4,1,201,0,201,0,50.25,100.5,0,0,0,0,833.6443947,20.73742275,60277.5,75042.46029,169986,6,241110,80370,77621.04236,169986,34237,0,0,0,0,0,0,0,0,0,92,32,16.5899382,4.147484551,0,201,33.5,82.05790638,6733.5,0,0,0,1,0,0,0,0,0,40.2,50.25,0,92,0,0,0,0,0,0,4,201,1,0,8192,42780,1,20,0,0,0,0,0,0,0,0,BENIGN
1275,33520,5,1,3553,0,1430,0,710.6,715.0676891,0,0,0,0,105996.42,178.9976134,6704,9125.985234,18251,5,33520,8380,9610.841205,18251,48,0,0,0,0,0,0,0,0,0,100,20,149.1646778,29.83293556,0,1430,507.5714286,679.0493004,461107.9524,0,0,0,0,1,0,0,0,0,592.1666667,710.6,0,100,0,0,0,0,0,0,5,3553,1,0,343,0,3,20,0,0,0,0,0,0,0,0,BENIGN
1276,34011,4,1,3553,0,2860,0,888.25,1354.485973,0,0,0,0,104466.2021,147.0112611,8502.75,9880.763175,19098,67,34011,11337,9912.282835,19098,171,0,0,0,0,0,0,0,0,0,80,20,117.6090089,29.40225221,0,2860,592.1666667,1145.06601,1311176.167,0,0,0,0,1,0,0,0,0,710.6,888.25,0,80,0,0,0,0,0,0,4,3553,1,0,343,0,2,20,0,0,0,0,0,0,0,0,BENIGN
443,1061248,9,9,504,4574,200,0,56,81.9954267,1430,0,508.2222222,658.7521874,4784.932457,16.96116271,62426.35294,198717.3191,830679,1,1061248,132656,282414.8036,830679,49,1011868,126483.5,301313.9227,867895,1,0,0,0,0,192,192,8.480581353,8.480581353,0,1430,267.2631579,501.1703904,251171.7602,0,0,0,1,0,0,0,0,1,282.1111111,56,508.2222222,192,0,0,0,0,0,0,9,504,9,4574,8192,351,4,20,0,0,0,0,0,0,0,0,BENIGN
443,773185,7,9,1063,4236,517,0,151.8571429,209.9384263,1562,0,470.6666667,622.0898247,6853.469739,20.69362442,51545.66667,116680.797,414573,1,741325,123554.1667,174270.9091,414573,1147,750063,93757.875,163344.737,446500,1,0,0,0,0,164,192,9.053460685,11.64016374,0,1562,311.7058824,491.4169264,241490.5956,0,0,0,1,0,0,0,0,1,331.1875,151.8571429,470.6666667,164,0,0,0,0,0,0,7,1063,9,4236,8192,1013,3,20,0,0,0,0,0,0,0,0,BENIGN
443,329519,7,10,495,4090,189,0,70.71428571,90.36355144,1410,0,409,586.3754959,13914.22042,51.59034836,20594.9375,30522.1461,81649,1,307353,51225.5,30570.31943,81649,22031,307562,34173.55556,50562.70725,104457,1,0,0,0,0,152,212,21.24308462,30.34726374,0,1410,254.7222222,465.4808779,216672.4477,0,0,0,1,0,0,0,0,1,269.7058824,70.71428571,409,152,0,0,0,0,0,0,7,495,10,4090,8192,119,3,20,0,0,0,0,0,0,0,0,BENIGN
443,92662,2,0,0,0,0,0,0,0,0,0,0,0,0,21.58382077,92662,0,92662,92662,92662,92662,0,92662,92662,0,0,0,0,0,0,0,0,0,40,0,21.58382077,0,0,0,0,0,0,0,0,0,0,1,0,0,0,0,0,0,0,40,0,0,0,0,0,0,2,0,0,0,257,-1,0,20,0,0,0,0,0,0,0,0,BENIGN
443,155928,2,0,0,0,0,0,0,0,0,0,0,0,0,12.82643271,155928,0,155928,155928,155928,155928,0,155928,155928,0,0,0,0,0,0,0,0,0,40,0,12.82643271,0,0,0,0,0,0,0,0,0,0,1,0,0,0,0,0,0,0,40,0,0,0,0,0,0,2,0,0,0,253,-1,0,20,0,0,0,0,0,0,0,0,BENIGN
80,1323699,3,4,436,860,436,0,145.3333333,251.7247174,860,0,215,430,979.0745479,5.288211293,220616.5,517333.8592,1276356,1,1299720,649860,885999.14,1276356,23364,1300417,433472.3333,750791.7749,1300412,1,0,0,0,0,72,92,2.266376268,3.021835024,0,860,162,320.6564695,102820.5714,0,0,0,1,0,0,0,0,1,185.1428571,145.3333333,215,72,0,0,0,0,0,0,3,436,4,860,8192,31,1,20,0,0,0,0,0,0,0,0,BENIGN
443,550624,10,8,533,4162,200,0,53.3,74.4506548,1430,0,520.25,633.3310464,8526.689719,32.69018423,32389.64706,50292.25329,188830,3,550624,61180.44444,59108.15617,188830,3,469488,67069.71429,95574.52022,237549,5,0,0,0,0,212,172,18.16121346,14.52897077,0,1430,247.1052632,464.9476547,216176.3216,0,0,0,1,0,0,0,0,0,260.8333333,53.3,520.25,212,0,0,0,0,0,0,10,533,8,4162,8192,176,5,20,0,0,0,0,0,0,0,0,BENIGN
80,5287503,3,1,0,0,0,0,0,0,0,0,0,0,0,0.756500753,1762501,3032379.952,5263966,136,5287503,2643751.5,3705542.882,5263966,23537,0,0,0,0,0,0,0,0,0,72,32,0.567375565,0.189125188,0,0,0,0,0,0,0,0,1,0,0,0,0,0,0,0,0,72,0,0,0,0,0,0,3,0,1,0,8192,29200,0,20,0,0,0,0,0,0,0,0,BENIGN
443,5225777,8,7,363,5457,206,0,45.375,78.19561095,2021,0,779.5714286,839.3100057,1113.70998,2.870386547,373269.7857,1299502.738,4883179,4,5225777,746539.5714,1826543.999,4883186,4,310142,51690.33333,91489.25889,235237,50,0,0,0,0,184,152,1.530872825,1.339513722,0,2021,363.75,654.3707919,428201.1333,0,0,0,1,0,0,0,0,0,388,45.375,779.5714286,184,0,0,0,0,0,0,8,363,7,5457,8192,119,3,20,0,0,0,0,0,0,0,0,BENIGN
1279,42010,3,0,0,0,0,0,0,0,0,0,0,0,0,71.41156867,21005,29701.31324,42007,3,42010,21005,29701.31324,42007,3,0,0,0,0,0,0,0,0,0,60,0,71.41156867,0,0,0,0,0,0,0,0,0,0,1,0,0,0,0,0,0,0,60,0,0,0,0,0,0,3,0,0,0,176,-1,0,20,0,0,0,0,0,0,0,0,BENIGN
80,382944,3,4,427,2267,427,0,142.3333333,246.5285649,2267,0,566.75,1133.5,7034.971171,18.27943511,63824,128090.0063,323698,4,352857,176428.5,208270.5242,323698,29159,353888,117962.6667,203521.9644,352969,4,0,0,0,0,72,92,7.83404362,10.44539149,0,2267,336.75,794.1224717,630630.5,0,0,0,1,0,0,0,0,1,384.8571429,142.3333333,566.75,72,0,0,0,0,0,0,3,427,4,2267,8192,237,1,20,0,0,0,0,0,0,0,0,BENIGN
80,156326,2,0,0,0,0,0,0,0,0,0,0,0,0,12.79377711,156326,0,156326,156326,156326,156326,0,156326,156326,0,0,0,0,0,0,0,0,0,40,0,12.79377711,0,0,0,0,0,0,0,0,0,0,1,0,0,0,0,0,0,0,40,0,0,0,0,0,0,2,0,0,0,253,-1,0,20,0,0,0,0,0,0,0,0,BENIGN
443,639150,11,11,564,4085,198,0,51.27272727,74.70487388,1460,0,371.3636364,567.9514544,7273.722913,34.42071501,30435.71429,57025.30932,215962,1,639150,63915,69930.09811,215962,3,578146,57814.6,98798.85421,260187,1,0,0,0,0,232,232,17.21035751,17.21035751,0,1460,202.1304348,420.3748656,176715.0277,0,0,0,1,0,0,0,0,1,211.3181818,51.27272727,371.3636364,232,0,0,0,0,0,0,11,564,11,4085,8192,123,5,20,0,0,0,0,0,0,0,0,BENIGN
80,103616,2,0,0,0,0,0,0,0,0,0,0,0,0,19.3020383,103616,0,103616,103616,103616,103616,0,103616,103616,0,0,0,0,0,0,0,0,0,40,0,19.3020383,0,0,0,0,0,0,0,0,0,0,1,0,0,0,0,0,0,0,40,0,0,0,0,0,0,2,0,0,0,256,-1,0,20,0,0,0,0,0,0,0,0,BENIGN
443,5219210,10,8,346,5822,189,0,34.6,67.15355538,1624,0,727.75,760.8072311,1181.788048,3.448797807,307012.3529,1154008.206,4780513,3,5219210,579912.2222,1577411.582,4780513,3,388082,55440.28571,90474.73564,251026,49,0,0,0,0,224,172,1.915998781,1.532799025,0,1624,324.6315789,593.4355914,352165.8012,0,0,0,1,0,0,0,0,0,342.6666667,34.6,727.75,224,0,0,0,0,0,0,10,346,8,5822,8192,119,3,20,0,0,0,0,0,0,0,0,BENIGN
443,5168942,8,5,553,2664,326,0,69.125,122.7767283,1460,0,532.8,711.8157767,622.3710771,2.515021449,430745.1667,1372501.734,4782574,3,5168942,738420.2857,1786668.287,4782574,3,82889,20722.25,22135.86522,40806,253,0,0,0,0,172,104,1.547705507,0.967315942,0,1460,229.7857143,468.2726324,219279.2582,0,0,0,1,0,0,0,0,0,247.4615385,69.125,532.8,172,0,0,0,0,0,0,8,553,5,2664,8192,34982,3,20,0,0,0,0,0,0,0,0,BENIGN
1284,4,2,0,31,0,31,0,15.5,21.92031022,0,0,0,0,7750000,500000,4,0,4,4,4,4,0,4,4,0,0,0,0,0,1,0,0,0,40,0,500000,0,0,31,20.66666667,17.89785834,320.3333333,0,1,0,0,1,0,0,0,0,31,15.5,0,40,0,0,0,0,0,0,2,31,0,0,123,-1,0,20,0,0,0,0,0,0,0,0,BENIGN
1153,3,2,0,0,0,0,0,0,0,0,0,0,0,0,666666.6667,3,0,3,3,3,3,0,3,3,0,0,0,0,0,0,0,0,0,40,0,666666.6667,0,0,0,0,0,0,0,0,0,0,1,0,0,0,0,0,0,0,40,0,0,0,0,0,0,2,0,0,0,34945,-1,0,20,0,0,0,0,0,0,0,0,BENIGN
1149,3,2,0,31,0,31,0,15.5,21.92031022,0,0,0,0,10300000,666666.6667,3,0,3,3,3,3,0,3,3,0,0,0,0,0,1,0,0,0,40,0,666666.6667,0,0,31,20.66666667,17.89785834,320.3333333,0,1,0,0,1,0,0,0,0,31,15.5,0,40,0,0,0,0,0,0,2,31,0,0,119,-1,0,20,0,0,0,0,0,0,0,0,BENIGN
445,90000196,10,10,8,2,1,0,0.8,0.421637021,1,0,0.2,0.421637021,0.111110869,0.222221738,4736852.421,11200000,30000000,1,90000000,10000000,15000000,30000000,3,90000000,10000000,15000000,30000000,3,0,0,0,0,224,296,0.111110869,0.111110869,0,1,0.523809524,0.511766316,0.261904762,0,0,0,0,1,0,0,0,1,0.55,0.8,0.2,224,0,0,0,0,0,0,10,8,10,2,253,2047,7,20,16680.66667,28773.98835,49906,50,30000000,28836.41672,30000000,30000000,BENIGN
443,779057,9,8,1397,4065,837,0,155.2222222,280.663846,1460,0,508.125,659.7812273,7011.04027,21.82125313,48691.0625,69412.05105,196190,1,779057,97382.125,89931.25179,221862,3,604654,86379.14286,112467.3399,261703,1,0,0,0,0,192,164,11.55242813,10.268825,0,1460,303.4444444,503.0680251,253077.4379,0,0,0,1,0,0,0,0,0,321.2941176,155.2222222,508.125,192,0,0,0,0,0,0,9,1397,8,4065,8192,65535,4,20,0,0,0,0,0,0,0,0,BENIGN
1281,45,2,0,37,0,37,0,18.5,26.1629509,0,0,0,0,822222.2222,44444.44444,45,0,45,45,45,45,0,45,45,0,0,0,0,0,0,0,0,0,40,0,44444.44444,0,0,37,12.33333333,21.36195996,456.3333333,0,0,0,0,1,0,0,0,0,18.5,18.5,0,40,0,0,0,0,0,0,2,37,0,0,40958,-1,1,20,0,0,0,0,0,0,0,0,BENIGN
443,150517,3,1,0,0,0,0,0,0,0,0,0,0,0,26.57507125,50172.33333,58023.4473,113741,58,150517,75258.5,54422.47341,113741,36776,0,0,0,0,0,0,0,0,0,72,32,19.93130344,6.643767814,0,0,0,0,0,0,0,0,1,0,0,0,0,0,0,0,0,72,0,0,0,0,0,0,3,0,1,0,8192,42780,0,20,0,0,0,0,0,0,0,0,BENIGN
80,5109803,3,1,0,0,0,0,0,0,0,0,0,0,0,0.782809044,1703267.667,2936910.103,5094508,51,5109803,2554901.5,3591545.955,5094508,15295,0,0,0,0,0,0,0,0,0,72,32,0.587106783,0.195702261,0,0,0,0,0,0,0,0,1,0,0,0,0,0,0,0,0,72,0,0,0,0,0,0,3,0,1,0,8192,29200,0,20,0,0,0,0,0,0,0,0,BENIGN
443,5502638,12,13,2350,11671,1797,0,195.8333333,514.5824138,1509,0,897.7692308,702.6708753,2548.05059,4.543275425,229276.5833,1023013.795,5026737,1,5502638,500239.8182,1503328.181,5026737,3,437618,36468.16667,88391.27025,312020,1,0,0,0,0,252,264,2.180772204,2.362503221,0,1797,539.2692308,698.9901606,488587.2446,0,0,0,1,0,0,0,0,1,560.84,195.8333333,897.7692308,252,0,0,0,0,0,0,12,2350,13,11671,8192,65535,4,20,475898,0,475898,475898,5026737,0,5026737,5026737,BENIGN
1152,4,2,0,0,0,0,0,0,0,0,0,0,0,0,500000,4,0,4,4,4,4,0,4,4,0,0,0,0,0,0,0,0,0,40,0,500000,0,0,0,0,0,0,0,0,0,0,1,0,0,0,0,0,0,0,40,0,0,0,0,0,0,2,0,0,0,40921,-1,0,20,0,0,0,0,0,0,0,0,BENIGN
443,588485,13,13,1400,4938,839,0,107.6923077,228.9451843,1430,0,379.8461538,576.2188308,10770.02812,44.18124506,23539.4,39222.84575,183302,1,588485,49040.41667,49252.03268,183302,49,517592,43132.66667,68254.38817,220938,1,0,0,0,0,272,272,22.09062253,22.09062253,0,1430,234.7407407,445.1443666,198153.5071,0,0,0,1,0,0,0,0,1,243.7692308,107.6923077,379.8461538,272,0,0,0,0,0,0,13,1400,13,4938,8192,373,7,20,0,0,0,0,0,0,0,0,BENIGN
443,570187,14,13,1433,4939,872,0,102.3571429,230.3083576,1430,0,379.9230769,576.3470398,11175.28109,47.35288598,21930.26923,34313.61808,150804,1,570187,43860.53846,43361.09129,150804,3,486610,40550.83333,61359.81981,187330,1,0,0,0,0,292,272,24.55334829,22.7995377,0,1430,227.5714286,440.9034856,194395.8836,0,0,0,1,0,0,0,0,0,236,102.3571429,379.9230769,292,0,0,0,0,0,0,14,1433,13,4939,8192,373,7,20,0,0,0,0,0,0,0,0,BENIGN
443,354621,7,4,353,154,225,0,50.42857143,82.92337255,85,0,38.5,44.93328388,1429.695365,31.01903159,35462.1,74762.52284,241693,3,354621,59103.5,91615.05988,241693,73,270941,90313.66667,155886.9007,270316,3,0,0,0,0,152,92,19.73938374,11.27964785,0,225,42.25,67.16617791,4511.295455,0,0,0,1,0,0,0,0,0,46.09090909,50.42857143,38.5,152,0,0,0,0,0,0,7,353,4,154,8192,4405,3,20,0,0,0,0,0,0,0,0,BENIGN
1309,2031,3,0,0,0,0,0,0,0,0,0,0,0,0,1477.104874,1015.5,1430.477018,2027,4,2031,1015.5,1430.477018,2027,4,0,0,0,0,0,0,0,0,0,60,0,1477.104874,0,0,0,0,0,0,0,0,0,0,1,0,0,0,0,0,0,0,60,0,0,0,0,0,0,3,0,0,0,4396,-1,0,20,0,0,0,0,0,0,0,0,BENIGN
80,508493,3,4,436,860,436,0,145.3333333,251.7247174,860,0,215,430,2548.707652,13.76616787,84748.83333,184882.969,461428,4,484782,242391,309765.0961,461428,23354,485204,161734.6667,279805.3636,484826,4,0,0,0,0,72,92,5.899786231,7.866381641,0,860,162,320.6564695,102820.5714,0,0,0,1,0,0,0,0,1,185.1428571,145.3333333,215,72,0,0,0,0,0,0,3,436,4,860,8192,31,1,20,0,0,0,0,0,0,0,0,BENIGN
80,66664,2,0,0,0,0,0,0,0,0,0,0,0,0,30.00120005,66664,0,66664,66664,66664,66664,0,66664,66664,0,0,0,0,0,0,0,0,0,40,0,30.00120005,0,0,0,0,0,0,0,0,0,0,1,0,0,0,0,0,0,0,40,0,0,0,0,0,0,2,0,0,0,253,-1,0,20,0,0,0,0,0,0,0,0,BENIGN
443,1898361,10,12,1477,8741,693,0,147.7,242.754128,2266,0,728.4166667,749.7452244,5382.537884,11.58894436,90398.14286,187053.0473,761897,4,1136460,126273.3333,148498.3043,422142,1398,1874676,170425.0909,242626.4074,761917,4,0,0,0,0,236,252,5.267701981,6.321242377,0,2266,444.2608696,630.99663,398156.747,0,0,0,1,0,0,0,0,1,464.4545455,147.7,728.4166667,236,0,0,0,0,0,0,10,1477,12,8741,8192,36,4,20,0,0,0,0,0,0,0,0,BENIGN
443,21058,2,0,0,0,0,0,0,0,0,0,0,0,0,94.97578118,21058,0,21058,21058,21058,21058,0,21058,21058,0,0,0,0,0,0,0,0,0,40,0,94.97578118,0,0,0,0,0,0,0,0,0,0,1,0,0,0,0,0,0,0,40,0,0,0,0,0,0,2,0,0,0,256,-1,0,20,0,0,0,0,0,0,0,0,BENIGN
53,61083,1,1,50,114,50,50,50,0,114,114,114,0,2684.871404,32.7423342,61083,0,61083,61083,0,0,0,0,0,0,0,0,0,0,0,0,0,0,20,20,16.3711671,16.3711671,50,114,71.33333333,36.95041723,1365.333333,0,0,0,0,0,0,0,0,1,107,50,114,20,0,0,0,0,0,0,1,50,1,114,-1,-1,0,20,0,0,0,0,0,0,0,0,BENIGN
443,1514319,9,8,1165,4017,605,0,129.4444444,212.6253225,1460,0,502.125,655.9049229,3422.000252,11.22616833,94644.9375,191876.2999,744228,2,1514319,189289.875,248537.9808,744228,3,1319686,188526.5714,388318.4458,1055416,2,0,0,0,0,192,164,5.943265587,5.282902744,0,1460,287.8888889,488.0425354,238185.5163,0,0,0,1,0,0,0,0,0,304.8235294,129.4444444,502.125,192,0,0,0,0,0,0,9,1165,8,4017,8192,65535,4,20,0,0,0,0,0,0,0,0,BENIGN
1287,3,2,0,37,0,37,0,18.5,26.1629509,0,0,0,0,12300000,666666.6667,3,0,3,3,3,3,0,3,3,0,0,0,0,0,0,0,0,0,40,0,666666.6667,0,0,37,12.33333333,21.36195996,456.3333333,0,0,0,0,1,0,0,0,0,18.5,18.5,0,40,0,0,0,0,0,0,2,37,0,0,40958,-1,1,20,0,0,0,0,0,0,0,0,BENIGN
443,428860,9,8,500,3601,196,0,55.55555556,81.12353406,1727,0,450.125,707.8878922,9562.561209,39.63997575,26803.75,42680.7953,162920,1,428860,53607.5,48758.35548,162920,3,365260,52180,84311.07418,216091,1,0,0,0,0,192,172,20.98586951,18.65410624,0,1727,227.8333333,501.4519213,251454.0294,0,0,0,1,0,0,0,0,0,241.2352941,55.55555556,450.125,192,0,0,0,0,0,0,9,500,8,3601,8192,351,4,20,0,0,0,0,0,0,0,0,BENIGN
53,404578,1,1,55,174,55,55,55,0,174,174,174,0,566.0218796,4.943422529,404578,0,404578,404578,0,0,0,0,0,0,0,0,0,0,0,0,0,0,20,20,2.471711265,2.471711265,55,174,94.66666667,68.70468203,4720.333333,0,0,0,0,0,0,0,0,1,142,55,174,20,0,0,0,0,0,0,1,55,1,174,-1,-1,0,20,0,0,0,0,0,0,0,0,BENIGN
443,12629675,9,11,531,3317,204,0,59,82.29216245,1625,0,301.5454545,615.1361416,304.6792574,1.583572024,664719.7368,2674168.11,11700000,3,928573,116071.625,173593.1588,447125,189,12600000,1259476.1,3671292.955,11700000,3,0,0,0,0,192,224,0.712607411,0.870964613,0,1625,183.2380952,456.3198335,208227.7905,0,0,0,1,0,0,0,0,1,192.4,59,301.5454545,192,0,0,0,0,0,0,9,531,11,3317,8192,16616,4,20,928573,0,928573,928573,11700000,0,11700000,11700000,BENIGN
443,24237,3,0,46,0,46,0,15.33333333,26.55811238,0,0,0,0,1897.924661,123.7776953,12118.5,16722.36827,23943,294,24237,12118.5,16722.36827,23943,294,0,0,0,0,0,0,0,0,0,60,0,123.7776953,0,0,46,11.5,23,529,0,0,0,0,1,0,0,0,0,15.33333333,15.33333333,0,60,0,0,0,0,0,0,3,46,0,0,64046,-1,1,20,0,0,0,0,0,0,0,0,BENIGN
443,5085980,8,6,348,3163,191,0,43.5,73.85313612,1601,0,527.1666667,778.7907079,690.3291008,2.75266517,391229.2308,1270377.302,4613192,3,5085980,726568.5714,1716922.821,4613192,3,422318,84463.6,103851.1579,251480,237,0,0,0,0,184,132,1.572951526,1.179713644,0,1601,234.0666667,529.9267425,280822.3524,0,0,0,1,0,0,0,0,0,250.7857143,43.5,527.1666667,184,0,0,0,0,0,0,8,348,6,3163,8192,110,3,20,0,0,0,0,0,0,0,0,BENIGN
443,5767480,8,5,553,2664,326,0,69.125,122.7767283,1460,0,532.8,711.8157767,557.7826018,2.254017352,480623.3333,1547790.096,5390100,2,5767480,823925.7143,2016341.434,5390100,2,81162,20290.5,21429.61515,38893,189,0,0,0,0,172,104,1.387087602,0.866929751,0,1460,229.7857143,468.2726324,219279.2582,0,0,0,1,0,0,0,0,0,247.4615385,69.125,532.8,172,0,0,0,0,0,0,8,553,5,2664,8192,34982,3,20,377378,0,377378,377378,5390100,0,5390100,5390100,BENIGN
443,5800298,8,8,460,5462,214,0,57.5,92.12103839,1460,0,682.75,725.5828691,1020.982025,2.758478961,386686.5333,1401360.296,5447500,3,5800298,828614,2038895.248,5447500,3,79850,11407.14286,12566.42319,26009,48,0,0,0,0,172,168,1.37923948,1.37923948,0,1460,348.3529412,582.954859,339836.3676,0,0,0,1,0,0,0,0,1,370.125,57.5,682.75,172,0,0,0,0,0,0,8,460,8,5462,8192,4787,3,20,352795,0,352795,352795,5447500,0,5447500,5447500,BENIGN
443,5800890,9,7,460,5462,214,0,51.11111111,88.27718341,2920,0,780.2857143,1111.736886,1020.877831,2.758197449,386726,1412871.517,5490654,3,5800890,725111.25,1927042.446,5490654,3,84580,14096.66667,13775.68546,29578,193,0,0,0,0,192,148,1.551486065,1.206711384,0,2920,348.3529412,778.6439287,606286.3676,0,0,0,1,0,0,0,0,0,370.125,51.11111111,780.2857143,192,0,0,0,0,0,0,9,460,7,5462,8192,4787,3,20,310233,0,310233,310233,5490654,0,5490654,5490654,BENIGN
443,5840318,8,6,603,3262,342,0,75.375,129.6070297,1460,0,543.6666667,716.4737725,661.7790333,2.397129745,449255.2308,1532905.699,5547764,1,5840318,834331.1429,2080105.913,5547764,1,60984,12196.8,15781.19865,29714,2,0,0,0,0,172,132,1.369788426,1.027341319,0,1460,257.6666667,500.5189688,250519.2381,0,0,0,1,0,0,0,0,0,276.0714286,75.375,543.6666667,172,0,0,0,0,0,0,8,603,6,3262,8192,4367,3,20,292553,0,292553,292553,5547764,0,5547764,5547764,BENIGN
443,5679254,7,4,318,145,222,0,45.42857143,81.3303083,92,0,36.25,44.78373961,81.52479181,1.936874104,567925.4,1748357.741,5543601,3,5679254,946542.3333,2271116.675,5582304,3,97117,32372.33333,26103.87294,51782,2696,0,0,0,0,152,84,1.232556248,0.704317856,0,222,38.58333333,65.74255344,4322.083333,0,0,0,1,0,0,0,0,0,42.09090909,45.42857143,36.25,152,0,0,0,0,0,0,7,318,4,145,8192,35185,3,20,135650,0,135650,135650,5543601,0,5543601,5543601,BENIGN
1170,1,2,0,0,0,0,0,0,0,0,0,0,0,0,2000000,1,0,1,1,1,1,0,1,1,0,0,0,0,0,0,0,0,0,40,0,2000000,0,0,0,0,0,0,0,0,0,0,1,0,0,0,0,0,0,0,40,0,0,0,0,0,0,2,0,0,0,4840,-1,0,20,0,0,0,0,0,0,0,0,BENIGN
1171,3,2,0,0,0,0,0,0,0,0,0,0,0,0,666666.6667,3,0,3,3,3,3,0,3,3,0,0,0,0,0,0,0,0,0,40,0,666666.6667,0,0,0,0,0,0,0,0,0,0,1,0,0,0,0,0,0,0,40,0,0,0,0,0,0,2,0,0,0,4840,-1,0,20,0,0,0,0,0,0,0,0,BENIGN
1169,3,2,0,0,0,0,0,0,0,0,0,0,0,0,666666.6667,3,0,3,3,3,3,0,3,3,0,0,0,0,0,0,0,0,0,40,0,666666.6667,0,0,0,0,0,0,0,0,0,0,1,0,0,0,0,0,0,0,40,0,0,0,0,0,0,2,0,0,0,4361,-1,0,20,0,0,0,0,0,0,0,0,BENIGN
1173,3,2,0,0,0,0,0,0,0,0,0,0,0,0,666666.6667,3,0,3,3,3,3,0,3,3,0,0,0,0,0,0,0,0,0,40,0,666666.6667,0,0,0,0,0,0,0,0,0,0,1,0,0,0,0,0,0,0,40,0,0,0,0,0,0,2,0,0,0,34945,-1,0,20,0,0,0,0,0,0,0,0,BENIGN
1175,1814,2,0,0,0,0,0,0,0,0,0,0,0,0,1102.535832,1814,0,1814,1814,1814,1814,0,1814,1814,0,0,0,0,0,0,0,0,0,40,0,1102.535832,0,0,0,0,0,0,0,0,0,0,1,0,0,0,0,0,0,0,40,0,0,0,0,0,0,2,0,0,0,35148,-1,0,20,0,0,0,0,0,0,0,0,BENIGN
1194,3,2,0,31,0,31,0,15.5,21.92031022,0,0,0,0,10300000,666666.6667,3,0,3,3,3,3,0,3,3,0,0,0,0,0,1,0,0,0,40,0,666666.6667,0,0,31,20.66666667,17.89785834,320.3333333,0,1,0,0,1,0,0,0,0,31,15.5,0,40,0,0,0,0,0,0,2,31,0,0,110,-1,0,20,0,0,0,0,0,0,0,0,BENIGN
443,5500782,8,7,353,3879,196,0,44.125,75.28695106,1460,0,554.1428571,636.7564758,769.3451586,2.726885014,392913,1364064.181,5127740,37,5500782,785826,1916597.855,5127740,46,348185,58030.83333,88062.7999,225354,49,0,0,0,0,184,152,1.454338674,1.27254634,0,1460,264.5,484.2975669,234544.1333,0,0,0,1,0,0,0,0,0,282.1333333,44.125,554.1428571,184,0,0,0,0,0,0,8,353,7,3879,8192,31,3,20,372996,0,372996,372996,5127740,0,5127740,5127740,BENIGN
443,5606898,7,5,310,152,228,0,44.28571429,83.48395911,107,0,30.4,47.04572244,82.3985027,2.140220849,509718,1593871.148,5314185,3,5606898,934483,2186087.763,5396173,3,210534,52633.5,59231.71196,118184,3,0,0,0,0,152,104,1.248462162,0.891758687,0,228,35.53846154,66.20752146,4383.435897,0,0,0,1,0,0,0,0,0,38.5,44.28571429,30.4,152,0,0,0,0,0,0,7,310,5,152,8192,35181,3,20,292710,0,292710,292710,5314185,0,5314185,5314185,BENIGN
443,5635381,8,7,356,4093,199,0,44.5,76.15397935,1460,0,584.7142857,633.8692595,789.476346,2.661754369,402527.2143,1415148.142,5314992,3,5635381,805054.4286,1990722.764,5314992,3,295480,49246.66667,88487.76076,227203,58,0,0,0,0,184,152,1.41960233,1.242152039,0,1460,278.0625,491.4817689,241554.3292,0,0,0,1,0,0,0,0,0,296.6,44.5,584.7142857,184,0,0,0,0,0,0,8,356,7,4093,8192,62,3,20,320386,0,320386,320386,5314992,0,5314992,5314992,BENIGN
443,5743451,9,7,1326,595,1016,0,147.3333333,333.9981287,443,0,85,162.8639514,334.4679009,2.78578158,382896.7333,1332600.589,5191878,1,5743451,717931.375,1812137.092,5191878,49,176922,29487,43292.94337,87174,1,0,0,0,0,192,144,1.567002139,1.218779441,0,1016,113,259.8619826,67528.25,0,0,0,1,0,0,0,0,0,120.0625,147.3333333,85,192,0,0,0,0,0,0,9,1326,7,595,8192,40474,4,20,551524,0,551524,551524,5191878,0,5191878,5191878,BENIGN
443,6022109,9,6,345,3420,188,0,38.33333333,69.78180279,1858,0,570,853.1782932,625.196256,2.490821737,430150.6429,1468089.514,5526120,3,6022109,752763.625,1930976.286,5526120,3,445296,89059.2,103710.3306,248645,221,0,0,0,0,204,132,1.494493042,0.996328695,0,1858,235.3125,563.0391009,317013.0292,0,0,0,1,0,0,0,0,0,251,38.33333333,570,204,0,0,0,0,0,0,9,345,6,3420,8192,110,3,20,495986,0,495986,495986,5526120,0,5526120,5526120,BENIGN
443,5476222,9,7,354,3924,197,0,39.33333333,72.21668782,1460,0,560.5714286,639.1460076,781.195503,2.921722311,365081.4667,1288538.737,5015514,4,5476222,684527.75,1752899.836,5015514,4,437649,72941.5,119721.3015,303453,48,0,0,0,0,204,152,1.6434688,1.278253511,0,1460,251.6470588,476.3026797,226864.2426,0,0,0,1,0,0,0,0,0,267.375,39.33333333,560.5714286,204,0,0,0,0,0,0,9,354,7,3924,8192,946,3,20,460704,0,460704,460704,5015514,0,5015514,5015514,BENIGN
443,5476350,9,6,352,3051,195,0,39.11111111,71.67189903,1489,0,508.5,748.6640769,621.3992897,2.739050645,391167.8571,1325974.221,4994119,3,5476350,684543.75,1743215.602,4994129,4,431951,86390.2,104004.8507,251418,291,0,0,0,0,204,132,1.643430387,1.095620258,0,1489,212.6875,495.6483591,245667.2958,0,0,0,1,0,0,0,0,0,226.8666667,39.11111111,508.5,204,0,0,0,0,0,0,9,352,6,3051,8192,119,3,20,0,0,0,0,0,0,0,0,BENIGN
443,19881419,46,73,5692,103751,1012,0,123.7391304,287.7751773,4380,0,1421.246575,842.6537575,5504.788164,5.985488259,168486.6017,706442.0541,5116072,1,19900000,441809.3111,1097740.415,5116072,49,14700000,203916.8472,720978.2434,3454410,1,0,0,0,0,932,1464,2.313718151,3.671770109,0,4380,912.025,931.2352189,867199.033,0,0,0,1,0,0,0,0,1,919.6890756,123.7391304,1421.246575,932,0,0,0,0,0,0,46,5692,73,103751,8192,40981,10,20,14800000,0,14800000,14800000,5116072,0,5116072,5116072,BENIGN
1170,1000210,2,0,0,0,0,0,0,0,0,0,0,0,0,1.999580088,1000210,0,1000210,1000210,1000210,1000210,0,1000210,1000210,0,0,0,0,0,0,0,0,0,40,0,1.999580088,0,0,0,0,0,0,0,0,0,0,1,0,0,0,0,0,0,0,40,0,0,0,0,0,0,2,0,0,0,4840,-1,0,20,0,0,0,0,0,0,0,0,BENIGN
1171,1000714,2,0,0,0,0,0,0,0,0,0,0,0,0,1.998573019,1000714,0,1000714,1000714,1000714,1000714,0,1000714,1000714,0,0,0,0,0,0,0,0,0,40,0,1.998573019,0,0,0,0,0,0,0,0,0,0,1,0,0,0,0,0,0,0,40,0,0,0,0,0,0,2,0,0,0,4840,-1,0,20,0,0,0,0,0,0,0,0,BENIGN
1216,1,2,0,31,0,31,0,15.5,21.92031022,0,0,0,0,31000000,2000000,1,0,1,1,1,1,0,1,1,0,0,0,0,0,1,0,0,0,40,0,2000000,0,0,31,20.66666667,17.89785834,320.3333333,0,1,0,0,1,0,0,0,0,31,15.5,0,40,0,0,0,0,0,0,2,31,0,0,946,-1,0,20,0,0,0,0,0,0,0,0,BENIGN
443,3,1,1,0,0,0,0,0,0,0,0,0,0,0,666666.6667,3,0,3,3,0,0,0,0,0,0,0,0,0,0,0,0,0,0,20,20,333333.3333,333333.3333,0,0,0,0,0,0,0,0,0,1,0,0,0,1,0,0,0,20,0,0,0,0,0,0,1,0,1,0,255,31,0,20,0,0,0,0,0,0,0,0,BENIGN
443,6094888,11,12,1568,8867,668,0,142.5454545,247.825892,3342,0,738.9166667,974.3791924,1712.090526,3.773654249,277040.3636,1013684.872,4768919,2,1325967,132596.7,203618.8662,644975,384,6071543,551958.4545,1412752.577,4768961,2,0,0,0,0,232,248,1.804791163,1.968863087,0,3342,434.7916667,760.3252725,578094.5199,0,0,0,1,0,0,0,0,1,453.6956522,142.5454545,738.9166667,232,0,0,0,0,0,0,11,1568,12,8867,8192,27,4,20,0,0,0,0,0,0,0,0,BENIGN
443,4540,2,0,0,0,0,0,0,0,0,0,0,0,0,440.5286344,4540,0,4540,4540,4540,4540,0,4540,4540,0,0,0,0,0,0,0,0,0,40,0,440.5286344,0,0,0,0,0,0,0,0,0,0,1,0,0,0,0,0,0,0,40,0,0,0,0,0,0,2,0,0,0,256,-1,0,20,0,0,0,0,0,0,0,0,BENIGN
1204,4,2,0,31,0,31,0,15.5,21.92031022,0,0,0,0,7750000,500000,4,0,4,4,4,4,0,4,4,0,0,0,0,0,1,0,0,0,40,0,500000,0,0,31,20.66666667,17.89785834,320.3333333,0,1,0,0,1,0,0,0,0,31,15.5,0,40,0,0,0,0,0,0,2,31,0,0,110,-1,0,20,0,0,0,0,0,0,0,0,BENIGN
1217,1,2,0,31,0,31,0,15.5,21.92031022,0,0,0,0,31000000,2000000,1,0,1,1,1,1,0,1,1,0,0,0,0,0,1,0,0,0,40,0,2000000,0,0,31,20.66666667,17.89785834,320.3333333,0,1,0,0,1,0,0,0,0,31,15.5,0,40,0,0,0,0,0,0,2,31,0,0,119,-1,0,20,0,0,0,0,0,0,0,0,BENIGN
1209,4,2,0,0,0,0,0,0,0,0,0,0,0,0,500000,4,0,4,4,4,4,0,4,4,0,0,0,0,0,0,0,0,0,40,0,500000,0,0,0,0,0,0,0,0,0,0,1,0,0,0,0,0,0,0,40,0,0,0,0,0,0,2,0,0,0,35150,-1,0,20,0,0,0,0,0,0,0,0,BENIGN
1206,1,2,0,0,0,0,0,0,0,0,0,0,0,0,2000000,1,0,1,1,1,1,0,1,1,0,0,0,0,0,0,0,0,0,40,0,2000000,0,0,0,0,0,0,0,0,0,0,1,0,0,0,0,0,0,0,40,0,0,0,0,0,0,2,0,0,0,40927,-1,0,20,0,0,0,0,0,0,0,0,BENIGN
1073,4,2,0,0,0,0,0,0,0,0,0,0,0,0,500000,4,0,4,4,4,4,0,4,4,0,0,0,0,0,0,0,0,0,40,0,500000,0,0,0,0,0,0,0,0,0,0,1,0,0,0,0,0,0,0,40,0,0,0,0,0,0,2,0,0,0,40927,-1,0,20,0,0,0,0,0,0,0,0,BENIGN
443,3944270,11,11,699,6128,376,0,63.54545455,123.1433016,1460,0,557.0909091,613.2470064,1730.865281,5.577711465,187822.381,538489.9795,2391894,16,3944270,394427,747885.5993,2392231,842,3893224,389322.4,754877.2641,2391910,48,0,0,0,0,256,232,2.788855732,2.788855732,0,1460,296.826087,492.8673666,242918.2411,0,0,0,1,0,0,0,0,1,310.3181818,63.54545455,557.0909091,256,0,0,0,0,0,0,11,699,11,6128,8192,123,3,20,0,0,0,0,0,0,0,0,BENIGN
443,7084901,60,93,182894,36174,23360,0,3048.233333,5039.037288,2246,0,388.9677419,657.2231679,30920.40383,21.5952206,46611.19079,444996.8064,5465729,0,7084901,120083.0678,711868.7209,5465729,18,6885303,74840.25,576732.2845,5511979,1,0,0,0,0,1212,1872,8.468713959,13.12650664,0,23360,1422.519481,3427.880889,11800000,0,0,0,1,0,0,0,0,1,1431.816993,3048.233333,388.9677419,1212,0,0,0,0,0,0,60,182894,93,36174,8192,256,43,20,1411235,0,1411235,1411235,5465729,0,5465729,5465729,BENIGN
443,2537227,8,9,700,5800,382,0,87.5,140.1091411,1460,0,644.4444444,650.8373666,2561.851975,6.700228241,158576.6875,554231.6151,2235072,49,2537227,362461,825939.843,2235419,38261,2486297,310787.125,778912.9376,2235169,49,0,0,0,0,172,192,3.153048584,3.547179657,0,1460,361.1111111,541.1281124,292819.634,0,0,0,1,0,0,0,0,1,382.3529412,87.5,644.4444444,172,0,0,0,0,0,0,8,700,9,5800,8192,114,3,20,0,0,0,0,0,0,0,0,BENIGN
443,5498673,8,6,354,3682,197,0,44.25,75.57541172,1460,0,613.6666667,683.0290379,733.9952749,2.546068842,422974.8462,1387187.084,5033051,4,5498673,785524.7143,1875760.311,5033051,4,168722,33744.4,50380.91528,113997,49,0,0,0,0,172,132,1.454896481,1.091172361,0,1460,269.0666667,504.3990012,254418.3524,0,0,0,1,0,0,0,0,0,288.2857143,44.25,613.6666667,172,0,0,0,0,0,0,8,354,6,3682,8192,946,3,20,465618,0,465618,465618,5033051,0,5033051,5033051,BENIGN
80,5330245,3,1,0,0,0,0,0,0,0,0,0,0,0,0.750434549,1776748.333,3045411.194,5293222,98,5330245,2665122.5,3716693.956,5293222,37023,0,0,0,0,0,0,0,0,0,72,32,0.562825911,0.187608637,0,0,0,0,0,0,0,0,1,0,0,0,0,0,0,0,0,72,0,0,0,0,0,0,3,0,1,0,8192,42780,0,20,0,0,0,0,0,0,0,0,BENIGN
80,5925021,3,1,0,0,0,0,0,0,0,0,0,0,0,0.675103092,1975007,3400597.382,5901656,138,5925021,2962510.5,4156579.428,5901656,23365,0,0,0,0,0,0,0,0,0,72,32,0.506327319,0.168775773,0,0,0,0,0,0,0,0,1,0,0,0,0,0,0,0,0,72,0,0,0,0,0,0,3,0,1,0,8192,29200,0,20,0,0,0,0,0,0,0,0,BENIGN
443,5938680,9,8,350,6580,193,0,38.88888889,71.12918607,1460,0,822.5,688.1710751,1166.925984,2.862588993,371167.5,1351707.024,5435381,3,5938680,742335,1898194.869,5435381,3,260446,37206.57143,75491.30648,201640,54,0,0,0,0,192,172,1.51548829,1.347100703,0,1460,385,599.6637293,359596.5882,0,0,0,1,0,0,0,0,0,407.6470588,38.88888889,822.5,192,0,0,0,0,0,0,9,350,8,6580,8192,110,3,20,503296,0,503296,503296,5435381,0,5435381,5435381,BENIGN
80,5989605,4,2,0,0,0,0,0,0,0,0,0,0,0,1.001735507,1197921,2148920.043,4965972,56,5989605,1996535,2616119.906,4965972,31279,992436,992436,0,992436,992436,0,0,0,0,104,64,0.667823671,0.333911836,0,0,0,0,0,0,0,0,1,0,0,0,0,0,0,0,0,104,0,0,0,0,0,0,4,0,2,0,8192,29200,0,20,0,0,0,0,0,0,0,0,BENIGN
443,5499073,8,6,354,3924,197,0,44.25,75.57541172,1980,0,654,848.8618262,777.9493016,2.545883643,423005.6154,1419319.111,5141995,27,5499073,785581.8571,1923151.037,5141995,48,333967,66793.4,98764.31032,238330,260,0,0,0,0,184,132,1.454790653,1.09109299,0,1980,285.2,597.8944245,357477.7429,0,0,0,1,0,0,0,0,0,305.5714286,44.25,654,184,0,0,0,0,0,0,8,354,6,3924,8192,946,3,20,357030,0,357030,357030,5141995,0,5141995,5141995,BENIGN
1247,213,2,1,31,0,31,0,15.5,21.92031022,0,0,0,0,145539.9061,14084.50704,106.5,31.81980515,129,84,213,213,0,213,213,0,0,0,0,0,1,0,0,0,40,20,9389.671362,4694.835681,0,31,15.5,17.89785834,320.3333333,0,1,0,0,1,0,0,0,0,20.66666667,15.5,0,40,0,0,0,0,0,0,2,31,1,0,946,0,0,20,0,0,0,0,0,0,0,0,BENIGN
1248,48,2,0,31,0,31,0,15.5,21.92031022,0,0,0,0,645833.3333,41666.66667,48,0,48,48,48,48,0,48,48,0,0,0,0,0,1,0,0,0,40,0,41666.66667,0,0,31,20.66666667,17.89785834,320.3333333,0,1,0,0,1,0,0,0,0,31,15.5,0,40,0,0,0,0,0,0,2,31,0,0,946,-1,0,20,0,0,0,0,0,0,0,0,BENIGN
1233,4,2,0,31,0,31,0,15.5,21.92031022,0,0,0,0,7750000,500000,4,0,4,4,4,4,0,4,4,0,0,0,0,0,1,0,0,0,40,0,500000,0,0,31,20.66666667,17.89785834,320.3333333,0,1,0,0,1,0,0,0,0,31,15.5,0,40,0,0,0,0,0,0,2,31,0,0,110,-1,0,20,0,0,0,0,0,0,0,0,BENIGN
443,261897,7,8,732,7119,341,0,104.5714286,139.3674485,1460,0,889.875,643.1217253,29977.43388,57.27442468,18706.92857,24693.40422,52473,24,211440,35240,27136.60194,54479,268,212218,30316.85714,28213.0354,55675,192,0,0,0,0,152,172,26.72806485,30.54635983,0,1460,490.6875,609.4236314,371397.1625,0,0,0,1,0,0,0,0,1,523.4,104.5714286,889.875,152,0,0,0,0,0,0,7,732,8,7119,8192,511,3,20,0,0,0,0,0,0,0,0,BENIGN
443,115,3,0,85,0,85,0,28.33333333,49.07477288,0,0,0,0,739130.4348,26086.95652,57.5,13.43502884,67,48,115,57.5,13.43502884,67,48,0,0,0,0,0,0,0,0,0,60,0,26086.95652,0,0,85,21.25,42.5,1806.25,0,0,0,0,1,0,0,0,0,28.33333333,28.33333333,0,60,0,0,0,0,0,0,3,85,0,0,253,-1,1,20,0,0,0,0,0,0,0,0,BENIGN
80,3466830,3,3,0,0,0,0,0,0,0,0,0,0,0,1.730687689,693366,962763.6632,2023667,60,1443163,721581.5,987459.7707,1419821,23342,3443548,1721774,427052.8979,2023746,1419802,0,0,0,0,84,84,0.865343844,0.865343844,0,0,0,0,0,0,0,0,1,0,0,0,0,1,0,0,0,84,0,0,0,0,0,0,3,0,3,0,8192,29,0,20,0,0,0,0,0,0,0,0,BENIGN
80,200,2,0,0,0,0,0,0,0,0,0,0,0,0,10000,200,0,200,200,200,200,0,200,200,0,0,0,0,0,0,0,0,0,40,0,10000,0,0,0,0,0,0,0,0,0,0,1,0,0,0,0,0,0,0,40,0,0,0,0,0,0,2,0,0,0,256,-1,0,20,0,0,0,0,0,0,0,0,BENIGN
0,220258,5,0,0,0,0,0,0,0,0,0,0,0,0,22.70065105,55064.5,108448.5399,217732,127,220258,55064.5,108448.5399,217732,127,0,0,0,0,0,0,0,0,0,0,0,22.70065105,0,0,0,0,0,0,0,0,0,0,0,0,0,0,0,0,0,0,0,0,0,0,0,0,0,5,0,0,0,-1,-1,0,0,0,0,0,0,0,0,0,0,BENIGN
443,6035335,6,4,306,145,224,0,51,87.32926199,145,0,36.25,72.5,74.72658933,1.656908854,670592.7778,1903947.908,5746887,47,6035335,1207067,2588458.412,5837106,47,237749,79249.66667,70554.43874,136176,314,0,0,0,0,132,92,0.994145313,0.662763542,0,224,41,75.01466523,5627.2,0,0,0,1,0,0,0,0,0,45.1,51,36.25,132,0,0,0,0,0,0,6,306,4,145,8192,62,3,20,288401,0,288401,288401,5746887,0,5746887,5746887,BENIGN
443,6018373,6,3,599,137,517,0,99.83333333,205.4511296,137,0,45.66666667,79.09698688,122.2921876,1.495420772,752296.625,2018907.752,5748184,14,6018373,1203674.6,2590544.313,5837534,14,219117,109558.5,13288.65774,118955,100162,0,0,0,0,132,72,0.996947182,0.498473591,0,517,73.6,161.7441052,26161.15556,0,0,0,1,0,0,0,0,0,81.77777778,99.83333333,45.66666667,132,0,0,0,0,0,0,6,599,3,137,8192,38,3,20,270175,0,270175,270175,5748184,0,5748184,5748184,BENIGN
443,6095575,8,4,350,4362,193,0,43.75,74.42493822,2644,0,1090.5,1215.475079,773.0197725,1.968641186,554143.1818,1686398.113,5633587,3,6095575,870796.4286,2102437.427,5633587,3,183141,61047,69260.47438,136495,351,0,0,0,0,172,92,1.312427458,0.656213729,0,2644,362.4615385,792.415465,627922.2692,0,0,0,1,0,0,0,0,0,392.6666667,43.75,1090.5,172,0,0,0,0,0,0,8,350,4,4362,8192,60,3,20,461985,0,461985,461985,5633587,0,5633587,5633587,BENIGN
443,8682054,13,11,3141,2200,1277,0,241.6153846,420.4171616,685,0,200,312.8814472,615.1770077,2.76432282,377480.6087,1078210.005,4935657,14,8682054,723504.5,1434121.14,4935657,48,3499150,349915,720055.7839,1914955,14,0,0,0,0,272,224,1.497341528,1.266981293,0,1277,213.64,362.733704,131575.74,0,0,0,1,0,0,0,0,0,222.5416667,241.6153846,200,272,0,0,0,0,0,0,13,3141,11,2200,8192,65535,6,20,0,0,0,0,0,0,0,0,BENIGN
1256,1,2,0,31,0,31,0,15.5,21.92031022,0,0,0,0,31000000,2000000,1,0,1,1,1,1,0,1,1,0,0,0,0,0,1,0,0,0,40,0,2000000,0,0,31,20.66666667,17.89785834,320.3333333,0,1,0,0,1,0,0,0,0,31,15.5,0,40,0,0,0,0,0,0,2,31,0,0,60,-1,0,20,0,0,0,0,0,0,0,0,BENIGN
1176,1,2,0,0,0,0,0,0,0,0,0,0,0,0,2000000,1,0,1,1,1,1,0,1,1,0,0,0,0,0,0,0,0,0,40,0,2000000,0,0,0,0,0,0,0,0,0,0,1,0,0,0,0,0,0,0,40,0,0,0,0,0,0,2,0,0,0,40921,-1,0,20,0,0,0,0,0,0,0,0,BENIGN
1257,49,3,0,31,0,31,0,10.33333333,17.89785834,0,0,0,0,632653.0612,61224.4898,24.5,33.23401872,48,1,49,24.5,33.23401872,48,1,0,0,0,0,0,0,0,0,0,60,0,61224.4898,0,0,31,7.75,15.5,240.25,0,0,0,0,1,0,0,0,0,10.33333333,10.33333333,0,60,0,0,0,0,0,0,3,31,0,0,62,-1,1,20,0,0,0,0,0,0,0,0,BENIGN
1259,1661,4,1,247,0,216,0,61.75,103.8665009,0,0,0,0,148705.599,3010.234798,415.25,825.8342751,1654,1,1661,553.6666667,954.6498485,1656,1,0,0,0,0,0,0,0,0,0,80,20,2408.187839,602.0469597,0,216,41.16666667,86.54343803,7489.766667,0,0,0,0,1,0,0,0,0,49.4,61.75,0,80,0,0,0,0,0,0,4,247,1,0,38,0,2,20,0,0,0,0,0,0,0,0,BENIGN
123,60016323,2,2,96,96,48,48,48,0,48,48,48,0,3.199129677,0.066648535,20000000,34600000,60000000,16307,60000000,60000000,0,60000000,60000000,60000000,60000000,0,60000000,60000000,0,0,0,0,52,52,0.033324267,0.033324267,48,48,48,0,0,0,0,0,0,0,0,0,0,1,60,48,48,52,0,0,0,0,0,0,2,96,2,96,-1,-1,1,20,16307,0,16307,16307,60000000,0,60000000,60000000,BENIGN
80,5536939,3,1,0,0,0,0,0,0,0,0,0,0,0,0.722420818,1845646.333,3176659.964,5513713,49,5536939,2768469.5,3882360.59,5513713,23226,0,0,0,0,0,0,0,0,0,72,32,0.541815613,0.180605204,0,0,0,0,0,0,0,0,1,0,0,0,0,0,0,0,0,72,0,0,0,0,0,0,3,0,1,0,8192,29200,0,20,0,0,0,0,0,0,0,0,BENIGN
443,6071561,8,7,350,5125,193,0,43.75,74.42493822,1689,0,732.1428571,763.4152275,901.7450372,2.470534349,433682.9286,1460500.515,5502238,3,6071561,867365.8571,2045885.046,5502238,3,536810,89468.33333,104976.6067,229028,50,0,0,0,0,172,144,1.317618319,1.152916029,0,1689,342.1875,601.6454348,361977.2292,0,0,0,1,0,0,0,0,0,365,43.75,732.1428571,172,0,0,0,0,0,0,8,350,7,5125,8192,30016,3,20,569320,0,569320,569320,5502238,0,5502238,5502238,BENIGN
80,5918782,3,1,0,0,0,0,0,0,0,0,0,0,0,0.67581472,1972927.333,3396746.548,5895129,93,5918782,2959391,4151760.495,5895129,23653,0,0,0,0,0,0,0,0,0,72,32,0.50686104,0.16895368,0,0,0,0,0,0,0,0,1,0,0,0,0,0,0,0,0,72,0,0,0,0,0,0,3,0,1,0,8192,29200,0,20,0,0,0,0,0,0,0,0,BENIGN
123,64015628,4,4,192,192,48,48,48,0,48,48,48,0,5.998535233,0.124969484,9145089.714,24200000,64000000,3,64000000,21300000,37000000,64000000,3,64000000,21300000,37000000,64000000,3,0,0,0,0,104,104,0.062484742,0.062484742,48,48,48,0,0,0,0,0,0,0,0,0,0,1,54,48,48,104,0,0,0,0,0,0,4,192,4,192,-1,-1,3,20,133,0,133,133,64000000,0,64000000,64000000,BENIGN
443,10315106,7,8,978,4147,659,0,139.7142857,241.7868995,1460,0,518.375,660.8137705,496.8441429,1.454177979,736793.2857,2601015.05,9771100,3,544003,90667.16667,107982.7419,267419,3954,10300000,1468078.714,3757850.534,9988740,3,0,0,0,0,152,168,0.67861639,0.775561589,0,1460,320.3125,519.7582411,270148.6292,0,0,0,1,0,0,0,0,1,341.6666667,139.7142857,518.375,152,0,0,0,0,0,0,7,978,8,4147,8192,62,3,20,544003,0,544003,544003,9771100,0,9771100,9771100,BENIGN
443,206,2,0,0,0,0,0,0,0,0,0,0,0,0,9708.737864,206,0,206,206,206,206,0,206,206,0,0,0,0,0,0,0,0,0,40,0,9708.737864,0,0,0,0,0,0,0,0,0,0,1,0,0,0,0,0,0,0,40,0,0,0,0,0,0,2,0,0,0,251,-1,0,20,0,0,0,0,0,0,0,0,BENIGN
443,116289269,20,16,1690,624,1055,0,84.5,256.0878755,456,0,39,118.8343385,19.89865462,0.309572846,3322550.543,4671469.046,10000000,31,116000000,6120487.842,4854688.354,10100000,31,111000000,7413203.667,4523762.789,10100000,244,0,0,0,0,648,520,0.171984915,0.137587932,0,1055,62.54054054,202.7782854,41119.03303,0,0,0,1,0,0,0,0,0,64.27777778,84.5,39,648,0,0,0,0,0,0,20,1690,16,624,29200,362,4,32,92658.5,195436.9144,713254,36134,9598111.333,1430797.88,10000000,5054743,BENIGN
443,116289702,22,18,1015,4624,632,0,46.13636364,140.7294924,1418,0,256.8888889,491.9342243,48.49096612,0.343968548,2981787.231,4532358.385,10000000,8,116000000,5537604.857,4967646.404,10100000,49,112000000,6565556.765,4898220.704,10100000,48,0,0,0,0,712,584,0.189182702,0.154785847,0,1418,137.5365854,353.1643454,124725.0549,0,0,0,1,0,0,0,0,0,140.975,46.13636364,256.8888889,712,0,0,0,0,0,0,22,1015,18,4624,29200,179,4,32,120949.8182,240574.1142,846308,48195,10000000,12755.56046,10000000,9996954,BENIGN
80,115626702,18,16,437,2042,437,0,24.27777778,103.0018878,1448,0,127.625,377.4927593,21.43968441,0.294049726,3503839.455,4759697.572,10000000,21,116000000,6801570.706,4665522.706,10000000,48,111000000,7373271.667,4585687.518,10000000,67,0,0,0,0,584,520,0.155673384,0.138376341,0,1448,70.82857143,266.4310402,70985.49916,0,0,0,1,0,0,0,0,0,72.91176471,24.27777778,127.625,584,0,0,0,0,0,0,18,437,16,2042,29200,939,1,32,31690.54545,32234.30068,128880,21803,10000000,8180.426741,10000000,9999253,BENIGN
443,116289995,20,17,1692,624,1057,0,84.6,256.4868725,456,0,36.70588235,115.4489956,19.91572878,0.318170106,3230277.639,4636569.394,10000000,21,116000000,6120526.053,4853836.996,10100000,26,111000000,6949893.938,4746140.183,10100000,272,0,0,0,0,648,552,0.171983841,0.146186265,0,1057,60.94736842,200.5447914,40218.21337,0,0,0,1,0,0,0,0,0,62.59459459,84.6,36.70588235,648,0,0,0,0,0,0,20,1692,17,624,29200,362,4,32,93344.41667,195750.5891,714936,36763,9597486.333,1430587.825,10000000,5054788,BENIGN
443,117242208,34,29,2807,18695,1058,0,82.55882353,256.0433428,1418,0,644.6551724,666.3489152,183.3981155,0.537349143,1891003.355,3868076.575,10000000,2,117000000,3552794.182,4761909.373,10100000,8,112000000,3983654.571,4969749.42,10100000,2,0,0,0,0,1096,936,0.28999795,0.247351193,0,1418,335.96875,558.5635764,311993.2688,0,0,0,1,0,0,0,0,0,341.3015873,82.55882353,644.6551724,1096,0,0,0,0,0,0,34,2807,29,18695,29200,400,6,32,123920.75,302102.5061,1083225,36612,9646260.833,1254455.529,10000000,5663168,BENIGN
443,116290624,20,17,1691,624,1056,0,84.55,256.2873541,456,0,36.70588235,115.4489956,19.90702191,0.318168385,3230295.111,4638760.607,10000000,25,116000000,6120559.158,4857669.847,10000000,25,111000000,6939901.188,4759580.872,10000000,331,0,0,0,0,648,552,0.171982911,0.146185474,0,1056,60.92105263,200.4105761,40164.399,0,0,0,1,0,0,0,0,0,62.56756757,84.55,36.70588235,648,0,0,0,0,0,0,20,1691,17,624,29200,362,4,32,83619.75,163666.9543,603332,36201,9607263.5,1382997.017,10000000,5215909,BENIGN
123,64007335,4,4,192,192,48,48,48,0,48,48,48,0,5.999312423,0.124985675,9143905,24200000,64000000,3,64000000,21300000,37000000,64000000,3,64000000,21300000,37000000,64000000,3,0,0,0,0,80,80,0.062492838,0.062492838,48,48,48,0,0,0,0,0,0,0,0,0,0,1,54,48,48,80,0,0,0,0,0,0,4,192,4,192,-1,-1,3,20,128,0,128,128,64000000,0,64000000,64000000,BENIGN
443,10505589,8,9,1240,4566,921,0,155,318.2914208,1460,0,507.3333333,640.8734274,552.6582089,1.618186282,656599.3125,2417901.635,9717990,3,787596,112513.7143,133317.5814,323924,308,10500000,1308377.5,3512909.297,9999923,3,0,0,0,0,172,188,0.761499427,0.856686855,0,1460,322.5555556,521.9219259,272402.4967,0,0,0,1,0,0,0,0,1,341.5294118,155,507.3333333,172,0,0,0,0,0,0,8,1240,9,4566,8192,63,3,20,787596,0,787596,787596,9717990,0,9717990,9717990,BENIGN
443,192,2,0,0,0,0,0,0,0,0,0,0,0,0,10416.66667,192,0,192,192,192,192,0,192,192,0,0,0,0,0,0,0,0,0,40,0,10416.66667,0,0,0,0,0,0,0,0,0,0,1,0,0,0,0,0,0,0,40,0,0,0,0,0,0,2,0,0,0,251,-1,0,20,0,0,0,0,0,0,0,0,BENIGN
443,6168912,9,10,801,5744,482,0,89,163.6154027,1460,0,574.4,627.1202614,1060.965045,3.079959643,342717.3333,1209210.021,5179624,49,6168912,771114,1802241.716,5224896,43720,6072406,674711.7778,1785006.774,5429142,49,0,0,0,0,204,212,1.458928252,1.621031391,0,1460,327.25,512.0891036,262235.25,0,0,0,1,0,0,0,0,1,344.4736842,89,574.4,204,0,0,0,0,0,0,9,801,10,5744,8192,79,3,20,944016,0,944016,944016,5179624,0,5179624,5179624,BENIGN
443,5737704,7,5,325,138,229,0,46.42857143,83.86667424,85,0,27.6,39.44996831,80.69429863,2.091428906,521609.4545,1619802.553,5401958,1,5737704,956284,2190947.716,5425809,4,311435,77858.75,111161.362,235790,1,0,0,0,0,152,104,1.220000195,0.871428711,0,229,35.61538462,65.08653018,4236.25641,0,0,0,1,0,0,0,0,0,38.58333333,46.42857143,27.6,152,0,0,0,0,0,0,7,325,5,138,8192,35171,3,20,335742,0,335742,335742,5401958,0,5401958,5401958,BENIGN
443,5737750,6,4,599,152,517,0,99.83333333,205.4511296,152,0,38,76,130.887543,1.742843449,637527.7778,1773443.476,5363649,49,5737750,1147550,2393137.682,5426202,49,350693,116897.6667,113453.7172,227390,698,0,0,0,0,132,92,1.045706069,0.69713738,0,517,68.27272727,155.7825991,24268.21818,0,0,0,1,0,0,0,0,0,75.1,99.83333333,38,132,0,0,0,0,0,0,6,599,4,152,8192,946,3,20,374052,0,374052,374052,5363649,0,5363649,5363649,BENIGN
80,5383228,3,1,0,0,0,0,0,0,0,0,0,0,0,0.743048595,1794409.333,3087673.437,5359722,72,5383228,2691614,3773274.519,5359722,23506,0,0,0,0,0,0,0,0,0,72,32,0.557286446,0.185762149,0,0,0,0,0,0,0,0,1,0,0,0,0,0,0,0,0,72,0,0,0,0,0,0,3,0,1,0,8192,29200,0,20,0,0,0,0,0,0,0,0,BENIGN
443,5918167,8,6,358,3932,201,0,44.75,76.73470066,1460,0,655.3333333,683.7972409,724.8866076,2.365597321,455243.6154,1478557.988,5368863,0,5918167,845452.4286,1997317.11,5368863,0,283077,56615.4,97944.05972,226616,48,0,0,0,0,172,132,1.351769898,1.013827423,0,1460,286,517.2013976,267497.2857,0,0,0,1,0,0,0,0,0,306.4285714,44.75,655.3333333,172,0,0,0,0,0,0,8,358,6,3932,8192,946,3,20,549304,0,549304,549304,5368863,0,5368863,5368863,BENIGN
443,5737726,7,5,353,154,225,0,50.42857143,82.92337255,85,0,30.8,42.55232074,88.36253247,2.091420887,521611.4545,1646073.144,5483802,3,5737726,956287.6667,2232221.475,5512291,3,225409,56352.25,64216.70626,112328,4,0,0,0,0,152,112,1.219995517,0.87142537,0,225,39,65.36563827,4272.666667,0,0,0,1,0,0,0,0,0,42.25,50.42857143,30.8,152,0,0,0,0,0,0,7,353,5,154,8192,4396,3,20,253921,0,253921,253921,5483802,0,5483802,5483802,BENIGN
443,10865628,15,13,5373,5404,2365,0,358.2,645.3050441,1460,0,415.6923077,506.3434909,991.8432694,2.576933427,402430.6667,1116088.917,5498292,48,10900000,776116.2857,1478399.946,5498292,48,5099730,424977.5,775945.2676,2341648,226,0,0,0,0,312,264,1.38050005,1.196433377,0,2365,371.6206897,569.2262552,324018.5296,0,0,0,1,0,0,0,0,0,384.8928571,358.2,415.6923077,312,0,0,0,0,0,0,15,5373,13,5404,8192,65535,7,20,5367288,0,5367288,5367288,5498292,0,5498292,5498292,BENIGN
443,5927985,9,6,349,3051,192,0,38.77777778,70.85862294,1489,0,508.5,748.6640769,573.5507091,2.530370775,423427.5,1429168.434,5383976,4,5927985,740998.125,1878263.657,5383976,4,492457,98491.4,106330.4268,251536,205,0,0,0,0,204,132,1.518222465,1.01214831,0,1489,212.5,495.6560635,245674.9333,0,0,0,1,0,0,0,0,0,226.6666667,38.77777778,508.5,204,0,0,0,0,0,0,9,349,6,3051,8192,110,3,20,544005,0,544005,544005,5383976,0,5383976,5383976,BENIGN
443,5914764,8,6,349,3432,192,0,43.625,74.13874541,1460,0,572,695.9252833,639.2478212,2.366958344,454981.8462,1493115.598,5418821,3,5914764,844966.2857,2019210.889,5418821,3,460897,92179.4,108408.8129,238590,252,0,0,0,0,184,132,1.352547625,1.014410719,0,1460,252.0666667,498.948962,248950.0667,0,0,0,1,0,0,0,0,0,270.0714286,43.625,572,184,0,0,0,0,0,0,8,349,6,3432,8192,60,3,20,495940,0,495940,495940,5418821,0,5418821,5418821,BENIGN
1317,3,2,0,31,0,31,0,15.5,21.92031022,0,0,0,0,10300000,666666.6667,3,0,3,3,3,3,0,3,3,0,0,0,0,0,1,0,0,0,40,0,666666.6667,0,0,31,20.66666667,17.89785834,320.3333333,0,1,0,0,1,0,0,0,0,31,15.5,0,40,0,0,0,0,0,0,2,31,0,0,946,-1,0,20,0,0,0,0,0,0,0,0,BENIGN
1320,3,2,0,0,0,0,0,0,0,0,0,0,0,0,666666.6667,3,0,3,3,3,3,0,3,3,0,0,0,0,0,0,0,0,0,40,0,666666.6667,0,0,0,0,0,0,0,0,0,0,1,0,0,0,0,0,0,0,40,0,0,0,0,0,0,2,0,0,0,35134,-1,0,20,0,0,0,0,0,0,0,0,BENIGN
1323,4,2,0,0,0,0,0,0,0,0,0,0,0,0,500000,4,0,4,4,4,4,0,4,4,0,0,0,0,0,0,0,0,0,40,0,500000,0,0,0,0,0,0,0,0,0,0,1,0,0,0,0,0,0,0,40,0,0,0,0,0,0,2,0,0,0,4390,-1,0,20,0,0,0,0,0,0,0,0,BENIGN
443,7,1,2,0,0,0,0,0,0,0,0,0,0,0,428571.4286,3.5,0.707106781,4,3,0,0,0,0,0,3,3,0,3,3,0,0,0,0,20,40,142857.1429,285714.2857,0,0,0,0,0,0,0,0,0,1,0,0,0,2,0,0,0,20,0,0,0,0,0,0,1,0,2,0,63555,40921,0,20,0,0,0,0,0,0,0,0,BENIGN
1321,20332,3,0,31,0,31,0,10.33333333,17.89785834,0,0,0,0,1524.690144,147.5506591,10166,14371.23822,20328,4,20332,10166,14371.23822,20328,4,0,0,0,0,0,0,0,0,0,60,0,147.5506591,0,0,31,7.75,15.5,240.25,0,0,0,0,1,0,0,0,0,10.33333333,10.33333333,0,60,0,0,0,0,0,0,3,31,0,0,946,-1,1,20,0,0,0,0,0,0,0,0,BENIGN
1315,4,2,0,31,0,31,0,15.5,21.92031022,0,0,0,0,7750000,500000,4,0,4,4,4,4,0,4,4,0,0,0,0,0,1,0,0,0,40,0,500000,0,0,31,20.66666667,17.89785834,320.3333333,0,1,0,0,1,0,0,0,0,31,15.5,0,40,0,0,0,0,0,0,2,31,0,0,110,-1,0,20,0,0,0,0,0,0,0,0,BENIGN
5353,20,12,0,468,0,39,39,39,0,0,0,0,0,23400000,600000,1.818181818,1.470930441,6,1,20,1.818181818,1.470930441,6,1,0,0,0,0,0,0,0,0,0,240,0,600000,0,39,39,39,0,0,0,0,0,0,0,0,0,0,0,42.25,39,0,240,0,0,0,0,0,0,12,468,0,0,-1,-1,11,20,0,0,0,0,0,0,0,0,BENIGN
53,70781,1,1,50,114,50,50,50,0,114,114,114,0,2317.005976,28.25617044,70781,0,70781,70781,0,0,0,0,0,0,0,0,0,0,0,0,0,0,20,20,14.12808522,14.12808522,50,114,71.33333333,36.95041723,1365.333333,0,0,0,0,0,0,0,0,1,107,50,114,20,0,0,0,0,0,0,1,50,1,114,-1,-1,0,20,0,0,0,0,0,0,0,0,BENIGN
80,115866,3,5,427,2267,427,0,142.3333333,246.5285649,1460,0,453.4,662.3804043,23250.99684,69.04527644,16552.28571,22251.89264,56147,2,85620,42810,18861.36628,56147,29473,86451,21612.75,42732.54622,85710,2,0,0,0,0,72,112,25.89197867,43.15329778,0,1460,299.3333333,519.4677565,269846.75,0,0,0,1,0,0,0,0,1,336.75,142.3333333,453.4,72,0,0,0,0,0,0,3,427,5,2267,8192,237,1,20,0,0,0,0,0,0,0,0,BENIGN
80,95471,3,5,427,2267,427,0,142.3333333,246.5285649,1460,0,453.4,662.3804043,28217.9929,83.79507913,13638.71429,16792.58322,35599,2,64968,32484,4405.275247,35599,29369,66207,16551.75,32428.56492,65190,2,0,0,0,0,72,112,31.42315468,52.37192446,0,1460,299.3333333,519.4677565,269846.75,0,0,0,1,0,0,0,0,1,336.75,142.3333333,453.4,72,0,0,0,0,0,0,3,427,5,2267,8192,237,1,20,0,0,0,0,0,0,0,0,BENIGN
80,138171,2,0,0,0,0,0,0,0,0,0,0,0,0,14.47481744,138171,0,138171,138171,138171,138171,0,138171,138171,0,0,0,0,0,0,0,0,0,40,0,14.47481744,0,0,0,0,0,0,0,0,0,0,1,0,0,0,0,0,0,0,40,0,0,0,0,0,0,2,0,0,0,256,-1,0,20,0,0,0,0,0,0,0,0,BENIGN
80,138713,2,0,0,0,0,0,0,0,0,0,0,0,0,14.41825928,138713,0,138713,138713,138713,138713,0,138713,138713,0,0,0,0,0,0,0,0,0,40,0,14.41825928,0,0,0,0,0,0,0,0,0,0,1,0,0,0,0,0,0,0,40,0,0,0,0,0,0,2,0,0,0,256,-1,0,20,0,0,0,0,0,0,0,0,BENIGN
443,395676,6,8,838,5033,512,0,139.6666667,200.4890687,1460,0,629.125,693.0682171,14837.89767,35.38248466,30436.61538,38347.47576,131385,1,343361,68672.2,64973.36373,182661,21869,344694,49242,70463.21779,183696,1,0,0,0,0,132,172,15.163922,20.21856266,0,1460,391.4,570.0188969,324921.5429,0,0,0,1,0,0,0,0,1,419.3571429,139.6666667,629.125,132,0,0,0,0,0,0,6,838,8,5033,8192,40,3,20,0,0,0,0,0,0,0,0,BENIGN
53,49326,1,1,49,77,49,49,49,0,77,77,77,0,2554.433767,40.54656773,49326,0,49326,49326,0,0,0,0,0,0,0,0,0,0,0,0,0,0,20,32,20.27328387,20.27328387,49,77,58.33333333,16.16580754,261.3333333,0,0,0,0,0,0,0,0,1,87.5,49,77,20,0,0,0,0,0,0,1,49,1,77,-1,-1,0,20,0,0,0,0,0,0,0,0,BENIGN
443,118260,2,0,0,0,0,0,0,0,0,0,0,0,0,16.91188906,118260,0,118260,118260,118260,118260,0,118260,118260,0,0,0,0,0,0,0,0,0,40,0,16.91188906,0,0,0,0,0,0,0,0,0,0,1,0,0,0,0,0,0,0,40,0,0,0,0,0,0,2,0,0,0,253,-1,0,20,0,0,0,0,0,0,0,0,BENIGN
443,718666,9,8,1284,4057,725,0,142.6666667,247.1087817,1460,0,507.125,659.1064162,7431.825076,23.65493846,44916.625,73541.29265,235575,2,718666,89833.25,98824.84829,261172,3,548741,78391.57143,122542.9119,299483,2,0,0,0,0,192,164,12.52320271,11.13173574,0,1460,296.7222222,496.1764162,246191.0359,0,0,0,1,0,0,0,0,0,314.1764706,142.6666667,507.125,192,0,0,0,0,0,0,9,1284,8,4057,8192,65535,4,20,0,0,0,0,0,0,0,0,BENIGN
1339,217,2,0,37,0,37,0,18.5,26.1629509,0,0,0,0,170506.9124,9216.589862,217,0,217,217,217,217,0,217,217,0,0,0,0,0,0,0,0,0,40,0,9216.589862,0,0,37,12.33333333,21.36195996,456.3333333,0,0,0,0,1,0,0,0,0,18.5,18.5,0,40,0,0,0,0,0,0,2,37,0,0,40958,-1,1,20,0,0,0,0,0,0,0,0,BENIGN
80,1045479,3,4,425,2265,425,0,141.6666667,245.3738644,2265,0,566.25,1132.5,2572.983293,6.695495558,174246.5,397827.9064,985787,5,1015306,507653,676183.5874,985787,29519,1016111,338703.6667,586025.0657,1015387,5,0,0,0,0,72,92,2.869498096,3.825997461,0,2265,336.25,793.3957308,629476.7857,0,0,0,1,0,0,0,0,1,384.2857143,141.6666667,566.25,72,0,0,0,0,0,0,3,425,4,2265,8192,237,1,20,0,0,0,0,0,0,0,0,BENIGN
80,63108,2,0,0,0,0,0,0,0,0,0,0,0,0,31.69170311,63108,0,63108,63108,63108,63108,0,63108,63108,0,0,0,0,0,0,0,0,0,40,0,31.69170311,0,0,0,0,0,0,0,0,0,0,1,0,0,0,0,0,0,0,40,0,0,0,0,0,0,2,0,0,0,256,-1,0,20,0,0,0,0,0,0,0,0,BENIGN
80,200972,3,5,425,2265,425,0,141.6666667,245.3738644,1460,0,453,662.1140385,13384.94915,39.80654021,28710.28571,51855.8284,142254,1,171150,85575,80156.2105,142254,28896,172111,43027.75,85429.81202,171171,1,0,0,0,0,72,112,14.92745258,24.87908763,0,1460,298.8888889,519.1626538,269529.8611,0,0,0,1,0,0,0,0,1,336.25,141.6666667,453,72,0,0,0,0,0,0,3,425,5,2265,8192,237,1,20,0,0,0,0,0,0,0,0,BENIGN
80,140974,2,0,0,0,0,0,0,0,0,0,0,0,0,14.18701321,140974,0,140974,140974,140974,140974,0,140974,140974,0,0,0,0,0,0,0,0,0,40,0,14.18701321,0,0,0,0,0,0,0,0,0,0,1,0,0,0,0,0,0,0,40,0,0,0,0,0,0,2,0,0,0,256,-1,0,20,0,0,0,0,0,0,0,0,BENIGN
443,647105,9,7,350,4269,193,0,38.88888889,71.12918607,1460,0,609.8571429,732.5675005,7137.945156,24.72550823,43140.33333,63761.90509,200990,3,647105,80888.125,87115.07696,251888,3,417750,69625,97027.65133,248457,48,0,0,0,0,204,152,13.90809838,10.81740985,0,1460,271.7058824,537.499275,288905.4706,0,0,0,1,0,0,0,0,0,288.6875,38.88888889,609.8571429,204,0,0,0,0,0,0,9,350,7,4269,8192,110,3,20,0,0,0,0,0,0,0,0,BENIGN
1353,1,2,0,31,0,31,0,15.5,21.92031022,0,0,0,0,31000000,2000000,1,0,1,1,1,1,0,1,1,0,0,0,0,0,1,0,0,0,40,0,2000000,0,0,31,20.66666667,17.89785834,320.3333333,0,1,0,0,1,0,0,0,0,31,15.5,0,40,0,0,0,0,0,0,2,31,0,0,110,-1,0,20,0,0,0,0,0,0,0,0,BENIGN
53,138710,1,1,73,125,73,73,73,0,125,125,125,0,1427.438541,14.41857112,138710,0,138710,138710,0,0,0,0,0,0,0,0,0,0,0,0,0,0,20,20,7.20928556,7.20928556,73,125,90.33333333,30.022214,901.3333333,0,0,0,0,0,0,0,0,1,135.5,73,125,20,0,0,0,0,0,0,1,73,1,125,-1,-1,0,20,0,0,0,0,0,0,0,0,BENIGN
443,348733,6,11,919,5349,517,0,153.1666667,203.798348,1460,0,486.2727273,650.9268916,17973.63599,48.74789595,21795.8125,34483.12574,139182,4,319187,63837.4,61927.55244,170021,21106,320013,32001.3,53583.06706,168024,4,0,0,0,0,132,228,17.20513975,31.54275621,0,1460,348.2222222,542.5377792,294347.2418,0,0,0,1,0,0,0,0,1,368.7058824,153.1666667,486.2727273,132,0,0,0,0,0,0,6,919,11,5349,8192,5299,3,20,0,0,0,0,0,0,0,0,BENIGN
443,63361,3,0,53,0,53,0,17.66666667,30.59956427,0,0,0,0,836.476697,47.34773757,31680.5,44797.33591,63357,4,63361,31680.5,44797.33591,63357,4,0,0,0,0,0,0,0,0,0,60,0,47.34773757,0,0,53,13.25,26.5,702.25,0,0,0,0,1,0,0,0,0,17.66666667,17.66666667,0,60,0,0,0,0,0,0,3,53,0,0,63271,-1,1,20,0,0,0,0,0,0,0,0,BENIGN
443,271387,6,10,971,5172,437,0,161.8333333,193.7301388,1460,0,517.2,677.0148201,22635.57208,58.95639806,18092.46667,21093.8923,50924,1,230487,46097.4,29890.39362,94470,11966,230825,25647.22222,38965.39589,91447,1,0,0,0,0,132,204,22.10864927,36.84774879,0,1460,361.3529412,554.8144894,307819.1176,0,0,0,1,0,0,0,0,1,383.9375,161.8333333,517.2,132,0,0,0,0,0,0,6,971,10,5172,8192,40230,3,20,0,0,0,0,0,0,0,0,BENIGN
443,15260,2,0,0,0,0,0,0,0,0,0,0,0,0,131.061599,15260,0,15260,15260,15260,15260,0,15260,15260,0,0,0,0,0,0,0,0,0,40,0,131.061599,0,0,0,0,0,0,0,0,0,0,1,0,0,0,0,0,0,0,40,0,0,0,0,0,0,2,0,0,0,63483,-1,0,20,0,0,0,0,0,0,0,0,BENIGN
443,213271,6,6,534,4415,342,0,89,145.8094647,1460,0,735.8333333,793.3877782,23205.21777,56.26644035,19388.27273,25102.74821,71510,2,213271,42654.2,18836.52315,71510,18598,172165,34433,50623.71141,112453,2,0,0,0,0,132,124,28.13322018,28.13322018,0,1460,380.6923077,623.5521075,388817.2308,0,0,0,1,0,0,0,0,1,412.4166667,89,735.8333333,132,0,0,0,0,0,0,6,534,6,4415,8192,34962,2,20,0,0,0,0,0,0,0,0,BENIGN
1373,38383,2,1,75,0,75,0,37.5,53.03300859,0,0,0,0,1953.990048,78.15960191,19191.5,27128.15166,38374,9,38383,38383,0,38383,38383,0,0,0,0,0,1,0,0,0,40,20,52.10640127,26.05320064,0,75,37.5,43.30127019,1875,0,1,0,0,1,0,0,0,0,50,37.5,0,40,0,0,0,0,0,0,2,75,1,0,34962,0,0,20,0,0,0,0,0,0,0,0,BENIGN
80,59639,3,5,427,2267,427,0,142.3333333,246.5285649,1460,0,453.4,662.3804043,45171.78356,134.1404115,8519.857143,13965.51389,29084,2,29368,14684,20118.60214,28910,458,30813,7703.25,14624.57647,29626,2,0,0,0,0,72,112,50.3026543,83.83775717,0,1460,299.3333333,519.4677565,269846.75,0,0,0,1,0,0,0,0,1,336.75,142.3333333,453.4,72,0,0,0,0,0,0,3,427,5,2267,8192,237,1,20,0,0,0,0,0,0,0,0,BENIGN
80,12691,2,0,0,0,0,0,0,0,0,0,0,0,0,157.5919943,12691,0,12691,12691,12691,12691,0,12691,12691,0,0,0,0,0,0,0,0,0,40,0,157.5919943,0,0,0,0,0,0,0,0,0,0,1,0,0,0,0,0,0,0,40,0,0,0,0,0,0,2,0,0,0,256,-1,0,20,0,0,0,0,0,0,0,0,BENIGN
80,59743,3,5,427,2267,427,0,142.3333333,246.5285649,1460,0,453.4,662.3804043,45093.14899,133.9069012,8534.714286,14098.71203,29190,1,29793,14896.5,20389.42404,29314,479,30553,7638.25,14746.48495,29752,1,0,0,0,0,72,112,50.21508796,83.69181327,0,1460,299.3333333,519.4677565,269846.75,0,0,0,1,0,0,0,0,1,336.75,142.3333333,453.4,72,0,0,0,0,0,0,3,427,5,2267,8192,237,1,20,0,0,0,0,0,0,0,0,BENIGN
80,50775,2,0,0,0,0,0,0,0,0,0,0,0,0,39.38946332,50775,0,50775,50775,50775,50775,0,50775,50775,0,0,0,0,0,0,0,0,0,40,0,39.38946332,0,0,0,0,0,0,0,0,0,0,1,0,0,0,0,0,0,0,40,0,0,0,0,0,0,2,0,0,0,256,-1,0,20,0,0,0,0,0,0,0,0,BENIGN
443,207803,6,10,1067,5172,533,0,177.8333333,222.78637,1460,0,517.2,677.0148201,30023.62815,76.99600102,13853.53333,18290.71827,40840,1,166825,33365,28046.47752,72284,973,167386,18598.44444,27890.2119,69428,1,0,0,0,0,132,204,28.87350038,48.12250064,0,1460,367,556.1195915,309269,0,0,0,1,0,0,0,0,1,389.9375,177.8333333,517.2,132,0,0,0,0,0,0,6,1067,10,5172,8192,40225,3,20,0,0,0,0,0,0,0,0,BENIGN
80,81790,3,5,425,2265,425,0,141.6666667,245.3738644,1460,0,453,662.1140385,32889.10625,97.81146839,11684.28571,14334.10581,29035,2,51604,25802,4763.071278,29170,22434,52755,13188.75,25590.21492,51566,2,0,0,0,0,72,112,36.67930065,61.13216775,0,1460,298.8888889,519.1626538,269529.8611,0,0,0,1,0,0,0,0,1,336.25,141.6666667,453,72,0,0,0,0,0,0,3,425,5,2265,8192,237,1,20,0,0,0,0,0,0,0,0,BENIGN
443,25568,2,0,0,0,0,0,0,0,0,0,0,0,0,78.22277847,25568,0,25568,25568,25568,25568,0,25568,25568,0,0,0,0,0,0,0,0,0,40,0,78.22277847,0,0,0,0,0,0,0,0,0,0,1,0,0,0,0,0,0,0,40,0,0,0,0,0,0,2,0,0,0,63483,-1,0,20,0,0,0,0,0,0,0,0,BENIGN
80,96176,3,5,425,2265,425,0,141.6666667,245.3738644,1460,0,453,662.1140385,27969.55581,83.18083514,13739.42857,17042.93491,37017,1,66263,33131.5,5494.926797,37017,29246,67100,16775,33022.41196,66306,1,0,0,0,0,72,112,31.19281318,51.98802196,0,1460,298.8888889,519.1626538,269529.8611,0,0,0,1,0,0,0,0,1,336.25,141.6666667,453,72,0,0,0,0,0,0,3,425,5,2265,8192,237,1,20,0,0,0,0,0,0,0,0,BENIGN
80,44209,2,0,0,0,0,0,0,0,0,0,0,0,0,45.23965708,44209,0,44209,44209,44209,44209,0,44209,44209,0,0,0,0,0,0,0,0,0,40,0,45.23965708,0,0,0,0,0,0,0,0,0,0,1,0,0,0,0,0,0,0,40,0,0,0,0,0,0,2,0,0,0,256,-1,0,20,0,0,0,0,0,0,0,0,BENIGN
53,23164,1,1,57,138,57,57,57,0,138,138,138,0,8418.235193,86.34087377,23164,0,23164,23164,0,0,0,0,0,0,0,0,0,0,0,0,0,0,20,20,43.17043688,43.17043688,57,138,84,46.7653718,2187,0,0,0,0,0,0,0,0,1,126,57,138,20,0,0,0,0,0,0,1,57,1,138,-1,-1,0,20,0,0,0,0,0,0,0,0,BENIGN
80,54875,2,0,0,0,0,0,0,0,0,0,0,0,0,36.44646925,54875,0,54875,54875,54875,54875,0,54875,54875,0,0,0,0,0,0,0,0,0,40,0,36.44646925,0,0,0,0,0,0,0,0,0,0,1,0,0,0,0,0,0,0,40,0,0,0,0,0,0,2,0,0,0,256,-1,0,20,0,0,0,0,0,0,0,0,BENIGN
443,10346191,7,9,1160,5956,841,0,165.7142857,307.7275387,1689,0,661.7777778,738.3479494,687.7893517,1.546462848,689746.0667,2520109.994,9796986,3,549202,91533.66667,85393.07894,236403,9671,10300000,1289240.25,3520253.701,10000000,3,0,0,0,0,152,192,0.676577496,0.869885352,0,1689,418.5882353,616.6716163,380283.8824,0,0,0,1,0,0,0,0,1,444.75,165.7142857,661.7777778,152,0,0,0,0,0,0,7,1160,9,5956,8192,58,3,20,549202,0,549202,549202,9796986,0,9796986,9796986,BENIGN
53,397979,1,1,55,213,55,55,55,0,213,213,213,0,673.4023655,5.025390787,397979,0,397979,397979,0,0,0,0,0,0,0,0,0,0,0,0,0,0,20,20,2.512695393,2.512695393,55,213,107.6666667,91.22134253,8321.333333,0,0,0,0,0,0,0,0,1,161.5,55,213,20,0,0,0,0,0,0,1,55,1,213,-1,-1,0,20,0,0,0,0,0,0,0,0,BENIGN
443,74044,2,0,0,0,0,0,0,0,0,0,0,0,0,27.01096645,74044,0,74044,74044,74044,74044,0,74044,74044,0,0,0,0,0,0,0,0,0,40,0,27.01096645,0,0,0,0,0,0,0,0,0,0,1,0,0,0,0,0,0,0,40,0,0,0,0,0,0,2,0,0,0,251,-1,0,20,0,0,0,0,0,0,0,0,BENIGN
443,115865665,27,23,851,9396,464,0,31.51851852,98.70600105,1288,0,408.5217391,558.5576286,88.43862416,0.431534225,2364605.408,4190461.277,10000000,1,116000000,4456371.731,5025677.286,10200000,1,112000000,5107742.818,5185169.094,10200000,2,0,0,0,0,872,744,0.233028482,0.198505744,0,1288,200.9215686,422.4563809,178469.3937,0,0,0,1,0,0,0,0,0,204.94,31.51851852,408.5217391,872,0,0,0,0,0,0,27,851,23,9396,29200,252,4,32,191168,139216.6992,610915,148339,10000000,8167.814242,10000000,9999763,BENIGN
443,119497675,20,17,1255,697,620,0,62.75,174.9387487,529,0,41,132.1665616,16.33504585,0.309629455,3319379.861,4624428.655,10000000,18,119000000,6289351.316,4739790.418,10100000,56,114000000,7116092.125,4580288.551,10100000,458,0,0,0,0,648,552,0.167367273,0.142262182,0,620,51.36842105,153.1659445,23459.80654,0,0,0,1,0,0,0,0,0,52.75675676,62.75,41,648,0,0,0,0,0,0,20,1255,17,697,29200,175,4,32,299037.0833,867165.489,3052657,48440,9659097.833,1280974.317,10000000,5591525,BENIGN
443,115866273,23,19,701,6328,316,0,30.47826087,80.49837354,1418,0,333.0526316,557.1439544,60.66476308,0.362486847,2826006.659,4475439.719,10000000,12,116000000,5266648.773,5005095.516,10100000,52,111000000,6150327.056,5026538.027,10100000,48,0,0,0,0,744,616,0.198504702,0.163982145,0,1418,163.4651163,399.6979424,159758.4452,0,0,0,1,0,0,0,0,0,167.3571429,30.47826087,333.0526316,744,0,0,0,0,0,0,23,701,19,6328,29200,357,4,32,52093.25,54169.73076,224105,36249,9603425.167,1410674.517,10000000,5123950,BENIGN
443,425237,8,7,1154,1031,829,0,144.25,287.3692249,893,0,147.2857143,330.5630118,5138.311107,35.27444696,30374.07143,42235.57606,133870,3,425237,60748.14286,56414.86788,159998,3,267430,44571.66667,54668.95173,136074,3,0,0,0,0,172,144,18.81303838,16.46140858,0,893,136.5625,289.0935186,83575.0625,0,0,0,1,0,0,0,0,0,145.6666667,144.25,147.2857143,172,0,0,0,0,0,0,8,1154,7,1031,8192,65535,4,20,0,0,0,0,0,0,0,0,BENIGN
53,23883,1,1,101,165,101,101,101,0,165,165,165,0,11137.62928,83.7415735,23883,0,23883,23883,0,0,0,0,0,0,0,0,0,0,0,0,0,0,0,0,41.87078675,41.87078675,101,165,122.3333333,36.95041723,1365.333333,0,0,0,0,0,0,0,0,1,183.5,101,165,0,0,0,0,0,0,0,1,101,1,165,-1,-1,0,0,0,0,0,0,0,0,0,0,BENIGN
1397,4,2,0,37,0,37,0,18.5,26.1629509,0,0,0,0,9250000,500000,4,0,4,4,4,4,0,4,4,0,0,0,0,0,0,0,0,0,40,0,500000,0,0,37,12.33333333,21.36195996,456.3333333,0,0,0,0,1,0,0,0,0,18.5,18.5,0,40,0,0,0,0,0,0,2,37,0,0,40958,-1,1,20,0,0,0,0,0,0,0,0,BENIGN
443,3327854,7,8,529,3417,342,0,75.57142857,136.598996,1460,0,427.125,550.1787859,1185.749134,4.507409279,237703.8571,725705.2474,2747977,1,579873,96645.5,104997.3427,285827,15034,3276191,468027.2857,1010737.739,2748065,1,0,0,0,0,164,172,2.103457664,2.403951616,0,1460,246.625,428.7278663,183807.5833,0,0,0,1,0,0,0,0,1,263.0666667,75.57142857,427.125,164,0,0,0,0,0,0,7,529,8,3417,8192,17,2,20,0,0,0,0,0,0,0,0,BENIGN
80,982177,3,5,426,2266,426,0,142,245.9512147,1460,0,453.2,662.2470838,2740.850173,8.14517139,140311,345126.8144,922362,1,951827,475913.5,631373.5236,922362,29465,952794,238198.5,475823.811,951934,1,0,0,0,0,72,112,3.054439271,5.090732119,0,1460,299.1111111,519.3150403,269688.1111,0,0,0,1,0,0,0,0,1,336.5,142,453.2,72,0,0,0,0,0,0,3,426,5,2266,8192,237,1,20,0,0,0,0,0,0,0,0,BENIGN
80,46598,2,0,0,0,0,0,0,0,0,0,0,0,0,42.92029701,46598,0,46598,46598,46598,46598,0,46598,46598,0,0,0,0,0,0,0,0,0,40,0,42.92029701,0,0,0,0,0,0,0,0,0,0,1,0,0,0,0,0,0,0,40,0,0,0,0,0,0,2,0,0,0,256,-1,0,20,0,0,0,0,0,0,0,0,BENIGN
443,15871934,12,10,2597,3903,1460,0,216.4166667,451.2875436,1596,0,390.3,649.0293693,409.5279126,1.386094473,755806.381,2374328.487,9790479,3,15900000,1442903.091,3197320.968,9790479,3,10500000,1163954.333,3327042.912,10000000,3,0,0,0,0,252,208,0.756051531,0.630042942,0,1596,282.6086957,534.2724653,285447.0672,0,0,0,1,0,0,0,0,0,295.4545455,216.4166667,390.3,252,0,0,0,0,0,0,12,2597,10,3903,8192,6945,6,20,359895.5,460351.2633,685413,34378,7576070,3131647.24,9790479,5361661,BENIGN
443,17050767,11,10,2006,4718,1654,0,182.3636364,492.3787714,1611,0,471.8,749.0917167,394.3517614,1.23161615,852538.35,2504973.815,10000000,3,17100000,1705076.7,3416949.929,10000000,3,11300000,1257332.222,3313179.1,10000000,217,0,0,0,0,232,208,0.645132269,0.586483881,0,1654,305.6363636,617.6487325,381489.9567,0,0,0,1,0,0,0,0,0,320.1904762,182.3636364,471.8,232,0,0,0,0,0,0,11,2006,10,4718,8192,6354,5,20,675128.5,906037.839,1315794,34463,7850253.5,3041370.211,10000000,5699680,BENIGN
443,18767056,13,13,4342,5913,2144,0,334,742.1083703,1596,0,454.8461538,649.3001163,546.4362658,1.385406427,750682.24,2219373.92,9765675,3,18800000,1563921.333,3065094.793,9765675,3,13400000,1116075.417,2927812.973,10000000,49,0,0,0,0,272,268,0.692703214,0.692703214,0,2144,379.8148148,676.8853463,458173.7721,0,0,0,1,0,0,0,0,1,394.4230769,334,454.8461538,272,0,0,0,0,0,0,13,4342,13,5913,8192,8690,6,20,1830904,2540197.673,3627095,34713,7552622.5,3129728.86,9765675,5339570,BENIGN
1146,3,2,0,0,0,0,0,0,0,0,0,0,0,0,666666.6667,3,0,3,3,3,3,0,3,3,0,0,0,0,0,0,0,0,0,40,0,666666.6667,0,0,0,0,0,0,0,0,0,0,1,0,0,0,0,0,0,0,40,0,0,0,0,0,0,2,0,0,0,6976,-1,0,20,0,0,0,0,0,0,0,0,BENIGN
1133,1,2,0,0,0,0,0,0,0,0,0,0,0,0,2000000,1,0,1,1,1,1,0,1,1,0,0,0,0,0,0,0,0,0,40,0,2000000,0,0,0,0,0,0,0,0,0,0,1,0,0,0,0,0,0,0,40,0,0,0,0,0,0,2,0,0,0,6385,-1,0,20,0,0,0,0,0,0,0,0,BENIGN
1129,3,2,0,0,0,0,0,0,0,0,0,0,0,0,666666.6667,3,0,3,3,3,3,0,3,3,0,0,0,0,0,0,0,0,0,40,0,666666.6667,0,0,0,0,0,0,0,0,0,0,1,0,0,0,0,0,0,0,40,0,0,0,0,0,0,2,0,0,0,8721,-1,0,20,0,0,0,0,0,0,0,0,BENIGN
80,184755,3,4,437,860,437,0,145.6666667,252.3020676,860,0,215,430,7020.10771,37.88801386,30792.5,53527.43216,137595,4,161033,80516.5,80721.18882,137595,23438,161367,53789,92658.2407,160781,4,0,0,0,0,72,92,16.23772022,21.65029363,0,860,162.125,320.7787121,102898.9821,0,0,0,1,0,0,0,0,1,185.2857143,145.6666667,215,72,0,0,0,0,0,0,3,437,4,860,8192,31,1,20,0,0,0,0,0,0,0,0,BENIGN
80,43745,2,0,0,0,0,0,0,0,0,0,0,0,0,45.7195108,43745,0,43745,43745,43745,43745,0,43745,43745,0,0,0,0,0,0,0,0,0,40,0,45.7195108,0,0,0,0,0,0,0,0,0,0,1,0,0,0,0,0,0,0,40,0,0,0,0,0,0,2,0,0,0,253,-1,0,20,0,0,0,0,0,0,0,0,BENIGN
80,68689,3,4,426,2266,426,0,142,245.9512147,2266,0,566.5,1133,39191.13686,101.9086025,11448.16667,14300.71189,29437,4,38536,19268,14350.02502,29415,9121,39386,13128.66667,22122.27604,38670,4,0,0,0,0,72,92,43.67511538,58.23348717,0,2266,336.5,793.7590494,630053.4286,0,0,0,1,0,0,0,0,1,384.5714286,142,566.5,72,0,0,0,0,0,0,3,426,4,2266,8192,237,1,20,0,0,0,0,0,0,0,0,BENIGN
80,69185,3,4,426,2266,426,0,142,245.9512147,2266,0,566.5,1133,38910.16839,101.178001,11530.83333,14209.85673,29383,2,38793,19396.5,14272.95038,29489,9304,39802,13267.33333,22006.58314,38670,2,0,0,0,0,72,92,43.36200043,57.81600058,0,2266,336.5,793.7590494,630053.4286,0,0,0,1,0,0,0,0,1,384.5714286,142,566.5,72,0,0,0,0,0,0,3,426,4,2266,8192,237,1,20,0,0,0,0,0,0,0,0,BENIGN
80,12621,2,0,0,0,0,0,0,0,0,0,0,0,0,158.4660486,12621,0,12621,12621,12621,12621,0,12621,12621,0,0,0,0,0,0,0,0,0,40,0,158.4660486,0,0,0,0,0,0,0,0,0,0,1,0,0,0,0,0,0,0,40,0,0,0,0,0,0,2,0,0,0,256,-1,0,20,0,0,0,0,0,0,0,0,BENIGN
80,40645,2,0,0,0,0,0,0,0,0,0,0,0,0,49.20654447,40645,0,40645,40645,40645,40645,0,40645,40645,0,0,0,0,0,0,0,0,0,40,0,49.20654447,0,0,0,0,0,0,0,0,0,0,1,0,0,0,0,0,0,0,40,0,0,0,0,0,0,2,0,0,0,256,-1,0,20,0,0,0,0,0,0,0,0,BENIGN
80,115358784,16,14,437,796,437,0,27.3125,109.25,796,0,56.85714286,212.7399486,10.68839283,0.26005822,3977889.103,4887608.06,10000000,40,115000000,7690585.6,4187967.847,10000000,327,111000000,8500548.077,3767146.227,10000000,251,0,0,0,0,520,456,0.138697717,0.121360503,0,796,39.77419355,160.7838528,25851.44731,0,0,0,1,0,0,0,0,0,41.1,27.3125,56.85714286,520,0,0,0,0,0,0,16,437,14,796,29200,285,1,32,25967.81818,7878.268462,49720,23449,10000000,9108.103966,10000000,9999661,BENIGN
80,117336952,25,19,2610,4476,435,0,104.4,189.612104,746,0,235.5789474,356.264932,60.39018297,0.374988435,2728766.326,4362648.514,10000000,5,117000000,4887503.958,4906202.879,10000000,159,117000000,6516593.444,4627644.8,10100000,20786,0,0,0,0,808,616,0.213061611,0.161926824,0,746,157.4666667,276.2836652,76332.66364,0,0,0,1,0,0,0,0,0,161.0454545,104.4,235.5789474,808,0,0,0,0,0,0,25,2610,19,4476,29200,382,6,32,651860.5455,2039888.907,6802357,36610,10000000,2276.527899,10000000,10000000,BENIGN
443,115949963,26,28,1287,18007,457,0,49.5,127.6301688,1418,0,643.1071429,690.6239444,166.3993631,0.465718131,2187735.151,4103890.108,10000000,2,116000000,4637998.52,4997357.633,10000000,44,111000000,4099385.407,5024562.903,10000000,2,0,0,0,0,840,904,0.224234655,0.241483475,0,1418,350.8,579.9265088,336314.7556,0,0,0,1,0,0,0,0,1,357.2962963,49.5,643.1071429,840,0,0,0,0,0,0,26,1287,28,18007,29200,365,5,32,51359.16667,51427.19782,214662,36318,9611134.083,1379678.586,10000000,5230088,BENIGN
443,115948613,23,18,1379,5713,496,0,59.95652174,146.8135733,2836,0,317.3888889,708.5684108,61.16502661,0.35360492,2898715.325,4505653.509,10000000,9,116000000,5270391.5,4997494.676,10000000,26,111000000,6516285.765,4927212.452,10000000,189,0,0,0,0,744,584,0.198363735,0.155241184,0,2836,168.8571429,486.5948669,236774.5645,0,0,0,1,0,0,0,0,0,172.9756098,59.95652174,317.3888889,744,0,0,0,0,0,0,23,1379,18,5713,29200,365,5,32,61854.75,87161.73711,338630,36569,9600527.5,1406567.836,10000000,5134320,BENIGN
80,36970,1,1,0,0,0,0,0,0,0,0,0,0,0,54.09791723,36970,0,36970,36970,0,0,0,0,0,0,0,0,0,0,0,0,0,0,32,32,27.04895862,27.04895862,0,0,0,0,0,0,0,0,0,1,1,0,0,1,0,0,0,32,0,0,0,0,0,0,1,0,1,0,299,382,0,32,0,0,0,0,0,0,0,0,BENIGN
443,1364741,7,10,1317,7359,674,0,188.1428571,285.6737233,2266,0,735.9,804.481952,6357.250204,12.45657601,85296.3125,199373.9238,775981,3,588757,98126.16667,115800.1196,254975,11649,1341035,149003.8889,256065.0841,776000,3,0,0,0,0,164,212,5.129178357,7.327397653,0,2266,482,677.1835271,458577.5294,0,0,0,1,0,0,0,0,1,510.3529412,188.1428571,735.9,164,0,0,0,0,0,0,7,1317,10,7359,8192,34,3,20,0,0,0,0,0,0,0,0,BENIGN
443,1129,2,0,0,0,0,0,0,0,0,0,0,0,0,1771.479185,1129,0,1129,1129,1129,1129,0,1129,1129,0,0,0,0,0,0,0,0,0,40,0,1771.479185,0,0,0,0,0,0,0,0,0,0,1,0,0,0,0,0,0,0,40,0,0,0,0,0,0,2,0,0,0,251,-1,0,20,0,0,0,0,0,0,0,0,BENIGN
80,466796,3,4,427,2267,427,0,142.3333333,246.5285649,2267,0,566.75,1133.5,5771.25768,14.99584401,77799.33333,161573.5394,406336,4,435885,217942.5,266428.6428,406336,29549,437394,145798,251320.6657,435997,4,0,0,0,0,72,92,6.42679029,8.569053719,0,2267,336.75,794.1224717,630630.5,0,0,0,1,0,0,0,0,1,384.8571429,142.3333333,566.75,72,0,0,0,0,0,0,3,427,4,2267,8192,237,1,20,0,0,0,0,0,0,0,0,BENIGN
80,33593,2,0,0,0,0,0,0,0,0,0,0,0,0,59.5362129,33593,0,33593,33593,33593,33593,0,33593,33593,0,0,0,0,0,0,0,0,0,40,0,59.5362129,0,0,0,0,0,0,0,0,0,0,1,0,0,0,0,0,0,0,40,0,0,0,0,0,0,2,0,0,0,256,-1,0,20,0,0,0,0,0,0,0,0,BENIGN
80,93415,3,4,427,2267,427,0,142.3333333,246.5285649,2267,0,566.75,1133.5,28839.05154,74.93443237,15569.16667,16843.72838,33833,5,63171,31585.5,3178.444981,33833,29338,64150,21383.33333,36410.04538,63424,5,0,0,0,0,72,92,32.11475673,42.81967564,0,2267,336.75,794.1224717,630630.5,0,0,0,1,0,0,0,0,1,384.8571429,142.3333333,566.75,72,0,0,0,0,0,0,3,427,4,2267,8192,237,1,20,0,0,0,0,0,0,0,0,BENIGN
80,30214,2,0,0,0,0,0,0,0,0,0,0,0,0,66.19447938,30214,0,30214,30214,30214,30214,0,30214,30214,0,0,0,0,0,0,0,0,0,40,0,66.19447938,0,0,0,0,0,0,0,0,0,0,1,0,0,0,0,0,0,0,40,0,0,0,0,0,0,2,0,0,0,256,-1,0,20,0,0,0,0,0,0,0,0,BENIGN
443,11043793,9,10,921,4238,389,0,102.3333333,161.925137,1451,0,423.8,555.8582553,467.1402298,1.720423409,613544.0556,2300503.808,9822561,4,10800000,1345827.375,3426943.925,9822561,23250,11000000,1224519.222,3235055.867,9845526,4,0,0,0,0,216,220,0.814937404,0.905486005,0,1451,257.95,432.2592393,186848.05,0,0,0,1,0,0,0,0,1,271.5263158,102.3333333,423.8,216,0,0,0,0,0,0,9,921,10,4238,8192,14472,4,20,944058,0,944058,944058,9822561,0,9822561,9822561,BENIGN
443,200034,6,6,837,3543,516,0,139.5,201.6906046,1460,0,590.5,687.3309974,21896.27763,59.98980173,18184.90909,15104.14836,38565,69,161110,32222,9619.47956,43757,21899,161493,32298.6,33211.16451,72571,251,0,0,0,0,132,128,29.99490087,29.99490087,0,1460,336.9230769,524.3007187,274891.2436,0,0,0,1,0,0,0,0,1,365,139.5,590.5,132,0,0,0,0,0,0,6,837,6,3543,8192,33,3,20,0,0,0,0,0,0,0,0,BENIGN
80,61227,3,4,427,2267,427,0,142.3333333,246.5285649,2267,0,566.75,1133.5,44000.19599,114.3286459,10204.5,14591.40781,29028,4,31424,15712,18934.90539,29101,2323,32232,10744,17942.08318,31457,4,0,0,0,0,72,92,48.99799108,65.33065478,0,2267,336.75,794.1224717,630630.5,0,0,0,1,0,0,0,0,1,384.8571429,142.3333333,566.75,72,0,0,0,0,0,0,3,427,4,2267,8192,237,1,20,0,0,0,0,0,0,0,0,BENIGN
80,61434,3,5,427,2267,427,0,142.3333333,246.5285649,1460,0,453.4,662.3804043,43851.93867,130.2210502,8776.285714,13827.5013,29066,2,31294,15647,18944.80488,29043,2251,32531,8132.75,15556.72505,31457,2,0,0,0,0,72,112,48.83289384,81.3881564,0,1460,299.3333333,519.4677565,269846.75,0,0,0,1,0,0,0,0,1,336.75,142.3333333,453.4,72,0,0,0,0,0,0,3,427,5,2267,8192,237,1,20,0,0,0,0,0,0,0,0,BENIGN
443,34057,2,0,0,0,0,0,0,0,0,0,0,0,0,58.72507854,34057,0,34057,34057,34057,34057,0,34057,34057,0,0,0,0,0,0,0,0,0,40,0,58.72507854,0,0,0,0,0,0,0,0,0,0,1,0,0,0,0,0,0,0,40,0,0,0,0,0,0,2,0,0,0,254,-1,0,20,0,0,0,0,0,0,0,0,BENIGN
80,45700,2,0,0,0,0,0,0,0,0,0,0,0,0,43.76367615,45700,0,45700,45700,45700,45700,0,45700,45700,0,0,0,0,0,0,0,0,0,40,0,43.76367615,0,0,0,0,0,0,0,0,0,0,1,0,0,0,0,0,0,0,40,0,0,0,0,0,0,2,0,0,0,256,-1,0,20,0,0,0,0,0,0,0,0,BENIGN
80,46016,2,0,0,0,0,0,0,0,0,0,0,0,0,43.46314325,46016,0,46016,46016,46016,46016,0,46016,46016,0,0,0,0,0,0,0,0,0,40,0,43.46314325,0,0,0,0,0,0,0,0,0,0,1,0,0,0,0,0,0,0,40,0,0,0,0,0,0,2,0,0,0,256,-1,0,20,0,0,0,0,0,0,0,0,BENIGN
1129,999637,2,0,0,0,0,0,0,0,0,0,0,0,0,2.000726264,999637,0,999637,999637,999637,999637,0,999637,999637,0,0,0,0,0,0,0,0,0,40,0,2.000726264,0,0,0,0,0,0,0,0,0,0,1,0,0,0,0,0,0,0,40,0,0,0,0,0,0,2,0,0,0,8721,-1,0,20,0,0,0,0,0,0,0,0,BENIGN
1146,1000288,2,0,0,0,0,0,0,0,0,0,0,0,0,1.999424166,1000288,0,1000288,1000288,1000288,1000288,0,1000288,1000288,0,0,0,0,0,0,0,0,0,40,0,1.999424166,0,0,0,0,0,0,0,0,0,0,1,0,0,0,0,0,0,0,40,0,0,0,0,0,0,2,0,0,0,6976,-1,0,20,0,0,0,0,0,0,0,0,BENIGN
80,47485,3,4,435,859,435,0,145,251.1473671,859,0,214.75,429.5,27250.71075,147.4149731,7914.166667,11874.943,23372,4,23712,11856,15991.92696,23164,548,24373,8124.333333,13725.88854,23972,4,0,0,0,0,72,92,63.17784564,84.23712751,0,859,161.75,320.2234711,102543.0714,0,0,0,1,0,0,0,0,1,184.8571429,145,214.75,72,0,0,0,0,0,0,3,435,4,859,8192,31,1,20,0,0,0,0,0,0,0,0,BENIGN
80,50994,2,0,0,0,0,0,0,0,0,0,0,0,0,39.22030043,50994,0,50994,50994,50994,50994,0,50994,50994,0,0,0,0,0,0,0,0,0,40,0,39.22030043,0,0,0,0,0,0,0,0,0,0,1,0,0,0,0,0,0,0,40,0,0,0,0,0,0,2,0,0,0,253,-1,0,20,0,0,0,0,0,0,0,0,BENIGN
80,91349,3,4,435,859,435,0,145,251.1473671,859,0,214.75,429.5,14165.45337,76.62919134,15224.83333,18155.46493,44190,4,67585,33792.5,14704.28551,44190,23395,68075,22691.66667,38926.98401,67640,4,0,0,0,0,72,92,32.841082,43.78810934,0,859,161.75,320.2234711,102543.0714,0,0,0,1,0,0,0,0,1,184.8571429,145,214.75,72,0,0,0,0,0,0,3,435,4,859,8192,31,1,20,0,0,0,0,0,0,0,0,BENIGN
80,35164,2,0,0,0,0,0,0,0,0,0,0,0,0,56.87635081,35164,0,35164,35164,35164,35164,0,35164,35164,0,0,0,0,0,0,0,0,0,40,0,56.87635081,0,0,0,0,0,0,0,0,0,0,1,0,0,0,0,0,0,0,40,0,0,0,0,0,0,2,0,0,0,253,-1,0,20,0,0,0,0,0,0,0,0,BENIGN
443,355554,7,10,720,7023,393,0,102.8571429,150.9242951,1460,0,702.3,646.0075765,21777.28278,47.81270918,22222.125,37748.72361,147862,1,312875,52145.83333,64994.51531,181377,5035,322805,35867.22222,64496.23029,190540,1,0,0,0,0,152,212,19.68758613,28.12512305,0,1460,430.1666667,572.3085603,327537.0882,0,0,0,1,0,0,0,0,1,455.4705882,102.8571429,702.3,152,0,0,0,0,0,0,7,720,10,7023,8192,245,3,20,0,0,0,0,0,0,0,0,BENIGN
443,60552,3,0,31,0,31,0,10.33333333,17.89785834,0,0,0,0,511.9566653,49.54419342,30276,42811.07296,60548,4,60552,30276,42811.07296,60548,4,0,0,0,0,0,0,0,0,0,60,0,49.54419342,0,0,31,7.75,15.5,240.25,0,0,0,0,1,0,0,0,0,10.33333333,10.33333333,0,60,0,0,0,0,0,0,3,31,0,0,252,-1,1,20,0,0,0,0,0,0,0,0,BENIGN
5353,18,12,0,540,0,45,45,45,0,0,0,0,0,30000000,666666.6667,1.636363636,1.206045378,5,1,18,1.636363636,1.206045378,5,1,0,0,0,0,0,0,0,0,0,384,0,666666.6667,0,45,45,45,0,0,0,0,0,0,0,0,0,0,0,48.75,45,0,384,0,0,0,0,0,0,12,540,0,0,-1,-1,11,32,0,0,0,0,0,0,0,0,BENIGN
80,591931,3,4,427,2267,427,0,142.3333333,246.5285649,2267,0,566.75,1133.5,4551.206137,11.82570266,98655.16667,213177.6982,532858,4,562054,281027,356142.8156,532858,29196,562845,187615,324126.8121,561884,4,0,0,0,0,72,92,5.068158282,6.757544376,0,2267,336.75,794.1224717,630630.5,0,0,0,1,0,0,0,0,1,384.8571429,142.3333333,566.75,72,0,0,0,0,0,0,3,427,4,2267,8192,237,1,20,0,0,0,0,0,0,0,0,BENIGN
80,592267,3,4,427,2267,427,0,142.3333333,246.5285649,2267,0,566.75,1133.5,4548.624185,11.8189938,98711.16667,213198.8687,532949,3,562226,281113,356149.8867,532949,29277,563131,187710.3333,324323.0864,562206,3,0,0,0,0,72,92,5.065283056,6.753710742,0,2267,336.75,794.1224717,630630.5,0,0,0,1,0,0,0,0,1,384.8571429,142.3333333,566.75,72,0,0,0,0,0,0,3,427,4,2267,8192,237,1,20,0,0,0,0,0,0,0,0,BENIGN
80,11286,2,0,0,0,0,0,0,0,0,0,0,0,0,177.2107035,11286,0,11286,11286,11286,11286,0,11286,11286,0,0,0,0,0,0,0,0,0,40,0,177.2107035,0,0,0,0,0,0,0,0,0,0,1,0,0,0,0,0,0,0,40,0,0,0,0,0,0,2,0,0,0,256,-1,0,20,0,0,0,0,0,0,0,0,BENIGN
443,116439402,35,37,732,32129,366,0,20.91428571,71.90286398,1602,0,868.3513514,677.9959938,282.2154652,0.618347387,1639991.577,3637925.267,10000000,0,116000000,3424688.294,4762205.422,10200000,1,112000000,3122476.278,4729326.777,10200000,2,0,0,0,0,1128,1192,0.300585535,0.317761852,0,1602,450.1506849,643.8423865,414533.0186,0,0,0,1,0,0,0,0,1,456.4027778,20.91428571,868.3513514,1128,0,0,0,0,0,0,35,732,37,32129,29200,61,4,32,210325.2727,222679.5187,881728,142882,10000000,14317.16814,10000000,9996800,BENIGN
443,116463316,42,61,2040,63628,897,0,48.57142857,181.8385967,1947,0,1043.081967,627.3493257,563.8513676,0.884398655,1141797.216,3143214.827,10000000,0,116000000,2840568.683,4493878.411,10000000,31,111000000,1849884.45,3916245.871,10000000,1,0,0,0,0,1352,1960,0.360628578,0.523770077,0,1947,631.4230769,696.5498984,485181.761,0,0,0,1,0,0,0,0,1,637.5533981,48.57142857,1043.081967,1352,0,0,0,0,0,0,42,2040,61,63628,29200,382,5,32,80588.75,151665.0941,562190,36716,9624685,1320004.406,10000000,5433367,BENIGN
80,446073,3,4,436,860,436,0,145.3333333,251.7247174,860,0,215,430,2905.354056,15.69249876,74345.5,159409.2567,398920,4,422231,211115.5,265595.671,398920,23311,422796,140932,243592.3341,422208,4,0,0,0,0,72,92,6.725356612,8.967142149,0,860,162,320.6564695,102820.5714,0,0,0,1,0,0,0,0,1,185.1428571,145.3333333,215,72,0,0,0,0,0,0,3,436,4,860,8192,31,1,20,0,0,0,0,0,0,0,0,BENIGN
80,43351,2,0,0,0,0,0,0,0,0,0,0,0,0,46.13503725,43351,0,43351,43351,43351,43351,0,43351,43351,0,0,0,0,0,0,0,0,0,40,0,46.13503725,0,0,0,0,0,0,0,0,0,0,1,0,0,0,0,0,0,0,40,0,0,0,0,0,0,2,0,0,0,256,-1,0,20,0,0,0,0,0,0,0,0,BENIGN
80,34969,2,0,0,0,0,0,0,0,0,0,0,0,0,57.19351426,34969,0,34969,34969,34969,34969,0,34969,34969,0,0,0,0,0,0,0,0,0,40,0,57.19351426,0,0,0,0,0,0,0,0,0,0,1,0,0,0,0,0,0,0,40,0,0,0,0,0,0,2,0,0,0,253,-1,0,20,0,0,0,0,0,0,0,0,BENIGN
80,102206,3,4,436,860,436,0,145.3333333,251.7247174,860,0,215,430,12680.27317,68.4891298,17034.33333,21503.76105,54155,4,78423,39211.5,21133.30037,54155,24268,78046,26015.33333,44517.95705,77419,4,0,0,0,0,72,92,29.3524842,39.1366456,0,860,162,320.6564695,102820.5714,0,0,0,1,0,0,0,0,1,185.1428571,145.3333333,215,72,0,0,0,0,0,0,3,436,4,860,8192,31,1,20,0,0,0,0,0,0,0,0,BENIGN
80,45739,2,0,0,0,0,0,0,0,0,0,0,0,0,43.72636044,45739,0,45739,45739,45739,45739,0,45739,45739,0,0,0,0,0,0,0,0,0,40,0,43.72636044,0,0,0,0,0,0,0,0,0,0,1,0,0,0,0,0,0,0,40,0,0,0,0,0,0,2,0,0,0,253,-1,0,20,0,0,0,0,0,0,0,0,BENIGN
80,47408,3,4,435,859,435,0,145,251.1473671,859,0,214.75,429.5,27294.97131,147.6544043,7901.333333,11841.88118,23320,4,23726,11863,15894.34623,23102,624,24356,8118.666667,13749.58128,23994,4,0,0,0,0,72,92,63.28045899,84.37394533,0,859,161.75,320.2234711,102543.0714,0,0,0,1,0,0,0,0,1,184.8571429,145,214.75,72,0,0,0,0,0,0,3,435,4,859,8192,31,1,20,0,0,0,0,0,0,0,0,BENIGN
80,48887,2,0,0,0,0,0,0,0,0,0,0,0,0,40.91067155,48887,0,48887,48887,48887,48887,0,48887,48887,0,0,0,0,0,0,0,0,0,40,0,40.91067155,0,0,0,0,0,0,0,0,0,0,1,0,0,0,0,0,0,0,40,0,0,0,0,0,0,2,0,0,0,253,-1,0,20,0,0,0,0,0,0,0,0,BENIGN
443,5572009,8,8,1094,3956,565,0,136.75,214.3273531,1460,0,494.5,541.3504278,906.3158369,2.871495721,371467.2667,1196463.358,4686280,4,885725,126532.1429,125145.6826,347871,17508,5520296,788613.7143,1723033.12,4686360,4,0,0,0,0,184,172,1.43574786,1.43574786,0,1460,297.0588235,431.4709536,186167.1838,0,0,0,1,0,0,0,0,1,315.625,136.75,494.5,184,0,0,0,0,0,0,8,1094,8,3956,8192,18,3,20,0,0,0,0,0,0,0,0,BENIGN
80,5283094,3,1,0,0,0,0,0,0,0,0,0,0,0,0.75713209,1761031.333,3029579.828,5259262,59,5283094,2641547,3702008.055,5259262,23832,0,0,0,0,0,0,0,0,0,72,32,0.567849067,0.189283022,0,0,0,0,0,0,0,0,1,0,0,0,0,0,0,0,0,72,0,0,0,0,0,0,3,0,1,0,8192,65535,0,20,0,0,0,0,0,0,0,0,BENIGN
443,5579631,8,5,589,1571,342,0,73.625,127.6400491,1496,0,314.2,661.287532,387.1223742,2.329903178,464969.25,1539116.776,5350704,3,5579631,797090.1429,2008508.22,5350704,49,205837,51459.25,78019.9745,165214,3,0,0,0,0,172,108,1.433786571,0.896116607,0,1496,154.2857143,398.744651,158997.2967,0,0,0,1,0,0,0,0,0,166.1538462,73.625,314.2,172,0,0,0,0,0,0,8,589,5,1571,8192,4676,3,20,228878,0,228878,228878,5350704,0,5350704,5350704,BENIGN
443,5656508,9,8,351,5319,194,0,39,71.40028011,1460,0,664.875,694.0099706,1002.385217,3.005387776,353531.75,1270933.338,5113590,3,5656508,707063.5,1783024.644,5113590,3,492432,70347.42857,99771.62841,252332,49,0,0,0,0,204,172,1.591087646,1.41430013,0,1460,315,551.812095,304496.5882,0,0,0,1,0,0,0,0,0,333.5294118,39,664.875,204,0,0,0,0,0,0,9,351,8,5319,8192,110,3,20,542915,0,542915,542915,5113590,0,5113590,5113590,BENIGN
443,5640340,9,6,361,3177,204,0,40.11111111,74.13913347,1615,0,529.5,782.6628265,627.2671506,2.659414149,402881.4286,1326165.97,5003734,3,5640340,705042.5,1740486.382,5003734,3,552074,110414.8,118494.7002,287614,261,0,0,0,0,192,124,1.595648489,1.06376566,0,1615,221.125,517.7605463,268075.9833,0,0,0,1,0,0,0,0,0,235.8666667,40.11111111,529.5,192,0,0,0,0,0,0,9,361,6,3177,8192,30016,3,20,636603,0,636603,636603,5003734,0,5003734,5003734,BENIGN
443,2251977,2,0,0,0,0,0,0,0,0,0,0,0,0,0.888108538,2251977,0,2251977,2251977,2251977,2251977,0,2251977,2251977,0,0,0,0,0,0,0,0,0,40,0,0.888108538,0,0,0,0,0,0,0,0,0,0,1,0,0,0,0,0,0,0,40,0,0,0,0,0,0,2,0,0,0,254,-1,0,20,0,0,0,0,0,0,0,0,BENIGN
443,15164,2,0,0,0,0,0,0,0,0,0,0,0,0,131.8913216,15164,0,15164,15164,15164,15164,0,15164,15164,0,0,0,0,0,0,0,0,0,40,0,131.8913216,0,0,0,0,0,0,0,0,0,0,1,0,0,0,0,0,0,0,40,0,0,0,0,0,0,2,0,0,0,253,-1,0,20,0,0,0,0,0,0,0,0,BENIGN
1335,194,2,0,0,0,0,0,0,0,0,0,0,0,0,10309.27835,194,0,194,194,194,194,0,194,194,0,0,0,0,0,0,0,0,0,40,0,10309.27835,0,0,0,0,0,0,0,0,0,0,1,0,0,0,0,0,0,0,40,0,0,0,0,0,0,2,0,0,0,4729,-1,0,20,0,0,0,0,0,0,0,0,BENIGN
80,70085,3,4,436,860,436,0,145.3333333,251.7247174,860,0,215,430,18491.83135,99.8787187,11680.83333,12574.10605,23408,3,46118,23059,251.7300141,23237,22881,46903,15634.33333,26596.78876,46344,3,0,0,0,0,72,92,42.80516516,57.07355354,0,860,162,320.6564695,102820.5714,0,0,0,1,0,0,0,0,1,185.1428571,145.3333333,215,72,0,0,0,0,0,0,3,436,4,860,8192,31,1,20,0,0,0,0,0,0,0,0,BENIGN
1333,3,2,0,31,0,31,0,15.5,21.92031022,0,0,0,0,10300000,666666.6667,3,0,3,3,3,3,0,3,3,0,0,0,0,0,1,0,0,0,40,0,666666.6667,0,0,31,20.66666667,17.89785834,320.3333333,0,1,0,0,1,0,0,0,0,31,15.5,0,40,0,0,0,0,0,0,2,31,0,0,110,-1,0,20,0,0,0,0,0,0,0,0,BENIGN
80,32154,2,0,0,0,0,0,0,0,0,0,0,0,0,62.20065933,32154,0,32154,32154,32154,32154,0,32154,32154,0,0,0,0,0,0,0,0,0,40,0,62.20065933,0,0,0,0,0,0,0,0,0,0,1,0,0,0,0,0,0,0,40,0,0,0,0,0,0,2,0,0,0,253,-1,0,20,0,0,0,0,0,0,0,0,BENIGN
80,95595,3,4,436,860,436,0,145.3333333,251.7247174,860,0,215,430,13557.19441,73.22558711,15932.5,19519.70447,48240,3,71895,35947.5,17384.22022,48240,23655,71996,23998.66667,41241.69936,71620,3,0,0,0,0,72,92,31.38239448,41.84319264,0,860,162,320.6564695,102820.5714,0,0,0,1,0,0,0,0,1,185.1428571,145.3333333,215,72,0,0,0,0,0,0,3,436,4,860,8192,31,1,20,0,0,0,0,0,0,0,0,BENIGN
1334,4,2,0,31,0,31,0,15.5,21.92031022,0,0,0,0,7750000,500000,4,0,4,4,4,4,0,4,4,0,0,0,0,0,1,0,0,0,40,0,500000,0,0,31,20.66666667,17.89785834,320.3333333,0,1,0,0,1,0,0,0,0,31,15.5,0,40,0,0,0,0,0,0,2,31,0,0,30016,-1,0,20,0,0,0,0,0,0,0,0,BENIGN
443,1100929,8,11,847,6107,437,0,105.875,162.790345,1460,0,555.1818182,666.3335228,6316.483624,17.25815198,61162.72222,155685.1291,639394,51,461535,65933.57143,94733.33196,280251,23627,1077353,107735.3,277317.0994,893924,147,0,0,0,0,172,228,7.266590307,9.991561672,0,1460,347.7,547.1348434,299356.5368,0,0,0,1,0,0,0,0,1,366,105.875,555.1818182,172,0,0,0,0,0,0,8,847,11,6107,8192,5227,3,20,0,0,0,0,0,0,0,0,BENIGN
80,117996,2,0,0,0,0,0,0,0,0,0,0,0,0,16.94972711,117996,0,117996,117996,117996,117996,0,117996,117996,0,0,0,0,0,0,0,0,0,40,0,16.94972711,0,0,0,0,0,0,0,0,0,0,1,0,0,0,0,0,0,0,40,0,0,0,0,0,0,2,0,0,0,253,-1,0,20,0,0,0,0,0,0,0,0,BENIGN
443,42313,3,0,53,0,53,0,17.66666667,30.59956427,0,0,0,0,1252.570132,70.90019616,21156.5,29851.92698,42265,48,42313,21156.5,29851.92698,42265,48,0,0,0,0,0,0,0,0,0,60,0,70.90019616,0,0,53,13.25,26.5,702.25,0,0,0,0,1,0,0,0,0,17.66666667,17.66666667,0,60,0,0,0,0,0,0,3,53,0,0,63520,-1,1,20,0,0,0,0,0,0,0,0,BENIGN
443,426974,10,8,520,5116,187,0,52,71.66589147,1860,0,639.5,790.2460738,13199.86697,42.15713369,25116.11765,44560.14079,174550,1,426974,47441.55556,53004.14497,174550,3,147172,21024.57143,35519.94525,80318,1,0,0,0,0,212,172,23.42062983,18.73650386,0,1860,296.6315789,579.4898341,335808.4678,0,0,0,1,0,0,0,0,0,313.1111111,52,639.5,212,0,0,0,0,0,0,10,520,8,5116,8192,343,5,20,0,0,0,0,0,0,0,0,BENIGN
443,2966383,7,9,755,4137,440,0,107.8571429,165.2093909,1816,0,459.6666667,700.2253209,1649.146452,5.393774169,197758.8667,451134.6964,1797649,108,1168207,194701.1667,132515.5305,430816,48318,2781640,347705,677438.8491,1997526,216,0,0,0,0,152,188,2.359776199,3.03399797,0,1816,287.7647059,539.7694565,291351.0662,0,0,0,1,0,0,0,0,1,305.75,107.8571429,459.6666667,152,0,0,0,0,0,0,7,755,9,4137,8192,33,3,20,0,0,0,0,0,0,0,0,BENIGN
443,7820,2,0,0,0,0,0,0,0,0,0,0,0,0,255.7544757,7820,0,7820,7820,7820,7820,0,7820,7820,0,0,0,0,0,0,0,0,0,40,0,255.7544757,0,0,0,0,0,0,0,0,0,0,1,0,0,0,0,0,0,0,40,0,0,0,0,0,0,2,0,0,0,253,-1,0,20,0,0,0,0,0,0,0,0,BENIGN
1464,52425,3,1,38,0,38,0,12.66666667,21.93931023,0,0,0,0,724.8450167,76.29947544,17475,30208.71404,52357,3,52425,26212.5,37065.83036,52422,3,0,0,0,0,0,0,0,0,0,60,20,57.22460658,19.07486886,0,38,7.6,16.99411663,288.8,0,0,0,0,1,0,0,0,0,9.5,12.66666667,0,60,0,0,0,0,0,0,3,38,1,0,351,0,1,20,0,0,0,0,0,0,0,0,BENIGN
80,60071,3,4,426,2266,426,0,142,245.9512147,2266,0,566.5,1133,44813.6372,116.5287743,10011.83333,14920.43587,29361,5,29876,14938,20308.10676,29298,578,30892,10297.33333,17118.19805,30058,5,0,0,0,0,72,92,49.94090326,66.58787102,0,2266,336.5,793.7590494,630053.4286,0,0,0,1,0,0,0,0,1,384.5714286,142,566.5,72,0,0,0,0,0,0,3,426,4,2266,8192,237,1,20,0,0,0,0,0,0,0,0,BENIGN
80,59525,3,4,426,2266,426,0,142,245.9512147,2266,0,566.5,1133,45224.69551,117.597648,9920.833333,14773.56823,29095,4,29464,14732,20101.63158,28946,518,30644,10214.66667,16862.54575,29678,4,0,0,0,0,72,92,50.39899202,67.19865603,0,2266,336.5,793.7590494,630053.4286,0,0,0,1,0,0,0,0,1,384.5714286,142,566.5,72,0,0,0,0,0,0,3,426,4,2266,8192,237,1,20,0,0,0,0,0,0,0,0,BENIGN
80,53086,2,0,0,0,0,0,0,0,0,0,0,0,0,37.6747165,53086,0,53086,53086,53086,53086,0,53086,53086,0,0,0,0,0,0,0,0,0,40,0,37.6747165,0,0,0,0,0,0,0,0,0,0,1,0,0,0,0,0,0,0,40,0,0,0,0,0,0,2,0,0,0,256,-1,0,20,0,0,0,0,0,0,0,0,BENIGN
80,53730,2,0,0,0,0,0,0,0,0,0,0,0,0,37.2231528,53730,0,53730,53730,53730,53730,0,53730,53730,0,0,0,0,0,0,0,0,0,40,0,37.2231528,0,0,0,0,0,0,0,0,0,0,1,0,0,0,0,0,0,0,40,0,0,0,0,0,0,2,0,0,0,256,-1,0,20,0,0,0,0,0,0,0,0,BENIGN
80,130907,3,4,427,2267,427,0,142.3333333,246.5285649,2267,0,566.75,1133.5,20579.49537,53.47307631,21817.83333,28343.52327,72006,4,101098,50549,30344.78041,72006,29092,101919,33973,58236.04606,101217,4,0,0,0,0,72,92,22.9170327,30.5560436,0,2267,336.75,794.1224717,630630.5,0,0,0,1,0,0,0,0,1,384.8571429,142.3333333,566.75,72,0,0,0,0,0,0,3,427,4,2267,8192,237,1,20,0,0,0,0,0,0,0,0,BENIGN
80,131257,3,5,427,2267,427,0,142.3333333,246.5285649,1460,0,453.4,662.3804043,20524.61964,60.94913033,18751,27178.32153,72144,2,101231,50615.5,30445.89668,72144,29087,102205,25551.25,50449.5345,101223,2,0,0,0,0,72,112,22.85592387,38.09320646,0,1460,299.3333333,519.4677565,269846.75,0,0,0,1,0,0,0,0,1,336.75,142.3333333,453.4,72,0,0,0,0,0,0,3,427,5,2267,8192,237,1,20,0,0,0,0,0,0,0,0,BENIGN
80,39915,2,0,0,0,0,0,0,0,0,0,0,0,0,50.10647626,39915,0,39915,39915,39915,39915,0,39915,39915,0,0,0,0,0,0,0,0,0,40,0,50.10647626,0,0,0,0,0,0,0,0,0,0,1,0,0,0,0,0,0,0,40,0,0,0,0,0,0,2,0,0,0,256,-1,0,20,0,0,0,0,0,0,0,0,BENIGN
80,40289,2,0,0,0,0,0,0,0,0,0,0,0,0,49.64134131,40289,0,40289,40289,40289,40289,0,40289,40289,0,0,0,0,0,0,0,0,0,40,0,49.64134131,0,0,0,0,0,0,0,0,0,0,1,0,0,0,0,0,0,0,40,0,0,0,0,0,0,2,0,0,0,256,-1,0,20,0,0,0,0,0,0,0,0,BENIGN
80,100564,3,5,426,2266,426,0,142,245.9512147,1460,0,453.2,662.2470838,26769.02271,79.5513305,14366.28571,18023.04659,41312,48,70510,35255,8565.891547,41312,29198,71522,17880.5,35081.78897,70501,48,0,0,0,0,72,112,29.83174894,49.71958156,0,1460,299.1111111,519.3150403,269688.1111,0,0,0,1,0,0,0,0,1,336.5,142,453.2,72,0,0,0,0,0,0,3,426,5,2266,8192,237,1,20,0,0,0,0,0,0,0,0,BENIGN
80,128150,3,4,426,2266,426,0,142,245.9512147,2266,0,566.5,1133,21006.63285,54.6234881,21358.33333,27193.80086,68778,4,98016,49008,27959.00213,68778,29238,99066,33022,56461.22978,98216,4,0,0,0,0,72,92,23.41006633,31.21342177,0,2266,336.5,793.7590494,630053.4286,0,0,0,1,0,0,0,0,1,384.5714286,142,566.5,72,0,0,0,0,0,0,3,426,4,2266,8192,237,1,20,0,0,0,0,0,0,0,0,BENIGN
443,388654,11,6,563,5540,197,0,51.18181818,74.50881583,2920,0,923.3333333,1317.247079,15702.91313,43.7407051,24290.875,32168.55138,100267,1,388654,38865.4,33570.50468,100267,1,190944,38188.8,53940.66836,118963,3,0,0,0,0,232,132,28.30280918,15.43789592,0,2920,339.0555556,833.3504645,694472.9967,0,0,0,1,0,0,0,0,0,359,51.18181818,923.3333333,232,0,0,0,0,0,0,11,563,6,5540,8192,110,5,20,0,0,0,0,0,0,0,0,BENIGN
80,50022,2,0,0,0,0,0,0,0,0,0,0,0,0,39.98240774,50022,0,50022,50022,50022,50022,0,50022,50022,0,0,0,0,0,0,0,0,0,40,0,39.98240774,0,0,0,0,0,0,0,0,0,0,1,0,0,0,0,0,0,0,40,0,0,0,0,0,0,2,0,0,0,256,-1,0,20,0,0,0,0,0,0,0,0,BENIGN
80,77619,2,0,0,0,0,0,0,0,0,0,0,0,0,25.76688697,77619,0,77619,77619,77619,77619,0,77619,77619,0,0,0,0,0,0,0,0,0,40,0,25.76688697,0,0,0,0,0,0,0,0,0,0,1,0,0,0,0,0,0,0,40,0,0,0,0,0,0,2,0,0,0,256,-1,0,20,0,0,0,0,0,0,0,0,BENIGN
1474,46491,3,1,38,0,38,0,12.66666667,21.93931023,0,0,0,0,817.3625003,86.03815792,15497,26737.72907,46371,3,46491,23245.5,32869.85872,46488,3,0,0,0,0,0,0,0,0,0,60,20,64.52861844,21.50953948,0,38,7.6,16.99411663,288.8,0,0,0,0,1,0,0,0,0,9.5,12.66666667,0,60,0,0,0,0,0,0,3,38,1,0,114,0,1,20,0,0,0,0,0,0,0,0,BENIGN
443,5204310,10,11,696,5790,375,0,69.6,127.4032967,1460,0,526.3636364,605.1914198,1246.274722,4.035117047,260215.5,993792.4982,4472115,6,5204310,578256.6667,1463638.683,4472351,3143,5153539,515353.9,1393898.085,4472141,48,0,0,0,0,236,232,1.921484308,2.113632739,0,1460,294.8181818,487.586245,237740.3463,0,0,0,1,0,0,0,0,1,308.8571429,69.6,526.3636364,236,0,0,0,0,0,0,10,696,11,5790,8192,114,3,20,0,0,0,0,0,0,0,0,BENIGN
443,5153920,10,10,738,5597,417,0,73.8,138.7746375,1460,0,559.7,629.9534463,1229.161493,3.880541413,271258.9474,995584.5719,4373899,30,5153920,572657.7778,1428228.45,4373984,16700,5102920,566991.1111,1505734.836,4574944,48,0,0,0,0,224,212,1.940270707,1.940270707,0,1460,301.6666667,501.0461389,251047.2333,0,0,0,1,0,0,0,0,1,316.75,73.8,559.7,224,0,0,0,0,0,0,10,738,10,5597,8192,114,3,20,0,0,0,0,0,0,0,0,BENIGN
80,2897319,4,5,436,859,436,0,109,218,859,0,171.8,384.1564785,446.9649355,3.106320015,362164.875,685228.522,1794931,4,2873493,957831,889787.4053,1794931,23365,2874005,718501.25,886063.7628,1818514,4,0,0,0,0,104,124,1.380586673,1.725733342,0,859,129.5,290.645737,84474.94444,0,0,0,1,0,0,0,0,1,143.8888889,109,171.8,104,0,0,0,0,0,0,4,436,5,859,8192,31,1,20,0,0,0,0,0,0,0,0,BENIGN
80,798224,3,4,435,859,435,0,145,251.1473671,859,0,214.75,429.5,1621.098839,8.769468219,133037.3333,302926.881,750949,5,774463,387231.5,514374.2214,750949,23514,774790,258263.3333,446933.8262,774338,5,0,0,0,0,72,92,3.758343523,5.011124697,0,859,161.75,320.2234711,102543.0714,0,0,0,1,0,0,0,0,1,184.8571429,145,214.75,72,0,0,0,0,0,0,3,435,4,859,8192,31,1,20,0,0,0,0,0,0,0,0,BENIGN
80,798290,3,4,435,859,435,0,145,251.1473671,859,0,214.75,429.5,1620.964812,8.768743189,133048.3333,302893.718,750890,2,774466,387233,514288.6615,750890,23576,774794,258264.6667,446933.5398,774339,2,0,0,0,0,72,92,3.758032795,5.010710393,0,859,161.75,320.2234711,102543.0714,0,0,0,1,0,0,0,0,1,184.8571429,145,214.75,72,0,0,0,0,0,0,3,435,4,859,8192,31,1,20,0,0,0,0,0,0,0,0,BENIGN
80,45727,2,0,0,0,0,0,0,0,0,0,0,0,0,43.73783541,45727,0,45727,45727,45727,45727,0,45727,45727,0,0,0,0,0,0,0,0,0,40,0,43.73783541,0,0,0,0,0,0,0,0,0,0,1,0,0,0,0,0,0,0,40,0,0,0,0,0,0,2,0,0,0,253,-1,0,20,0,0,0,0,0,0,0,0,BENIGN
80,45335,2,0,0,0,0,0,0,0,0,0,0,0,0,44.11602515,45335,0,45335,45335,45335,45335,0,45335,45335,0,0,0,0,0,0,0,0,0,40,0,44.11602515,0,0,0,0,0,0,0,0,0,0,1,0,0,0,0,0,0,0,40,0,0,0,0,0,0,2,0,0,0,253,-1,0,20,0,0,0,0,0,0,0,0,BENIGN
80,45335,2,0,0,0,0,0,0,0,0,0,0,0,0,44.11602515,45335,0,45335,45335,45335,45335,0,45335,45335,0,0,0,0,0,0,0,0,0,40,0,44.11602515,0,0,0,0,0,0,0,0,0,0,1,0,0,0,0,0,0,0,40,0,0,0,0,0,0,2,0,0,0,253,-1,0,20,0,0,0,0,0,0,0,0,BENIGN
80,94575,4,4,436,859,436,0,109,218,859,0,214.75,429.5,13692.83637,84.58895057,13510.71429,18520.29733,47394,0,94570,31523.33333,13745.04399,47394,23455,71211,23737,40757.38318,70799,5,0,0,0,0,92,92,42.29447528,42.29447528,0,859,143.8888889,304.4751404,92705.11111,0,0,0,1,0,0,0,0,1,161.875,109,214.75,92,0,0,0,0,0,0,4,436,4,859,8192,31,1,20,0,0,0,0,0,0,0,0,BENIGN
443,15382994,8,9,981,1046,517,0,122.625,213.5883474,439,0,116.2222222,188.2828841,131.7688871,1.105116468,961437.125,2645070.02,9753027,3,10400000,1482857.571,3648001.056,9753027,11207,15300000,1916469.625,3612944.345,9804121,3,0,0,0,0,184,204,0.520054809,0.58506166,0,517,112.6111111,190.4397817,36267.31046,0,0,0,1,0,0,0,0,1,119.2352941,122.625,116.2222222,184,0,0,0,0,0,0,8,981,9,1046,8192,40,4,20,626976,0,626976,626976,9753027,0,9753027,9753027,BENIGN
443,22145,2,0,0,0,0,0,0,0,0,0,0,0,0,90.3138406,22145,0,22145,22145,22145,22145,0,22145,22145,0,0,0,0,0,0,0,0,0,40,0,90.3138406,0,0,0,0,0,0,0,0,0,0,1,0,0,0,0,0,0,0,40,0,0,0,0,0,0,2,0,0,0,254,-1,0,20,0,0,0,0,0,0,0,0,BENIGN
80,583884,3,4,426,2266,426,0,142,245.9512147,2266,0,566.5,1133,4610.504826,11.98868268,97314,209939.9836,524885,5,553991,276995.5,350568.6929,524885,29106,554947,184982.3333,319788.4407,554242,5,0,0,0,0,72,92,5.138006864,6.850675819,0,2266,336.5,793.7590494,630053.4286,0,0,0,1,0,0,0,0,1,384.5714286,142,566.5,72,0,0,0,0,0,0,3,426,4,2266,8192,237,1,20,0,0,0,0,0,0,0,0,BENIGN
80,584039,3,4,426,2266,426,0,142,245.9512147,2266,0,566.5,1133,4609.28123,11.98550097,97339.83333,209576.4602,524147,4,553744,276872,349699.6586,524147,29597,554546,184848.6667,319341.4444,553592,4,0,0,0,0,72,92,5.136643272,6.848857696,0,2266,336.5,793.7590494,630053.4286,0,0,0,1,0,0,0,0,1,384.5714286,142,566.5,72,0,0,0,0,0,0,3,426,4,2266,8192,237,1,20,0,0,0,0,0,0,0,0,BENIGN
80,50553,2,0,0,0,0,0,0,0,0,0,0,0,0,39.56243942,50553,0,50553,50553,50553,50553,0,50553,50553,0,0,0,0,0,0,0,0,0,40,0,39.56243942,0,0,0,0,0,0,0,0,0,0,1,0,0,0,0,0,0,0,40,0,0,0,0,0,0,2,0,0,0,256,-1,0,20,0,0,0,0,0,0,0,0,BENIGN
80,50850,2,0,0,0,0,0,0,0,0,0,0,0,0,39.33136676,50850,0,50850,50850,50850,50850,0,50850,50850,0,0,0,0,0,0,0,0,0,40,0,39.33136676,0,0,0,0,0,0,0,0,0,0,1,0,0,0,0,0,0,0,40,0,0,0,0,0,0,2,0,0,0,256,-1,0,20,0,0,0,0,0,0,0,0,BENIGN
80,584946,3,4,427,2267,427,0,142.3333333,246.5285649,2267,0,566.75,1133.5,4605.553333,11.9669166,97491,210369.5774,525932,4,555081,277540.5,351278.6281,525932,29149,555816,185272,320289.2934,555110,4,0,0,0,0,72,92,5.128678545,6.83823806,0,2267,336.75,794.1224717,630630.5,0,0,0,1,0,0,0,0,1,384.8571429,142.3333333,566.75,72,0,0,0,0,0,0,3,427,4,2267,8192,237,1,20,0,0,0,0,0,0,0,0,BENIGN
443,5556410,8,8,422,6880,187,0,52.75,83.35937688,2920,0,860,1056.250106,1314.157883,2.879557124,370427.3333,1306206.666,5087571,3,5556410,793772.8571,1894894.613,5087571,3,247569,35367,59778.97415,137772,50,0,0,0,0,172,172,1.439778562,1.439778562,0,2920,429.5294118,816.2769228,666308.0147,0,0,0,1,0,0,0,0,1,456.375,52.75,860,172,0,0,0,0,0,0,8,422,8,6880,8192,1025,3,20,468836,0,468836,468836,5087571,0,5087571,5087571,BENIGN
443,5608806,8,6,378,3536,189,0,47.25,79.08900953,1460,0,589.3333333,707.2684545,697.8312318,2.496074922,431446.6154,1427649.638,5179706,3,5608806,801258,1932260.933,5179706,3,191846,38369.2,51155.09915,97584,48,0,0,0,0,172,132,1.426328527,1.069746395,0,1460,260.9333333,508.8768398,258955.6381,0,0,0,1,0,0,0,0,0,279.5714286,47.25,589.3333333,172,0,0,0,0,0,0,8,378,6,3536,8192,22,3,20,429097,0,429097,429097,5179706,0,5179706,5179706,BENIGN
443,5303674,8,7,355,4807,198,0,44.375,75.86442324,1460,0,686.7142857,661.2696662,973.2875739,2.82822813,378833.8571,1297016.775,4879896,1,5303674,757667.7143,1819841.338,4879896,1,171192,28532,50630.39779,125476,48,0,0,0,0,172,152,1.508388336,1.319839794,0,1460,322.625,536.3675201,287690.1167,0,0,0,1,0,0,0,0,0,344.1333333,44.375,686.7142857,172,0,0,0,0,0,0,8,355,7,4807,8192,946,3,20,0,0,0,0,0,0,0,0,BENIGN
443,5956440,8,6,586,2756,342,0,73.25,127.2396502,1380,0,459.3333333,683.5020605,561.0733928,2.350397217,458187.6923,1583407.523,5726944,3,5956440,850920,2150464.242,5726944,3,206453,41290.6,62780.16477,143455,209,0,0,0,0,172,128,1.343084124,1.007313093,0,1380,222.8,463.9469181,215246.7429,0,0,0,1,0,0,0,0,0,238.7142857,73.25,459.3333333,172,0,0,0,0,0,0,8,586,6,2756,8192,4673,3,20,229493,0,229493,229493,5726944,0,5726944,5726944,BENIGN
1348,3,2,0,0,0,0,0,0,0,0,0,0,0,0,666666.6667,3,0,3,3,3,3,0,3,3,0,0,0,0,0,0,0,0,0,40,0,666666.6667,0,0,0,0,0,0,0,0,0,0,1,0,0,0,0,0,0,0,40,0,0,0,0,0,0,2,0,0,0,4726,-1,0,20,0,0,0,0,0,0,0,0,BENIGN
1361,3,2,0,31,0,31,0,15.5,21.92031022,0,0,0,0,10300000,666666.6667,3,0,3,3,3,3,0,3,3,0,0,0,0,0,1,0,0,0,40,0,666666.6667,0,0,31,20.66666667,17.89785834,320.3333333,0,1,0,0,1,0,0,0,0,31,15.5,0,40,0,0,0,0,0,0,2,31,0,0,946,-1,0,20,0,0,0,0,0,0,0,0,BENIGN
80,37903,2,0,0,0,0,0,0,0,0,0,0,0,0,52.7662718,37903,0,37903,37903,37903,37903,0,37903,37903,0,0,0,0,0,0,0,0,0,40,0,52.7662718,0,0,0,0,0,0,0,0,0,0,1,0,0,0,0,0,0,0,40,0,0,0,0,0,0,2,0,0,0,256,-1,0,20,0,0,0,0,0,0,0,0,BENIGN
443,423434,6,7,319,5266,193,0,53.16666667,85.04684983,1336,0,752.2857143,689.5169116,13189.77692,30.70136078,35286.16667,36396.03386,86143,46,423434,84686.8,37022.43722,140141,38475,291354,48559,69770.9294,150829,46,0,0,0,0,132,152,14.16985882,16.53150196,0,1336,398.9285714,597.3819116,356865.1484,0,0,0,1,0,0,0,0,1,429.6153846,53.16666667,752.2857143,132,0,0,0,0,0,0,6,319,7,5266,8192,4220,2,20,0,0,0,0,0,0,0,0,BENIGN
135,10295955,11,6,656,560,168,0,59.63636364,82.78076193,172,0,93.33333333,77.75517132,118.1046343,1.651133868,643497.1875,2515542.325,10100000,1,10300000,1029595.5,3178821.547,10100000,1,677,135.4,145.4279891,336,1,0,0,0,0,244,144,1.068380738,0.58275313,0,172,67.55555556,79.70402767,6352.732026,0,0,0,1,0,0,0,0,0,71.52941176,59.63636364,93.33333333,244,0,0,0,0,0,0,11,656,6,560,8192,2052,4,20,0,0,0,0,0,0,0,0,BENIGN
49666,10294893,13,8,1434,1792,296,0,110.3076923,127.3881108,424,0,224,180.3108427,313.3592549,2.039846359,514744.65,2250618.764,10100000,1,10300000,857907.75,2903097.114,10100000,1,13983,1997.571429,4919.705508,13146,4,0,0,0,0,284,184,1.262762032,0.777084327,0,424,146.6363636,155.6640294,24231.29004,0,0,0,1,0,0,0,0,0,153.6190476,110.3076923,224,284,0,0,0,0,0,0,13,1434,8,1792,8192,2051,6,20,0,0,0,0,0,0,0,0,BENIGN
135,65,1,3,0,0,0,0,0,0,0,0,0,0,0,61538.46154,21.66666667,35.79571669,63,1,0,0,0,0,0,2,1,0,1,1,0,0,0,0,20,60,15384.61538,46153.84615,0,0,0,0,0,0,0,0,0,1,1,0,0,3,0,0,0,20,0,0,0,0,0,0,1,0,3,0,255,2052,0,20,0,0,0,0,0,0,0,0,BENIGN
49666,36,1,1,0,0,0,0,0,0,0,0,0,0,0,55555.55556,36,0,36,36,0,0,0,0,0,0,0,0,0,0,0,0,0,0,20,20,27777.77778,27777.77778,0,0,0,0,0,0,0,0,0,1,1,0,0,1,0,0,0,20,0,0,0,0,0,0,1,0,1,0,253,2051,0,20,0,0,0,0,0,0,0,0,BENIGN
80,218278,3,4,427,2267,427,0,142.3333333,246.5285649,2267,0,566.75,1133.5,12342.05921,32.06919616,36379.66667,61407.25058,158332,5,187790,93895,91127.67932,158332,29458,188878,62959.33333,108050.0215,187723,5,0,0,0,0,72,92,13.74394121,18.32525495,0,2267,336.75,794.1224717,630630.5,0,0,0,1,0,0,0,0,1,384.8571429,142.3333333,566.75,72,0,0,0,0,0,0,3,427,4,2267,8192,237,1,20,0,0,0,0,0,0,0,0,BENIGN
443,1056765,6,9,321,5738,195,0,53.5,85.70589245,2271,0,637.5555556,858.5187987,5733.535838,14.19426268,75483.21429,188565.0049,696150,3,360612,72122.4,105946.8209,259786,659,1028338,128542.25,242452.2609,696211,3,0,0,0,0,144,192,5.677705072,8.516557607,0,2271,378.6875,698.2914118,487610.8958,0,0,0,1,0,0,0,0,1,403.9333333,53.5,637.5555556,144,0,0,0,0,0,0,6,321,9,5738,8192,60,2,20,0,0,0,0,0,0,0,0,BENIGN
443,6386,2,0,0,0,0,0,0,0,0,0,0,0,0,313.1850924,6386,0,6386,6386,6386,6386,0,6386,6386,0,0,0,0,0,0,0,0,0,40,0,313.1850924,0,0,0,0,0,0,0,0,0,0,1,0,0,0,0,0,0,0,40,0,0,0,0,0,0,2,0,0,0,255,-1,0,20,0,0,0,0,0,0,0,0,BENIGN
123,66094298,2,2,96,96,48,48,48,0,48,48,48,0,2.904940453,0.060519593,22000000,38000000,65900000,93971,66000000,66000000,0,66000000,66000000,66000000,66000000,0,66000000,66000000,0,0,0,0,40,52,0.030259796,0.030259796,48,48,48,0,0,0,0,0,0,0,0,0,0,1,60,48,48,40,0,0,0,0,0,0,2,96,2,96,-1,-1,1,20,93971,0,93971,93971,65900000,0,65900000,65900000,BENIGN
80,49296,2,0,0,0,0,0,0,0,0,0,0,0,0,40.5712431,49296,0,49296,49296,49296,49296,0,49296,49296,0,0,0,0,0,0,0,0,0,40,0,40.5712431,0,0,0,0,0,0,0,0,0,0,1,0,0,0,0,0,0,0,40,0,0,0,0,0,0,2,0,0,0,256,-1,0,20,0,0,0,0,0,0,0,0,BENIGN
443,5477875,8,10,800,4694,481,0,100,170.9160195,1460,0,469.4,572.3901544,1002.94366,3.285945736,322227.9412,1143475.557,4749454,4,728417,104059.5714,124372.8586,290870,10090,5437917,604213,1650050.795,4999680,4,0,0,0,0,184,212,1.460420327,1.825525409,0,1460,289.1578947,462.3545132,213771.6959,0,0,0,1,0,0,0,0,1,305.2222222,100,469.4,184,0,0,0,0,0,0,8,800,10,4694,8192,62,3,20,0,0,0,0,0,0,0,0,BENIGN
443,2282,2,0,0,0,0,0,0,0,0,0,0,0,0,876.4241893,2282,0,2282,2282,2282,2282,0,2282,2282,0,0,0,0,0,0,0,0,0,40,0,876.4241893,0,0,0,0,0,0,0,0,0,0,1,0,0,0,0,0,0,0,40,0,0,0,0,0,0,2,0,0,0,252,-1,0,20,0,0,0,0,0,0,0,0,BENIGN
53,48796,1,1,101,165,101,101,101,0,165,165,165,0,5451.266497,40.98696614,48796,0,48796,48796,0,0,0,0,0,0,0,0,0,0,0,0,0,0,32,32,20.49348307,20.49348307,101,165,122.3333333,36.95041723,1365.333333,0,0,0,0,0,0,0,0,1,183.5,101,165,32,0,0,0,0,0,0,1,101,1,165,-1,-1,0,32,0,0,0,0,0,0,0,0,BENIGN
80,86025,3,5,425,2265,425,0,141.6666667,245.3738644,1460,0,453,662.1140385,31269.97966,92.99622203,12289.28571,15116.38654,29620,1,55746,27873,2054.852306,29326,26420,56828,14207,27976.0348,56169,1,0,0,0,0,72,112,34.87358326,58.12263877,0,1460,298.8888889,519.1626538,269529.8611,0,0,0,1,0,0,0,0,1,336.25,141.6666667,453,72,0,0,0,0,0,0,3,425,5,2265,8192,237,1,20,0,0,0,0,0,0,0,0,BENIGN
80,86356,4,4,425,2265,425,0,106.25,212.5,2265,0,566.25,1132.5,31150.12275,92.63977025,12336.57143,15084.69684,29720,4,86176,28725.33333,2369.073307,30657,26082,56923,18974.33333,31898.56505,55806,259,0,0,0,0,92,92,46.31988513,46.31988513,0,2265,298.8888889,750.569691,563354.8611,0,0,0,1,0,0,0,0,1,336.25,106.25,566.25,92,0,0,0,0,0,0,4,425,4,2265,8192,237,1,20,0,0,0,0,0,0,0,0,BENIGN
80,46473,2,0,0,0,0,0,0,0,0,0,0,0,0,43.03574118,46473,0,46473,46473,46473,46473,0,46473,46473,0,0,0,0,0,0,0,0,0,40,0,43.03574118,0,0,0,0,0,0,0,0,0,0,1,0,0,0,0,0,0,0,40,0,0,0,0,0,0,2,0,0,0,256,-1,0,20,0,0,0,0,0,0,0,0,BENIGN
80,45982,2,0,0,0,0,0,0,0,0,0,0,0,0,43.49528076,45982,0,45982,45982,45982,45982,0,45982,45982,0,0,0,0,0,0,0,0,0,40,0,43.49528076,0,0,0,0,0,0,0,0,0,0,1,0,0,0,0,0,0,0,40,0,0,0,0,0,0,2,0,0,0,256,-1,0,20,0,0,0,0,0,0,0,0,BENIGN
443,380211,10,8,526,5545,193,0,52.6,72.93558802,2282,0,693.125,890.5753257,15967.44965,47.34213371,22365.35294,35968.55245,132921,1,380211,42245.66667,40970.91494,132921,3,149485,21355,36249.47352,84683,1,0,0,0,0,212,172,26.30118539,21.04094832,0,2282,319.5263158,646.8276748,418386.0409,0,0,0,1,0,0,0,0,0,337.2777778,52.6,693.125,212,0,0,0,0,0,0,10,526,8,5545,8192,343,5,20,0,0,0,0,0,0,0,0,BENIGN
1507,44680,3,1,38,0,38,0,12.66666667,21.93931023,0,0,0,0,850.4923903,89.52551477,14893.33333,25693.88006,44562,3,44680,22340,31589.28834,44677,3,0,0,0,0,0,0,0,0,0,60,20,67.14413608,22.38137869,0,38,7.6,16.99411663,288.8,0,0,0,0,1,0,0,0,0,9.5,12.66666667,0,60,0,0,0,0,0,0,3,38,1,0,351,0,1,20,0,0,0,0,0,0,0,0,BENIGN
80,253957,3,4,427,2267,427,0,142.3333333,246.5285649,2267,0,566.75,1133.5,10608.09507,27.56372142,42326.16667,76011.25843,194793,5,223932,111966,117135.0667,194793,29139,224942,74980.66667,129127.1062,224083,5,0,0,0,0,72,92,11.81302346,15.75069795,0,2267,336.75,794.1224717,630630.5,0,0,0,1,0,0,0,0,1,384.8571429,142.3333333,566.75,72,0,0,0,0,0,0,3,427,4,2267,8192,237,1,20,0,0,0,0,0,0,0,0,BENIGN
80,34412,2,0,0,0,0,0,0,0,0,0,0,0,0,58.11926072,34412,0,34412,34412,34412,34412,0,34412,34412,0,0,0,0,0,0,0,0,0,40,0,58.11926072,0,0,0,0,0,0,0,0,0,0,1,0,0,0,0,0,0,0,40,0,0,0,0,0,0,2,0,0,0,256,-1,0,20,0,0,0,0,0,0,0,0,BENIGN
80,346895,3,5,427,2267,427,0,142.3333333,246.5285649,1460,0,453.4,662.3804043,7766.038715,23.06173338,49556.42857,105988.417,287945,1,317141,158570.5,182963.1725,287945,29196,317857,79464.25,158368.2478,317016,1,0,0,0,0,72,104,8.648150017,14.41358336,0,1460,299.3333333,519.4677565,269846.75,0,0,0,1,0,0,0,0,1,336.75,142.3333333,453.4,72,0,0,0,0,0,0,3,427,5,2267,8192,30016,1,20,0,0,0,0,0,0,0,0,BENIGN
80,24766,2,0,0,0,0,0,0,0,0,0,0,0,0,80.75587499,24766,0,24766,24766,24766,24766,0,24766,24766,0,0,0,0,0,0,0,0,0,40,0,80.75587499,0,0,0,0,0,0,0,0,0,0,1,0,0,0,0,0,0,0,40,0,0,0,0,0,0,2,0,0,0,64240,-1,0,20,0,0,0,0,0,0,0,0,BENIGN
80,79115,3,4,435,859,435,0,145,251.1473671,859,0,214.75,429.5,16355.93756,88.47879669,13185.83333,14619.88875,32280,4,55445,27722.5,6445.278311,32280,23165,56002,18667.33333,31873.983,55471,4,0,0,0,0,72,92,37.9194843,50.55931239,0,859,161.75,320.2234711,102543.0714,0,0,0,1,0,0,0,0,1,184.8571429,145,214.75,72,0,0,0,0,0,0,3,435,4,859,8192,31,1,20,0,0,0,0,0,0,0,0,BENIGN
80,142463,3,4,435,859,435,0,145,251.1473671,859,0,214.75,429.5,9083.060163,49.13556502,23743.83333,36920.05058,95491,1,118806,59403,51036.13904,95491,23315,119151,39717,68351.52508,118642,1,0,0,0,0,72,92,21.0580993,28.07746573,0,859,161.75,320.2234711,102543.0714,0,0,0,1,0,0,0,0,1,184.8571429,145,214.75,72,0,0,0,0,0,0,3,435,4,859,8192,31,1,20,0,0,0,0,0,0,0,0,BENIGN
80,143783,3,4,435,859,435,0,145,251.1473671,859,0,214.75,429.5,8999.673119,48.68447591,23963.83333,37342.74282,96551,3,119976,59988,51707.89048,96551,23425,120454,40151.33333,69265.46935,120132,3,0,0,0,0,72,92,20.86477539,27.81970052,0,859,161.75,320.2234711,102543.0714,0,0,0,1,0,0,0,0,1,184.8571429,145,214.75,72,0,0,0,0,0,0,3,435,4,859,8192,31,1,20,0,0,0,0,0,0,0,0,BENIGN
80,89946,2,0,0,0,0,0,0,0,0,0,0,0,0,22.23556356,89946,0,89946,89946,89946,89946,0,89946,89946,0,0,0,0,0,0,0,0,0,40,0,22.23556356,0,0,0,0,0,0,0,0,0,0,1,0,0,0,0,0,0,0,40,0,0,0,0,0,0,2,0,0,0,253,-1,0,20,0,0,0,0,0,0,0,0,BENIGN
443,5343552,8,6,596,2794,342,0,74.5,128.6034881,1400,0,465.6666667,665.9899899,634.4094715,2.619980118,411042.4615,1382452.318,5010476,11,5343552,763364.5714,1873574.448,5010476,46,298050,59610,57941.68477,132320,210,0,0,0,0,184,128,1.497131496,1.122848622,0,1400,226,456.1343787,208058.5714,0,0,0,1,0,0,0,0,0,242.1428571,74.5,465.6666667,184,0,0,0,0,0,0,8,596,6,2794,8192,11256,3,20,333030,0,333030,333030,5010476,0,5010476,5010476,BENIGN
443,5378336,8,6,586,4026,342,0,73.25,127.2396502,1460,0,671,725.3054529,857.5142944,2.603035586,413718.1538,1375817.531,4986684,4,5378336,768333.7143,1862845.689,4986684,4,105248,21049.6,28161.46407,60417,49,0,0,0,0,172,128,1.487448906,1.11558668,0,1460,307.4666667,539.1795178,290714.5524,0,0,0,1,0,0,0,0,0,329.4285714,73.25,671,172,0,0,0,0,0,0,8,586,6,4026,8192,4913,3,20,0,0,0,0,0,0,0,0,BENIGN
443,5248828,8,7,461,3690,214,0,57.625,92.33160347,1380,0,527.1428571,658.3176611,790.843213,2.857780823,374916.2857,1217703.889,4598786,4,5248828,749832.5714,1700825.522,4598786,4,309256,51542.66667,79060.85422,175404,49,0,0,0,0,172,148,1.524149772,1.333631051,0,1380,259.4375,486.8104311,236984.3958,0,0,0,1,0,0,0,0,0,276.7333333,57.625,527.1428571,172,0,0,0,0,0,0,8,461,7,3690,8192,4548,3,20,0,0,0,0,0,0,0,0,BENIGN
443,5465296,9,7,587,4490,342,0,65.22222222,121.6303599,1460,0,641.4285714,766.1196289,928.95243,2.927563301,364353.0667,1307867.235,5087066,1,5465296,683162,1781875.179,5087066,3,102815,17135.83333,25774.22924,57923,1,0,0,0,0,192,144,1.646754357,1.280808944,0,1460,298.6470588,561.3630667,315128.4926,0,0,0,1,0,0,0,0,0,317.3125,65.22222222,641.4285714,192,0,0,0,0,0,0,9,587,7,4490,8192,34962,3,20,378227,0,378227,378227,5087066,0,5087066,5087066,BENIGN
443,5550019,8,7,351,5299,194,0,43.875,74.71170782,1460,0,757,702.9151205,1018.014533,2.70269345,396429.9286,1338356.998,5042199,3,5550019,792859.8571,1876142.788,5042199,3,226660,37776.66667,58170.06742,124608,50,0,0,0,0,172,152,1.441436507,1.261256943,0,1460,353.125,579.3788484,335679.85,0,0,0,1,0,0,0,0,0,376.6666667,43.875,757,172,0,0,0,0,0,0,8,351,7,5299,8192,110,3,20,507817,0,507817,507817,5042199,0,5042199,5042199,BENIGN
443,5550000,9,6,354,3125,197,0,39.33333333,72.21668782,1563,0,520.8333333,768.3966207,626.8468468,2.702702703,396428.5714,1356594.063,5105772,4,5550000,693750,1784726.401,5105772,4,393829,78765.8,102246.5475,249972,220,0,0,0,0,204,132,1.621621622,1.081081081,0,1563,217.4375,508.524135,258596.7958,0,0,0,1,0,0,0,0,0,231.9333333,39.33333333,520.8333333,204,0,0,0,0,0,0,9,354,6,3125,8192,110,3,20,444224,0,444224,444224,5105772,0,5105772,5105772,BENIGN
80,5702624,3,1,0,0,0,0,0,0,0,0,0,0,0,0.701431481,1900874.667,3272294.124,5679371,97,5702624,2851312,3999479.393,5679371,23253,0,0,0,0,0,0,0,0,0,72,32,0.526073611,0.17535787,0,0,0,0,0,0,0,0,1,0,0,0,0,0,0,0,0,72,0,0,0,0,0,0,3,0,1,0,8192,29200,0,20,0,0,0,0,0,0,0,0,BENIGN
80,5700412,3,1,0,0,0,0,0,0,0,0,0,0,0,0.701703666,1900137.333,3270847.011,5676962,31,5700412,2850206,3997636.673,5676962,23450,0,0,0,0,0,0,0,0,0,72,32,0.52627775,0.175425917,0,0,0,0,0,0,0,0,1,0,0,0,0,0,0,0,0,72,0,0,0,0,0,0,3,0,1,0,8192,29200,0,20,0,0,0,0,0,0,0,0,BENIGN
443,5970205,8,8,455,5040,214,0,56.875,91.08149804,1460,0,630,713.8877463,920.4039057,2.679974976,398013.6667,1397035.6,5441523,4,5970205,852886.4286,2025916.729,5441523,4,232375,33196.42857,54601.995,149570,47,0,0,0,0,172,168,1.339987488,1.339987488,0,1460,323.2352941,561.828547,315651.3162,0,0,0,1,0,0,0,0,1,343.4375,56.875,630,172,0,0,0,0,0,0,8,455,8,5040,8192,4782,3,20,528678,0,528678,528678,5441523,0,5441523,5441523,BENIGN
443,6092788,8,8,346,4533,189,0,43.25,73.28369532,1460,0,566.625,675.6046895,800.7828272,2.626055592,406185.8667,1447923.626,5637603,1,6092788,870398.2857,2103079.468,5637603,48,404432,57776,73659.90268,155582,1,0,0,0,0,184,172,1.313027796,1.313027796,0,1460,287,525.3503593,275993,0,0,0,1,0,0,0,0,1,304.9375,43.25,566.625,184,0,0,0,0,0,0,8,346,8,4533,8192,75,3,20,455137,0,455137,455137,5637603,0,5637603,5637603,BENIGN
443,5703291,8,6,356,3088,199,0,44.5,76.15397935,1526,0,514.6666667,758.4441091,603.8618755,2.454723071,438714.6923,1421854.476,5164982,3,5703291,814755.8571,1921004.808,5164982,3,487634,97526.8,109983.9662,250339,223,0,0,0,0,184,132,1.402698898,1.052024173,0,1526,229.6,516.2483898,266512.4,0,0,0,1,0,0,0,0,0,246,44.5,514.6666667,184,0,0,0,0,0,0,8,356,6,3088,8192,119,3,20,538306,0,538306,538306,5164982,0,5164982,5164982,BENIGN
1386,5,2,0,0,0,0,0,0,0,0,0,0,0,0,400000,5,0,5,5,5,5,0,5,5,0,0,0,0,0,0,0,0,0,40,0,400000,0,0,0,0,0,0,0,0,0,0,1,0,0,0,0,0,0,0,40,0,0,0,0,0,0,2,0,0,0,4966,-1,0,20,0,0,0,0,0,0,0,0,BENIGN
1365,3,2,0,0,0,0,0,0,0,0,0,0,0,0,666666.6667,3,0,3,3,3,3,0,3,3,0,0,0,0,0,0,0,0,0,40,0,666666.6667,0,0,0,0,0,0,0,0,0,0,1,0,0,0,0,0,0,0,40,0,0,0,0,0,0,2,0,0,0,4835,-1,0,20,0,0,0,0,0,0,0,0,BENIGN
80,39621,2,0,0,0,0,0,0,0,0,0,0,0,0,50.47828172,39621,0,39621,39621,39621,39621,0,39621,39621,0,0,0,0,0,0,0,0,0,40,0,50.47828172,0,0,0,0,0,0,0,0,0,0,1,0,0,0,0,0,0,0,40,0,0,0,0,0,0,2,0,0,0,253,-1,0,20,0,0,0,0,0,0,0,0,BENIGN
80,40254,2,0,0,0,0,0,0,0,0,0,0,0,0,49.6845034,40254,0,40254,40254,40254,40254,0,40254,40254,0,0,0,0,0,0,0,0,0,40,0,49.6845034,0,0,0,0,0,0,0,0,0,0,1,0,0,0,0,0,0,0,40,0,0,0,0,0,0,2,0,0,0,253,-1,0,20,0,0,0,0,0,0,0,0,BENIGN
1380,3,2,0,0,0,0,0,0,0,0,0,0,0,0,666666.6667,3,0,3,3,3,3,0,3,3,0,0,0,0,0,0,0,0,0,40,0,666666.6667,0,0,0,0,0,0,0,0,0,0,1,0,0,0,0,0,0,0,40,0,0,0,0,0,0,2,0,0,0,34909,-1,0,20,0,0,0,0,0,0,0,0,BENIGN
1379,3,2,0,31,0,31,0,15.5,21.92031022,0,0,0,0,10300000,666666.6667,3,0,3,3,3,3,0,3,3,0,0,0,0,0,1,0,0,0,40,0,666666.6667,0,0,31,20.66666667,17.89785834,320.3333333,0,1,0,0,1,0,0,0,0,31,15.5,0,40,0,0,0,0,0,0,2,31,0,0,110,-1,0,20,0,0,0,0,0,0,0,0,BENIGN
1362,3,2,0,31,0,31,0,15.5,21.92031022,0,0,0,0,10300000,666666.6667,3,0,3,3,3,3,0,3,3,0,0,0,0,0,1,0,0,0,40,0,666666.6667,0,0,31,20.66666667,17.89785834,320.3333333,0,1,0,0,1,0,0,0,0,31,15.5,0,40,0,0,0,0,0,0,2,31,0,0,75,-1,0,20,0,0,0,0,0,0,0,0,BENIGN
1372,4,2,0,31,0,31,0,15.5,21.92031022,0,0,0,0,7750000,500000,4,0,4,4,4,4,0,4,4,0,0,0,0,0,1,0,0,0,40,0,500000,0,0,31,20.66666667,17.89785834,320.3333333,0,1,0,0,1,0,0,0,0,31,15.5,0,40,0,0,0,0,0,0,2,31,0,0,119,-1,0,20,0,0,0,0,0,0,0,0,BENIGN
1378,48,2,0,31,0,31,0,15.5,21.92031022,0,0,0,0,645833.3333,41666.66667,48,0,48,48,48,48,0,48,48,0,0,0,0,0,1,0,0,0,40,0,41666.66667,0,0,31,20.66666667,17.89785834,320.3333333,0,1,0,0,1,0,0,0,0,31,15.5,0,40,0,0,0,0,0,0,2,31,0,0,110,-1,0,20,0,0,0,0,0,0,0,0,BENIGN
80,85115,3,4,435,859,435,0,145,251.1473671,859,0,214.75,429.5,15202.9607,82.24167303,14185.83333,16041.92856,36774,4,60213,30106.5,9429.268927,36774,23439,61745,20581.66667,35215.47638,61244,4,0,0,0,0,72,92,35.2464313,46.99524173,0,859,161.75,320.2234711,102543.0714,0,0,0,1,0,0,0,0,1,184.8571429,145,214.75,72,0,0,0,0,0,0,3,435,4,859,8192,31,1,20,0,0,0,0,0,0,0,0,BENIGN
1393,48,2,0,0,0,0,0,0,0,0,0,0,0,0,41666.66667,48,0,48,48,48,48,0,48,48,0,0,0,0,0,0,0,0,0,40,0,41666.66667,0,0,0,0,0,0,0,0,0,0,1,0,0,0,0,0,0,0,40,0,0,0,0,0,0,2,0,0,0,4601,-1,0,20,0,0,0,0,0,0,0,0,BENIGN
80,33366,2,0,0,0,0,0,0,0,0,0,0,0,0,59.94125757,33366,0,33366,33366,33366,33366,0,33366,33366,0,0,0,0,0,0,0,0,0,40,0,59.94125757,0,0,0,0,0,0,0,0,0,0,1,0,0,0,0,0,0,0,40,0,0,0,0,0,0,2,0,0,0,253,-1,0,20,0,0,0,0,0,0,0,0,BENIGN
443,391123,11,7,557,6266,191,0,50.63636364,73.34749175,2920,0,895.1428571,1121.817042,17444.64018,46.02132833,23007.23529,37112.15072,126952,3,391123,39112.3,42169.60264,126952,3,168663,28110.5,43515.27636,96016,4,0,0,0,0,232,152,28.12414509,17.89718324,0,2920,359.1052632,774.2965908,599535.2105,0,0,0,1,0,0,0,0,0,379.0555556,50.63636364,895.1428571,232,0,0,0,0,0,0,11,557,7,6266,8192,60,5,20,0,0,0,0,0,0,0,0,BENIGN
443,526481,6,7,922,3492,389,0,153.6666667,180.6019564,1460,0,498.8571429,585.2265739,8383.968272,24.6922491,43873.41667,49412.43661,109651,3,416827,83365.4,67940.82737,177068,12644,423754,70625.66667,80402.16009,181804,3,0,0,0,0,132,152,11.39642266,13.29582644,0,1460,315.2857143,456.5796634,208464.989,0,0,0,1,0,0,0,0,1,339.5384615,153.6666667,498.8571429,132,0,0,0,0,0,0,6,922,7,3492,8192,64,3,20,0,0,0,0,0,0,0,0,BENIGN
443,16526,2,0,0,0,0,0,0,0,0,0,0,0,0,121.0214208,16526,0,16526,16526,16526,16526,0,16526,16526,0,0,0,0,0,0,0,0,0,40,0,121.0214208,0,0,0,0,0,0,0,0,0,0,1,0,0,0,0,0,0,0,40,0,0,0,0,0,0,2,0,0,0,253,-1,0,20,0,0,0,0,0,0,0,0,BENIGN
1523,30247,3,1,38,0,38,0,12.66666667,21.93931023,0,0,0,0,1256.322941,132.2445201,10082.33333,17404.25147,30179,3,30247,15123.5,21383.61617,30244,3,0,0,0,0,0,0,0,0,0,60,20,99.18339009,33.06113003,0,38,7.6,16.99411663,288.8,0,0,0,0,1,0,0,0,0,9.5,12.66666667,0,60,0,0,0,0,0,0,3,38,1,0,62,0,1,20,0,0,0,0,0,0,0,0,BENIGN
443,111291518,261,364,7192,547919,1366,0,27.55555556,165.9994954,4254,0,1505.271978,588.4727773,4987.900336,5.615881706,178351.7917,1310269.032,10000000,0,111000000,427904.5038,2011192.385,10100000,1,111000000,306487.7548,1715177.091,10100000,1,0,0,0,0,8360,11656,2.345192201,3.270689506,0,4254,886.7587859,863.0988194,744939.5721,0,0,0,1,0,0,0,0,1,888.1776,27.55555556,1505.271978,8360,0,0,0,0,0,0,261,7192,364,547919,29200,481,9,32,163804,253011.8495,748147,36279,9950302.455,122085.5511,10000000,9679583,BENIGN
443,110441946,120,260,6896,373799,1301,0,57.46666667,237.9846734,4030,0,1437.688462,550.4343661,3447.014597,3.440721698,291403.5515,1661617.059,10000000,0,110000000,927773.5546,2880702.639,10000000,1,110000000,426274.9305,2006935.244,10100000,1,0,0,0,0,3848,8328,1.086543694,2.354178004,0,4030,999.1994751,799.0514489,638483.218,0,0,0,1,0,0,0,0,2,1001.828947,57.46666667,1437.688462,3848,0,0,0,0,0,0,120,6896,260,373799,29200,465,8,32,151219.3636,218826.2394,614035,36591,9885603.636,264728.932,10000000,9324217,BENIGN
5353,19,12,0,540,0,45,45,45,0,0,0,0,0,28400000,631578.9474,1.727272727,1.190874392,5,1,19,1.727272727,1.190874392,5,1,0,0,0,0,0,0,0,0,0,384,0,631578.9474,0,45,45,45,0,0,0,0,0,0,0,0,0,0,0,48.75,45,0,384,0,0,0,0,0,0,12,540,0,0,-1,-1,11,32,0,0,0,0,0,0,0,0,BENIGN
443,5468455,8,10,750,4645,434,0,93.75,155.847682,1460,0,464.5,565.3420302,986.567504,3.29160613,321673.8235,1142994.418,4750154,3,718298,102614,93372.24937,256158,9759,5428202,603133.5556,1558325.926,4750177,3,0,0,0,0,184,212,1.462936058,1.828670072,0,1460,283.9473684,455.981417,207919.0526,0,0,0,1,0,0,0,0,1,299.7222222,93.75,464.5,184,0,0,0,0,0,0,8,750,10,4645,8192,62,3,20,0,0,0,0,0,0,0,0,BENIGN
443,256,2,0,0,0,0,0,0,0,0,0,0,0,0,7812.5,256,0,256,256,256,256,0,256,256,0,0,0,0,0,0,0,0,0,40,0,7812.5,0,0,0,0,0,0,0,0,0,0,1,0,0,0,0,0,0,0,40,0,0,0,0,0,0,2,0,0,0,253,-1,0,20,0,0,0,0,0,0,0,0,BENIGN
443,6621069,10,11,1172,5776,473,0,117.2,177.6061811,1460,0,525.0909091,543.1357942,1049.377374,3.171693272,331053.45,1051599.474,4706111,17,6621043,735671.4444,1516102.961,4706275,38722,6582436,658243.6,1553901.493,5000471,49,0,0,0,0,224,232,1.510330129,1.661363142,0,1460,315.8181818,447.7371291,200468.5368,0,0,0,1,0,0,0,0,1,330.8571429,117.2,525.0909091,224,0,0,0,0,0,0,10,1172,11,5776,8192,64,4,20,0,0,0,0,0,0,0,0,BENIGN
80,58112,3,4,435,859,435,0,145,251.1473671,859,0,214.75,429.5,22267.34581,120.4570485,9685.333333,11283.46244,23394,2,34151,17075.5,8750.446417,23263,10888,35020,11673.33333,19729.77831,34453,2,0,0,0,0,72,92,51.62444934,68.83259912,0,859,161.75,320.2234711,102543.0714,0,0,0,1,0,0,0,0,1,184.8571429,145,214.75,72,0,0,0,0,0,0,3,435,4,859,8192,31,1,20,0,0,0,0,0,0,0,0,BENIGN
80,18134,2,0,0,0,0,0,0,0,0,0,0,0,0,110.2900629,18134,0,18134,18134,18134,18134,0,18134,18134,0,0,0,0,0,0,0,0,0,40,0,110.2900629,0,0,0,0,0,0,0,0,0,0,1,0,0,0,0,0,0,0,40,0,0,0,0,0,0,2,0,0,0,253,-1,0,20,0,0,0,0,0,0,0,0,BENIGN
443,119925579,54,45,8073,40539,927,0,149.5,328.0656716,1418,0,900.8666667,605.3360299,405.3513888,0.825511962,1223730.398,3131307.882,10000000,1,120000000,2262746.774,4001636.778,10000000,1,120000000,2724732.318,4261650.866,10000000,1,0,0,0,0,1736,1448,0.450279252,0.37523271,0,1418,486.12,602.3783884,362859.7228,0,0,0,1,0,0,0,0,0,491.030303,149.5,900.8666667,1736,0,0,0,0,0,0,54,8073,45,40539,29200,528,11,32,491630.4167,823808.5512,1913949,36630,9497496.917,925503.9866,10000000,7935746,BENIGN
80,67023,3,4,435,859,435,0,145,251.1473671,859,0,214.75,429.5,19306.80513,104.4417588,11170.5,12118.67832,23374,3,43283,21641.5,2336.987912,23294,19989,43851,14617,25001.06934,43485,3,0,0,0,0,72,92,44.76075377,59.68100503,0,859,161.75,320.2234711,102543.0714,0,0,0,1,0,0,0,0,1,184.8571429,145,214.75,72,0,0,0,0,0,0,3,435,4,859,8192,31,1,20,0,0,0,0,0,0,0,0,BENIGN
80,19865,2,0,0,0,0,0,0,0,0,0,0,0,0,100.6795872,19865,0,19865,19865,19865,19865,0,19865,19865,0,0,0,0,0,0,0,0,0,40,0,100.6795872,0,0,0,0,0,0,0,0,0,0,1,0,0,0,0,0,0,0,40,0,0,0,0,0,0,2,0,0,0,253,-1,0,20,0,0,0,0,0,0,0,0,BENIGN
443,5215849,9,8,350,5315,193,0,38.88888889,71.12918607,1460,0,664.375,693.6357499,1086.112731,3.259296809,325990.5625,1170734.16,4709873,3,5215849,651981.125,1642565.978,4709873,3,455221,65031.57143,95371.26425,251207,48,0,0,0,0,204,172,1.725510075,1.533786733,0,1460,314.7222222,551.4820466,304132.4477,0,0,0,1,0,0,0,0,0,333.2352941,38.88888889,664.375,204,0,0,0,0,0,0,9,350,8,5315,8192,110,3,20,0,0,0,0,0,0,0,0,BENIGN
443,5988565,8,6,354,3677,197,0,44.25,75.57541172,1460,0,612.8333333,683.1692079,673.1161806,2.337788769,460658.8462,1464802.891,5324019,3,5988565,855509.2857,1974598.108,5324019,3,409617,81923.4,150120.3701,346549,48,0,0,0,0,172,132,1.335879297,1.001909472,0,1460,268.7333333,504.2229477,254240.781,0,0,0,1,0,0,0,0,0,287.9285714,44.25,612.8333333,172,0,0,0,0,0,0,8,354,6,3677,8192,946,3,20,664543,0,664543,664543,5324019,0,5324019,5324019,BENIGN
443,6067932,6,4,599,152,517,0,99.83333333,205.4511296,152,0,38,76,123.7653949,1.648007921,674214.6667,1838678.958,5574285,3,6067932,1213586.4,2511527.13,5704920,3,406052,135350.6667,133152.1274,266194,4,0,0,0,0,132,92,0.988804753,0.659203168,0,517,68.27272727,155.7825991,24268.21818,0,0,0,1,0,0,0,0,0,75.1,99.83333333,38,132,0,0,0,0,0,0,6,599,4,152,8192,232,3,20,493644,0,493644,493644,5574285,0,5574285,5574285,BENIGN
443,6067946,7,4,325,138,229,0,46.42857143,83.86667424,85,0,34.5,41.92453538,76.3025907,1.812804531,606794.6,1834306.234,5826351,3,6067946,1011324.333,2370839.251,5850111,3,217752,72584,68787.94459,138705,1408,0,0,0,0,152,84,1.153602883,0.659201647,0,229,38.58333333,67.05555137,4496.44697,0,0,0,1,0,0,0,0,0,42.09090909,46.42857143,34.5,152,0,0,0,0,0,0,7,325,4,138,8192,35171,3,20,241592,0,241592,241592,5826351,0,5826351,5826351,BENIGN
443,6102485,9,6,359,3125,202,0,39.88888889,73.58743854,1563,0,520.8333333,768.3966207,570.9149633,2.458015055,435891.7857,1473485.339,5551161,39,6102485,762810.625,1936571.073,5551161,49,499638,99927.6,108554.8938,247926,256,0,0,0,0,192,124,1.474809033,0.983206022,0,1563,217.75,508.5122745,258584.7333,0,0,0,1,0,0,0,0,0,232.2666667,39.88888889,520.8333333,192,0,0,0,0,0,0,9,359,6,3125,8192,30016,3,20,551275,0,551275,551275,5551161,0,5551161,5551161,BENIGN
443,5386607,9,9,355,3009,198,0,39.44444444,72.48984603,1432,0,334.3333333,542.1063088,624.511868,3.341621173,316859.2353,1224635.502,5067468,3,5386607,673325.875,1775855.07,5067468,49,268470,33558.75,63911.35957,164451,3,0,0,0,0,192,192,1.670810586,1.670810586,0,1432,177.0526316,395.6344376,156526.6082,0,0,0,1,0,0,0,0,1,186.8888889,39.44444444,334.3333333,192,0,0,0,0,0,0,9,355,9,3009,8192,62,3,20,319090,0,319090,319090,5067468,0,5067468,5067468,BENIGN
1401,3,2,0,31,0,31,0,15.5,21.92031022,0,0,0,0,10300000,666666.6667,3,0,3,3,3,3,0,3,3,0,0,0,0,0,1,0,0,0,40,0,666666.6667,0,0,31,20.66666667,17.89785834,320.3333333,0,1,0,0,1,0,0,0,0,31,15.5,0,40,0,0,0,0,0,0,2,31,0,0,946,-1,0,20,0,0,0,0,0,0,0,0,BENIGN
1400,4,2,0,0,0,0,0,0,0,0,0,0,0,0,500000,4,0,4,4,4,4,0,4,4,0,0,0,0,0,0,0,0,0,40,0,500000,0,0,0,0,0,0,0,0,0,0,1,0,0,0,0,0,0,0,40,0,0,0,0,0,0,2,0,0,0,35134,-1,0,20,0,0,0,0,0,0,0,0,BENIGN
1365,1000263,2,0,0,0,0,0,0,0,0,0,0,0,0,1.999474138,1000263,0,1000263,1000263,1000263,1000263,0,1000263,1000263,0,0,0,0,0,0,0,0,0,40,0,1.999474138,0,0,0,0,0,0,0,0,0,0,1,0,0,0,0,0,0,0,40,0,0,0,0,0,0,2,0,0,0,4835,-1,0,20,0,0,0,0,0,0,0,0,BENIGN
1420,4,2,0,31,0,31,0,15.5,21.92031022,0,0,0,0,7750000,500000,4,0,4,4,4,4,0,4,4,0,0,0,0,0,1,0,0,0,40,0,500000,0,0,31,20.66666667,17.89785834,320.3333333,0,1,0,0,1,0,0,0,0,31,15.5,0,40,0,0,0,0,0,0,2,31,0,0,110,-1,0,20,0,0,0,0,0,0,0,0,BENIGN
1395,3,2,0,31,0,31,0,15.5,21.92031022,0,0,0,0,10300000,666666.6667,3,0,3,3,3,3,0,3,3,0,0,0,0,0,1,0,0,0,40,0,666666.6667,0,0,31,20.66666667,17.89785834,320.3333333,0,1,0,0,1,0,0,0,0,31,15.5,0,40,0,0,0,0,0,0,2,31,0,0,30016,-1,0,20,0,0,0,0,0,0,0,0,BENIGN
1417,3,2,0,31,0,31,0,15.5,21.92031022,0,0,0,0,10300000,666666.6667,3,0,3,3,3,3,0,3,3,0,0,0,0,0,1,0,0,0,40,0,666666.6667,0,0,31,20.66666667,17.89785834,320.3333333,0,1,0,0,1,0,0,0,0,31,15.5,0,40,0,0,0,0,0,0,2,31,0,0,62,-1,0,20,0,0,0,0,0,0,0,0,BENIGN
443,110550781,137,177,1549,231164,517,0,11.30656934,72.01210703,2836,0,1306.011299,417.2755111,2105.032618,2.84032367,353197.3834,1839298.659,10000000,0,111000000,812602.7794,2737068.522,10000000,1,111000000,627918.2898,2431722.49,10100000,1,0,0,0,0,4392,5672,1.239249499,1.601074171,0,2836,738.7714286,716.833033,513849.5973,0,0,0,1,0,0,0,0,1,741.1242038,11.30656934,1306.011299,4392,0,0,0,0,0,0,137,1549,177,231164,29200,357,4,32,72171.18182,80632.36533,270963,36565,9974554.091,104799.5889,10000000,9661992,BENIGN
1399,215,2,0,0,0,0,0,0,0,0,0,0,0,0,9302.325581,215,0,215,215,215,215,0,215,215,0,0,0,0,0,0,0,0,0,40,0,9302.325581,0,0,0,0,0,0,0,0,0,0,1,0,0,0,0,0,0,0,40,0,0,0,0,0,0,2,0,0,0,232,-1,0,20,0,0,0,0,0,0,0,0,BENIGN
443,43135,4,1,184,0,184,0,46,92,0,0,0,0,4265.677524,115.9151501,10783.75,17425.82083,36738,81,43135,14378.33333,19517.64456,36819,1355,0,0,0,0,0,0,0,0,0,136,40,92.73212009,23.18303002,0,184,30.66666667,75.11768545,5642.666667,0,0,0,1,0,0,0,0,0,36.8,46,0,136,0,0,0,0,0,0,4,184,1,0,29200,42408,1,32,0,0,0,0,0,0,0,0,BENIGN
46980,14046,5,2,4170,0,1418,0,834,762.1062918,0,0,0,0,296881.6745,498.3625231,2341,5604.237575,13780,1,14046,3511.5,6846.294983,13780,1,204,204,0,204,204,0,0,0,0,160,40,355.9732308,142.3892923,0,1418,521.25,719.8602543,518198.7857,0,0,0,0,1,0,0,0,0,595.7142857,834,0,160,0,0,0,0,0,0,5,4170,2,0,340,0,3,32,0,0,0,0,0,0,0,0,BENIGN
80,857257,3,4,435,859,435,0,145,251.1473671,859,0,214.75,429.5,1509.465656,8.165579284,142876.1667,327057.3697,810083,11,833546,416773,556224.3362,810083,23463,833945,277981.6667,480993.4712,833385,11,0,0,0,0,72,92,3.499533979,4.666045305,0,859,161.75,320.2234711,102543.0714,0,0,0,1,0,0,0,0,1,184.8571429,145,214.75,72,0,0,0,0,0,0,3,435,4,859,8192,31,1,20,0,0,0,0,0,0,0,0,BENIGN
80,37718,2,0,0,0,0,0,0,0,0,0,0,0,0,53.02508086,37718,0,37718,37718,37718,37718,0,37718,37718,0,0,0,0,0,0,0,0,0,40,0,53.02508086,0,0,0,0,0,0,0,0,0,0,1,0,0,0,0,0,0,0,40,0,0,0,0,0,0,2,0,0,0,253,-1,0,20,0,0,0,0,0,0,0,0,BENIGN
80,87194,3,4,426,2266,426,0,142,245.9512147,2266,0,566.5,1133,30873.68397,80.28075326,14532.33333,15592.04352,29118,4,57323,28661.5,685.186471,29146,28177,58206,19402,32955.23793,57453,4,0,0,0,0,72,92,34.40603711,45.87471615,0,2266,336.5,793.7590494,630053.4286,0,0,0,1,0,0,0,0,1,384.5714286,142,566.5,72,0,0,0,0,0,0,3,426,4,2266,8192,237,1,20,0,0,0,0,0,0,0,0,BENIGN
80,87361,3,5,426,2266,426,0,142,245.9512147,1460,0,453.2,662.2470838,30814.66558,91.57404334,12480.14286,15244.47059,29156,1,57149,28574.5,801.1519831,29141,28008,58219,14554.75,28409.06177,57163,1,0,0,0,0,72,112,34.34026625,57.23377709,0,1460,299.1111111,519.3150403,269688.1111,0,0,0,1,0,0,0,0,1,336.5,142,453.2,72,0,0,0,0,0,0,3,426,5,2266,8192,237,1,20,0,0,0,0,0,0,0,0,BENIGN
443,4262132,8,10,319,6745,193,0,39.875,75.9745023,1609,0,674.5,715.72407,1657.386491,4.223238511,250713.6471,903723.9562,3749331,2,4262083,608869,1388514.621,3749490,195,4211302,467922.4444,1233600.814,3749334,4,0,0,0,0,184,212,1.876994894,2.346243617,0,1609,371.7894737,604.9175866,365925.2865,0,0,0,1,0,0,0,0,1,392.4444444,39.875,674.5,184,0,0,0,0,0,0,8,319,10,6745,8192,219,2,20,0,0,0,0,0,0,0,0,BENIGN
80,64008,2,0,0,0,0,0,0,0,0,0,0,0,0,31.24609424,64008,0,64008,64008,64008,64008,0,64008,64008,0,0,0,0,0,0,0,0,0,40,0,31.24609424,0,0,0,0,0,0,0,0,0,0,1,0,0,0,0,0,0,0,40,0,0,0,0,0,0,2,0,0,0,256,-1,0,20,0,0,0,0,0,0,0,0,BENIGN
80,63764,2,0,0,0,0,0,0,0,0,0,0,0,0,31.36566087,63764,0,63764,63764,63764,63764,0,63764,63764,0,0,0,0,0,0,0,0,0,40,0,31.36566087,0,0,0,0,0,0,0,0,0,0,1,0,0,0,0,0,0,0,40,0,0,0,0,0,0,2,0,0,0,256,-1,0,20,0,0,0,0,0,0,0,0,BENIGN
443,4322013,8,8,748,7012,429,0,93.5,154.5629784,3069,0,876.5,1079.548054,1795.459662,3.701978684,288134.2,970785.6646,3791966,4,530043,75720.42857,90358.10881,261104,383,4271257,610179.5714,1495752.937,4000475,4,0,0,0,0,172,172,1.850989342,1.850989342,0,3069,456.4705882,829.1162552,687433.7647,0,0,0,1,0,0,0,0,1,485,93.5,876.5,172,0,0,0,0,0,0,8,748,8,7012,8192,227,3,20,0,0,0,0,0,0,0,0,BENIGN
443,202,2,0,0,0,0,0,0,0,0,0,0,0,0,9900.990099,202,0,202,202,202,202,0,202,202,0,0,0,0,0,0,0,0,0,40,0,9900.990099,0,0,0,0,0,0,0,0,0,0,1,0,0,0,0,0,0,0,40,0,0,0,0,0,0,2,0,0,0,252,-1,0,20,0,0,0,0,0,0,0,0,BENIGN
53,120753,1,1,60,131,60,60,60,0,131,131,131,0,1581.74124,16.5627355,120753,0,120753,120753,0,0,0,0,0,0,0,0,0,0,0,0,0,0,20,20,8.281367751,8.281367751,60,131,83.66666667,40.99186911,1680.333333,0,0,0,0,0,0,0,0,1,125.5,60,131,20,0,0,0,0,0,0,1,60,1,131,-1,-1,0,20,0,0,0,0,0,0,0,0,BENIGN
443,5323521,9,9,358,6466,201,0,39.77777778,73.31230759,1460,0,718.4444444,652.822164,1281.858379,3.381220812,313148.2941,1184410.418,4902944,3,5323521,665440.125,1714959.646,4902944,3,387914,48489.25,90270.41225,261907,48,0,0,0,0,204,192,1.690610406,1.690610406,0,1460,359.1578947,560.8139187,314512.2515,0,0,0,1,0,0,0,0,1,379.1111111,39.77777778,718.4444444,204,0,0,0,0,0,0,9,358,9,6466,8192,237,3,20,0,0,0,0,0,0,0,0,BENIGN
443,5340156,9,7,351,5709,194,0,39,71.40028011,2273,0,815.5714286,904.3192388,1134.798309,2.996167153,356010.4,1196679.887,4676547,48,5340156,667519.5,1622178.168,4676547,48,577423,96237.16667,118955.6596,283974,49,0,0,0,0,204,152,1.685344024,1.31082313,0,2273,356.4705882,682.6931153,466069.8897,0,0,0,1,0,0,0,0,0,378.75,39,815.5714286,204,0,0,0,0,0,0,9,351,7,5709,8192,119,3,20,0,0,0,0,0,0,0,0,BENIGN
443,5687921,8,7,590,5108,342,0,73.75,127.7751932,2636,0,729.7142857,998.3308928,1001.772001,2.637167429,406280.0714,1347824.758,5085027,3,5687921,812560.1429,1886302.468,5085027,3,321033,53505.5,55225.40635,111290,193,0,0,0,0,172,152,1.406489295,1.230678134,0,2636,356.125,722.7708604,522397.7167,0,0,0,1,0,0,0,0,0,379.8666667,73.75,729.7142857,172,0,0,0,0,0,0,8,590,7,5108,8192,8760,3,20,602891,0,602891,602891,5085027,0,5085027,5085027,BENIGN
443,5750013,9,7,361,3576,204,0,40.11111111,74.13913347,1460,0,510.8571429,676.8176585,684.6941042,2.782602405,383334.2,1369932.498,5331459,16,5750013,718751.625,1865765.643,5331475,79,367654,61275.66667,96506.46484,249977,49,0,0,0,0,204,152,1.565213853,1.217388552,0,1460,231.5882353,482.3126656,232625.5074,0,0,0,1,0,0,0,0,0,246.0625,40.11111111,510.8571429,204,0,0,0,0,0,0,9,361,7,3576,8192,110,3,20,418475,0,418475,418475,5331459,0,5331459,5331459,BENIGN
443,5966058,8,6,431,4915,196,0,53.875,85.46417378,1460,0,819.1666667,719.1412703,896.0690627,2.346608095,458927.5385,1445651.262,5265391,3,5966058,852294,1948455.964,5265391,3,389089,77817.8,107717.3779,218541,48,0,0,0,0,172,132,1.340918912,1.005689184,0,1460,356.4,584.3836558,341504.2571,0,0,0,1,0,0,0,0,0,381.8571429,53.875,819.1666667,172,0,0,0,0,0,0,8,431,6,4915,8192,512,3,20,700664,0,700664,700664,5265391,0,5265391,5265391,BENIGN
443,6129890,8,7,350,5068,193,0,43.75,74.42493822,1460,0,724,686.5112284,883.865779,2.447025966,437849.2857,1518716.228,5711186,2,6129890,875698.5714,2133883.513,5711186,2,168699,28116.5,46026.38715,109986,48,0,0,0,0,172,152,1.305080515,1.141945451,0,1460,338.625,560.7396157,314428.9167,0,0,0,1,0,0,0,0,0,361.2,43.75,724,172,0,0,0,0,0,0,8,350,7,5068,8192,110,3,20,418702,0,418702,418702,5711186,0,5711186,5711186,BENIGN
443,5491607,8,5,352,3174,195,0,44,74.99904761,1460,0,634.8,758.8222453,642.070709,2.367248785,457633.9167,1458649.17,5085945,48,5491607,784515.2857,1898479.6,5085945,48,166838,41709.5,53243.98892,115239,217,0,0,0,0,172,108,1.456768483,0.910480302,0,1460,251.8571429,517.7550441,268070.2857,0,0,0,1,0,0,0,0,0,271.2307692,44,634.8,172,0,0,0,0,0,0,8,352,5,3174,8192,31,3,20,405614,0,405614,405614,5085945,0,5085945,5085945,BENIGN
1432,4,2,0,31,0,31,0,15.5,21.92031022,0,0,0,0,7750000,500000,4,0,4,4,4,4,0,4,4,0,0,0,0,0,1,0,0,0,40,0,500000,0,0,31,20.66666667,17.89785834,320.3333333,0,1,0,0,1,0,0,0,0,31,15.5,0,40,0,0,0,0,0,0,2,31,0,0,110,-1,0,20,0,0,0,0,0,0,0,0,BENIGN
1423,48,2,1,31,0,31,0,15.5,21.92031022,0,0,0,0,645833.3333,62500,24,33.9411255,48,0,48,48,0,48,48,0,0,0,0,0,1,0,0,0,40,20,41666.66667,20833.33333,0,31,15.5,17.89785834,320.3333333,0,1,0,0,1,0,0,0,0,20.66666667,15.5,0,40,0,0,0,0,0,0,2,31,1,0,110,0,0,20,0,0,0,0,0,0,0,0,BENIGN
80,3416491,3,3,0,0,0,0,0,0,0,0,0,0,0,1.756187855,683298.2,953638.6757,2023978,0,1392513,696256.5,951923.4123,1369368,23145,3393396,1696698,462843.8147,2023978,1369418,0,0,0,0,84,84,0.878093927,0.878093927,0,0,0,0,0,0,0,0,1,0,0,0,0,1,0,0,0,84,0,0,0,0,0,0,3,0,3,0,8192,29,0,20,0,0,0,0,0,0,0,0,BENIGN
80,29699,2,0,0,0,0,0,0,0,0,0,0,0,0,67.34233476,29699,0,29699,29699,29699,29699,0,29699,29699,0,0,0,0,0,0,0,0,0,40,0,67.34233476,0,0,0,0,0,0,0,0,0,0,1,0,0,0,0,0,0,0,40,0,0,0,0,0,0,2,0,0,0,256,-1,0,20,0,0,0,0,0,0,0,0,BENIGN
443,6500264,10,11,721,3573,397,0,72.1,133.6267189,2519,0,324.8181818,743.5254963,660.5885546,3.230638017,325013.2,1342021.749,6024981,3,6500264,722251.5556,1996475.072,6045723,750,6428813,642881.3,1892177.425,6025084,3,0,0,0,0,212,232,1.538399056,1.692238961,0,2519,195.1818182,537.3415723,288735.9654,0,0,0,1,0,0,0,0,1,204.4761905,72.1,324.8181818,212,0,0,0,0,0,0,10,721,11,3573,8192,66,3,20,454541,0,454541,454541,6024981,0,6024981,6024981,BENIGN
1433,1,2,0,0,0,0,0,0,0,0,0,0,0,0,2000000,1,0,1,1,1,1,0,1,1,0,0,0,0,0,0,0,0,0,40,0,2000000,0,0,0,0,0,0,0,0,0,0,1,0,0,0,0,0,0,0,40,0,0,0,0,0,0,2,0,0,0,8760,-1,0,20,0,0,0,0,0,0,0,0,BENIGN
443,110245188,20,16,3283,2115,914,0,164.15,334.8956279,649,0,132.1875,259.7756003,48.96358832,0.326544865,3149862.514,4682630.345,10000000,42,110000000,5800414.211,5052363.879,10100000,144,110000000,7347189.6,4572058.317,10100000,242,0,0,0,0,648,520,0.181413814,0.145131051,0,914,145.8918919,296.9359063,88170.93243,0,0,0,1,0,0,0,0,0,149.9444444,164.15,132.1875,648,0,0,0,0,0,0,20,3283,16,2115,29200,404,5,32,52261.81818,39223.32381,168856,37091,9966635.455,89331.109,10000000,9769825,BENIGN
1436,306984,3,0,0,0,0,0,0,0,0,0,0,0,0,9.772496286,153492,217064.8113,306980,4,306984,153492,217064.8113,306980,4,0,0,0,0,0,0,0,0,0,60,0,9.772496286,0,0,0,0,0,0,0,0,0,0,1,1,0,0,0,0,0,0,60,0,0,0,0,0,0,3,0,0,0,31,-1,0,20,0,0,0,0,0,0,0,0,BENIGN
443,585334,7,10,788,5609,465,0,112.5714286,174.2621178,1336,0,560.9,627.2942691,10928.80304,29.0432471,36583.375,68929.37728,274929,1,507949,84658.16667,121850.9131,327693,5258,552595,61399.44444,122264.4182,369112,47,0,0,0,0,152,212,11.9589841,17.084263,0,1336,355.3888889,524.9682499,275591.6634,0,0,0,1,0,0,0,0,1,376.2941176,112.5714286,560.9,152,0,0,0,0,0,0,7,788,10,5609,8192,5840,3,20,0,0,0,0,0,0,0,0,BENIGN
443,22350,3,0,31,0,31,0,10.33333333,17.89785834,0,0,0,0,1387.024609,134.2281879,11175,15799.59392,22347,3,22350,11175,15799.59392,22347,3,0,0,0,0,0,0,0,0,0,60,0,134.2281879,0,0,31,7.75,15.5,240.25,0,0,0,0,1,0,0,0,0,10.33333333,10.33333333,0,60,0,0,0,0,0,0,3,31,0,0,256,-1,1,20,0,0,0,0,0,0,0,0,BENIGN
5353,15,12,0,540,0,45,45,45,0,0,0,0,0,36000000,800000,1.363636364,0.674199862,3,1,15,1.363636364,0.674199862,3,1,0,0,0,0,0,0,0,0,0,384,0,800000,0,45,45,45,0,0,0,0,0,0,0,0,0,0,0,48.75,45,0,384,0,0,0,0,0,0,12,540,0,0,-1,-1,11,32,0,0,0,0,0,0,0,0,BENIGN
123,64022613,4,4,192,192,48,48,48,0,48,48,48,0,5.99788078,0.12495585,9146087.571,24200000,64000000,3,64000000,21300000,37000000,64000000,3,64000000,21300000,37000000,64000000,4,0,0,0,0,128,128,0.062477925,0.062477925,48,48,48,0,0,0,0,0,0,0,0,0,0,1,54,48,48,128,0,0,0,0,0,0,4,192,4,192,-1,-1,3,32,258,0,258,258,64000000,0,64000000,64000000,BENIGN
443,5335762,8,5,353,3001,196,0,44.125,75.28695106,1490,0,600.2,798.9212727,628.5887564,2.436390529,444646.8333,1404807.388,4902191,4,5335762,762251.7143,1827289.222,4902191,4,187856,46964,52398.80999,95453,206,0,0,0,0,172,112,1.499317248,0.93707328,0,1490,239.5714286,526.6754532,277387.033,0,0,0,1,0,0,0,0,0,258,44.125,600.2,172,0,0,0,0,0,0,8,353,5,3001,8192,110,3,20,0,0,0,0,0,0,0,0,BENIGN
443,6083771,6,5,356,165,228,0,59.33333333,88.65137713,165,0,33,73.79024326,85.6376744,1.808089095,608377.1,1823069.384,5793456,3,6083771,1216754.2,2573070.49,5816906,3,266071,66517.75,117357.2515,241761,3,0,0,0,0,132,108,0.986230415,0.821858679,0,228,43.41666667,76.88416119,5911.174242,0,0,0,1,0,0,0,0,0,47.36363636,59.33333333,33,132,0,0,0,0,0,0,6,356,5,165,8192,4683,3,20,290312,0,290312,290312,5793456,0,5793456,5793456,BENIGN
443,6104644,9,7,587,4489,342,0,65.22222222,121.6303599,1460,0,641.2857143,766.2516371,831.4981185,2.620955456,406976.2667,1406056.637,5482499,2,6104644,763080.5,1910479.762,5482499,3,259654,43275.66667,66301.72503,132490,2,0,0,0,0,192,144,1.474287444,1.146668012,0,1460,298.5882353,561.3924718,315161.5074,0,0,0,1,0,0,0,0,0,317.25,65.22222222,641.2857143,192,0,0,0,0,0,0,9,587,7,4489,8192,34962,3,20,622142,0,622142,622142,5482499,0,5482499,5482499,BENIGN
443,6151334,9,7,369,3556,212,0,41,76.36425866,1460,0,508,676.6473725,638.0729773,2.601061818,410088.9333,1402536.799,5473414,22,6151334,768916.75,1904072.511,5473414,49,594845,99140.83333,118304.4042,283101,49,0,0,0,0,204,152,1.463097273,1.137964546,0,1460,230.8823529,481.4772687,231820.3603,0,0,0,1,0,0,0,0,0,245.3125,41,508,204,0,0,0,0,0,0,9,369,7,3556,8192,119,3,20,677871,0,677871,677871,5473414,0,5473414,5473414,BENIGN
443,1345071,2,0,0,0,0,0,0,0,0,0,0,0,0,1.486910356,1345071,0,1345071,1345071,1345071,1345071,0,1345071,1345071,0,0,0,0,0,0,0,0,0,40,0,1.486910356,0,0,0,0,0,0,0,0,0,0,1,0,0,0,0,0,0,0,40,0,0,0,0,0,0,2,0,0,0,254,-1,0,20,0,0,0,0,0,0,0,0,BENIGN
443,5458357,10,7,355,5146,198,0,35.5,69.47301634,1742,0,735.1428571,778.0153016,1007.812424,3.114490313,341147.3125,1259725.802,5060673,4,5458357,606484.1111,1672193.584,5060673,4,366473,61078.83333,97950.79587,252955,224,0,0,0,0,224,152,1.832053125,1.282437188,0,1742,305.6111111,583.5876,340574.4869,0,0,0,1,0,0,0,0,0,323.5882353,35.5,735.1428571,224,0,0,0,0,0,0,10,355,7,5146,8192,119,3,20,397680,0,397680,397680,5060673,0,5060673,5060673,BENIGN
1454,3,2,0,0,0,0,0,0,0,0,0,0,0,0,666666.6667,3,0,3,3,3,3,0,3,3,0,0,0,0,0,0,0,0,0,40,0,666666.6667,0,0,0,0,0,0,0,0,0,0,1,0,0,0,0,0,0,0,40,0,0,0,0,0,0,2,0,0,0,4736,-1,0,20,0,0,0,0,0,0,0,0,BENIGN
1466,3,2,0,31,0,31,0,15.5,21.92031022,0,0,0,0,10300000,666666.6667,3,0,3,3,3,3,0,3,3,0,0,0,0,0,1,0,0,0,40,0,666666.6667,0,0,31,20.66666667,17.89785834,320.3333333,0,1,0,0,1,0,0,0,0,31,15.5,0,40,0,0,0,0,0,0,2,31,0,0,110,-1,0,20,0,0,0,0,0,0,0,0,BENIGN
1452,3,2,0,0,0,0,0,0,0,0,0,0,0,0,666666.6667,3,0,3,3,3,3,0,3,3,0,0,0,0,0,0,0,0,0,40,0,666666.6667,0,0,0,0,0,0,0,0,0,0,1,0,0,0,0,0,0,0,40,0,0,0,0,0,0,2,0,0,0,34909,-1,0,20,0,0,0,0,0,0,0,0,BENIGN
1450,3,2,0,31,0,31,0,15.5,21.92031022,0,0,0,0,10300000,666666.6667,3,0,3,3,3,3,0,3,3,0,0,0,0,0,1,0,0,0,40,0,666666.6667,0,0,31,20.66666667,17.89785834,320.3333333,0,1,0,0,1,0,0,0,0,31,15.5,0,40,0,0,0,0,0,0,2,31,0,0,119,-1,0,20,0,0,0,0,0,0,0,0,BENIGN
53,69147,1,1,46,148,46,46,46,0,148,148,148,0,2805.617019,28.92388679,69147,0,69147,69147,0,0,0,0,0,0,0,0,0,0,0,0,0,0,32,32,14.4619434,14.4619434,46,148,80,58.88972746,3468,0,0,0,0,0,0,0,0,1,120,46,148,32,0,0,0,0,0,0,1,46,1,148,-1,-1,0,32,0,0,0,0,0,0,0,0,BENIGN
443,3291510,35,53,139718,6570,23360,0,3991.942857,4660.593814,1637,0,123.9622642,391.9172775,44444.03936,26.73544969,37833.44828,298231.1076,2784607,1,3291510,96809.11765,475575.6632,2784607,15,460989,8865.173077,17845.87172,66056,1,0,0,0,0,712,1072,10.63341749,16.1020322,0,23360,1643.685393,3478.203218,12100000,0,0,0,1,0,0,0,0,1,1662.363636,3991.942857,123.9622642,712,0,0,0,0,0,0,35,139718,53,6570,8192,4391,30,20,0,0,0,0,0,0,0,0,BENIGN
443,5336762,8,10,694,6086,373,0,86.75,137.7500324,1460,0,608.6,648.3605307,1270.43327,3.372831691,313927.1765,1159614.171,4807473,3,529286,75612.28571,101184.9497,223908,273,5308138,589793.1111,1655305.599,4999721,3,0,0,0,0,172,212,1.499036307,1.873795384,0,1460,356.8421053,540.6232271,292273.4737,0,0,0,1,0,0,0,0,1,376.6666667,86.75,608.6,172,0,0,0,0,0,0,8,694,10,6086,8192,62,3,20,0,0,0,0,0,0,0,0,BENIGN
443,191,2,0,0,0,0,0,0,0,0,0,0,0,0,10471.20419,191,0,191,191,191,191,0,191,191,0,0,0,0,0,0,0,0,0,40,0,10471.20419,0,0,0,0,0,0,0,0,0,0,1,0,0,0,0,0,0,0,40,0,0,0,0,0,0,2,0,0,0,253,-1,0,20,0,0,0,0,0,0,0,0,BENIGN
123,66094517,2,2,96,96,48,48,48,0,48,48,48,0,2.904930828,0.060519392,22000000,38000000,65900000,93998,66000000,66000000,0,66000000,66000000,66000000,66000000,0,66000000,66000000,0,0,0,0,64,72,0.030259696,0.030259696,48,48,48,0,0,0,0,0,0,0,0,0,0,1,60,48,48,64,0,0,0,0,0,0,2,96,2,96,-1,-1,1,32,93998,0,93998,93998,65900000,0,65900000,65900000,BENIGN
80,46782,4,5,1588,196,1242,0,397,586.4708006,196,0,39.2,87.65386472,38134.32517,192.3816853,5847.75,10712.49585,23444,3,23101,7700.333333,13267.2221,23020,34,23821,5955.25,11752.7579,23584,3,0,0,0,0,92,112,85.50297123,106.878714,0,1242,178.4,391.9226681,153603.3778,0,0,0,1,0,0,0,0,1,198.2222222,397,39.2,92,0,0,0,0,0,0,4,1588,5,196,8192,1024,2,20,0,0,0,0,0,0,0,0,BENIGN
80,3,2,0,0,0,0,0,0,0,0,0,0,0,0,666666.6667,3,0,3,3,3,3,0,3,3,0,0,0,0,0,0,0,0,0,40,0,666666.6667,0,0,0,0,0,0,0,0,0,0,1,0,0,0,0,0,0,0,40,0,0,0,0,0,0,2,0,0,0,255,-1,0,20,0,0,0,0,0,0,0,0,BENIGN
80,418559,3,4,435,859,435,0,145,251.1473671,859,0,214.75,429.5,3091.559374,16.72404607,69759.83333,148253.417,371496,3,394771,197385.5,246229.4305,371496,23275,395412,131804,227977.7929,395050,3,0,0,0,0,72,92,7.167448317,9.556597756,0,859,161.75,320.2234711,102543.0714,0,0,0,1,0,0,0,0,1,184.8571429,145,214.75,72,0,0,0,0,0,0,3,435,4,859,8192,31,1,20,0,0,0,0,0,0,0,0,BENIGN
80,2019036,3,4,427,2267,427,0,142.3333333,246.5285649,2267,0,566.75,1133.5,1334.300131,3.467001084,336506,795407.5774,1959868,5,1989178,994589,1365110.653,1959868,29310,1989882,663294,1148261.401,1989192,5,0,0,0,0,72,92,1.485857607,1.981143476,0,2267,336.75,794.1224717,630630.5,0,0,0,1,0,0,0,0,1,384.8571429,142.3333333,566.75,72,0,0,0,0,0,0,3,427,4,2267,8192,237,1,20,0,0,0,0,0,0,0,0,BENIGN
80,2019243,3,5,427,2267,427,0,142.3333333,246.5285649,1460,0,453.4,662.3804043,1334.163347,3.961880764,288463.2857,737065.9081,1959691,1,1988958,994479,1365015.901,1959691,29267,1990135,497533.75,994159.6866,1988773,1,0,0,0,0,72,112,1.485705287,2.476175478,0,1460,299.3333333,519.4677565,269846.75,0,0,0,1,0,0,0,0,1,336.75,142.3333333,453.4,72,0,0,0,0,0,0,3,427,5,2267,8192,237,1,20,0,0,0,0,0,0,0,0,BENIGN
80,15703,2,0,0,0,0,0,0,0,0,0,0,0,0,127.3641979,15703,0,15703,15703,15703,15703,0,15703,15703,0,0,0,0,0,0,0,0,0,40,0,127.3641979,0,0,0,0,0,0,0,0,0,0,1,0,0,0,0,0,0,0,40,0,0,0,0,0,0,2,0,0,0,253,-1,0,20,0,0,0,0,0,0,0,0,BENIGN
80,39159,2,0,0,0,0,0,0,0,0,0,0,0,0,51.07382722,39159,0,39159,39159,39159,39159,0,39159,39159,0,0,0,0,0,0,0,0,0,40,0,51.07382722,0,0,0,0,0,0,0,0,0,0,1,0,0,0,0,0,0,0,40,0,0,0,0,0,0,2,0,0,0,256,-1,0,20,0,0,0,0,0,0,0,0,BENIGN
80,38954,2,0,0,0,0,0,0,0,0,0,0,0,0,51.34260923,38954,0,38954,38954,38954,38954,0,38954,38954,0,0,0,0,0,0,0,0,0,40,0,51.34260923,0,0,0,0,0,0,0,0,0,0,1,0,0,0,0,0,0,0,40,0,0,0,0,0,0,2,0,0,0,256,-1,0,20,0,0,0,0,0,0,0,0,BENIGN
80,91471,3,4,435,859,435,0,145,251.1473671,859,0,214.75,429.5,14146.56011,76.5269867,15245.16667,18283.37935,44576,4,67750,33875,15133.49933,44576,23174,68372,22790.66667,39152.85417,68000,4,0,0,0,0,72,92,32.79728001,43.72970668,0,859,161.75,320.2234711,102543.0714,0,0,0,1,0,0,0,0,1,184.8571429,145,214.75,72,0,0,0,0,0,0,3,435,4,859,8192,31,1,20,0,0,0,0,0,0,0,0,BENIGN
80,97309,3,4,426,2266,426,0,142,245.9512147,2266,0,566.5,1133,27664.45036,71.93579217,16218.16667,17678.14269,38161,5,67180,33590,6464.370194,38161,29019,68452,22817.33333,38692.31198,67492,5,0,0,0,0,72,92,30.82962521,41.10616695,0,2266,336.5,793.7590494,630053.4286,0,0,0,1,0,0,0,0,1,384.5714286,142,566.5,72,0,0,0,0,0,0,3,426,4,2266,8192,237,1,20,0,0,0,0,0,0,0,0,BENIGN
80,46558,5,7,2246,196,1900,0,449.2,824.744324,196,0,28,74.08103671,52450.70665,257.7430302,4232.545455,9097.881867,23016,2,45426,11356.5,13055.63484,23029,49,23542,3923.666667,9033.695183,22354,2,0,0,0,0,124,164,107.3929292,150.3501009,0,1900,187.8461538,525.1516997,275784.3077,0,0,0,1,0,0,0,0,1,203.5,449.2,28,124,0,0,0,0,0,0,5,2246,7,196,8192,1129,2,20,0,0,0,0,0,0,0,0,BENIGN
80,48,2,0,0,0,0,0,0,0,0,0,0,0,0,41666.66667,48,0,48,48,48,48,0,48,48,0,0,0,0,0,0,0,0,0,40,0,41666.66667,0,0,0,0,0,0,0,0,0,0,1,0,0,0,0,0,0,0,40,0,0,0,0,0,0,2,0,0,0,255,-1,0,20,0,0,0,0,0,0,0,0,BENIGN
80,64992,2,0,0,0,0,0,0,0,0,0,0,0,0,30.77301822,64992,0,64992,64992,64992,64992,0,64992,64992,0,0,0,0,0,0,0,0,0,40,0,30.77301822,0,0,0,0,0,0,0,0,0,0,1,0,0,0,0,0,0,0,40,0,0,0,0,0,0,2,0,0,0,256,-1,0,20,0,0,0,0,0,0,0,0,BENIGN
80,71861,2,0,0,0,0,0,0,0,0,0,0,0,0,27.83150805,71861,0,71861,71861,71861,71861,0,71861,71861,0,0,0,0,0,0,0,0,0,40,0,27.83150805,0,0,0,0,0,0,0,0,0,0,1,0,0,0,0,0,0,0,40,0,0,0,0,0,0,2,0,0,0,253,-1,0,20,0,0,0,0,0,0,0,0,BENIGN
443,5260153,10,8,347,5953,190,0,34.7,67.4092806,1755,0,744.125,783.9120646,1197.683794,3.421953696,309420.7647,1168173.223,4837922,19,5260153,584461.4444,1597244.584,4837922,48,371462,53066,91385.63519,250259,47,0,0,0,0,224,172,1.901085387,1.520868309,0,1755,331.5789474,609.890365,371966.2573,0,0,0,1,0,0,0,0,0,350,34.7,744.125,224,0,0,0,0,0,0,10,347,8,5953,8192,110,3,20,0,0,0,0,0,0,0,0,BENIGN
443,5377338,8,7,588,5692,342,0,73.5,127.5057422,1460,0,813.1428571,741.8653132,1167.864099,2.789484314,384095.5714,1280177.104,4825529,49,5377338,768191.1429,1792747.128,4825529,49,219423,36570.5,56601.80283,127697,49,0,0,0,0,172,152,1.487724967,1.301759346,0,1460,392.5,612.2480979,374847.7333,0,0,0,1,0,0,0,0,0,418.6666667,73.5,813.1428571,172,0,0,0,0,0,0,8,588,7,5692,8192,11,3,20,0,0,0,0,0,0,0,0,BENIGN
1492,240,2,1,31,0,31,0,15.5,21.92031022,0,0,0,0,129166.6667,12500,120,41.01219331,149,91,240,240,0,240,240,0,0,0,0,0,1,0,0,0,40,20,8333.333333,4166.666667,0,31,15.5,17.89785834,320.3333333,0,1,0,0,1,0,0,0,0,20.66666667,15.5,0,40,0,0,0,0,0,0,2,31,1,0,110,0,0,20,0,0,0,0,0,0,0,0,BENIGN
443,3152777,8,10,778,6092,449,0,97.25,161.6987941,1460,0,609.2,634.0448284,2179.031375,5.70925251,185457.4706,422973.8761,1747188,3,1405586,200798,185299.2119,513129,18361,3050970,338996.6667,660560.2072,1951662,3,0,0,0,0,172,212,2.53744556,3.17180695,0,1460,361.5789474,532.4993809,283555.5906,0,0,0,1,0,0,0,0,1,381.6666667,97.25,609.2,172,0,0,0,0,0,0,8,778,10,6092,8192,245,3,20,0,0,0,0,0,0,0,0,BENIGN
443,3956,2,0,0,0,0,0,0,0,0,0,0,0,0,505.5611729,3956,0,3956,3956,3956,3956,0,3956,3956,0,0,0,0,0,0,0,0,0,40,0,505.5611729,0,0,0,0,0,0,0,0,0,0,1,0,0,0,0,0,0,0,40,0,0,0,0,0,0,2,0,0,0,256,-1,0,20,0,0,0,0,0,0,0,0,BENIGN
80,46681,5,6,1588,196,1242,0,317.6,538.0360583,196,0,32.66666667,80.01666493,38216.8334,235.64191,4668.1,9383.205333,23176,1,45097,11274.25,12989.14525,23221,26,23505,4701,9592.356827,21831,1,0,0,0,0,124,144,107.1099591,128.5319509,0,1242,148.6666667,361.2446497,130497.697,0,0,0,1,0,0,0,0,1,162.1818182,317.6,32.66666667,124,0,0,0,0,0,0,5,1588,6,196,8192,1024,2,20,0,0,0,0,0,0,0,0,BENIGN
80,3,2,0,0,0,0,0,0,0,0,0,0,0,0,666666.6667,3,0,3,3,3,3,0,3,3,0,0,0,0,0,0,0,0,0,40,0,666666.6667,0,0,0,0,0,0,0,0,0,0,1,0,0,0,0,0,0,0,40,0,0,0,0,0,0,2,0,0,0,255,-1,0,20,0,0,0,0,0,0,0,0,BENIGN
443,683196,8,8,327,5324,201,0,40.875,78.29511479,1460,0,665.5,694.4815127,8271.418451,23.41934086,45546.4,79024.967,253721,49,683196,97599.42857,110808.1172,262338,6834,378390,54055.71429,90829.23275,248485,49,0,0,0,0,184,172,11.70967043,11.70967043,0,1460,332.4117647,564.4174053,318567.0074,0,0,0,1,0,0,0,0,1,353.1875,40.875,665.5,184,0,0,0,0,0,0,8,327,8,5324,8192,110,2,20,0,0,0,0,0,0,0,0,BENIGN
1487,1,2,0,0,0,0,0,0,0,0,0,0,0,0,2000000,1,0,1,1,1,1,0,1,1,0,0,0,0,0,0,0,0,0,40,0,2000000,0,0,0,0,0,0,0,0,0,0,1,0,0,0,0,0,0,0,40,0,0,0,0,0,0,2,0,0,0,11,-1,0,20,0,0,0,0,0,0,0,0,BENIGN
80,168643,3,4,426,2266,426,0,142,245.9512147,2266,0,566.5,1133,15962.71414,41.5078005,28107.16667,41854.91003,108585,4,137916,68958,56041.04084,108585,29331,139449,46483,79211.94725,137945,4,0,0,0,0,72,92,17.78905736,23.71874314,0,2266,336.5,793.7590494,630053.4286,0,0,0,1,0,0,0,0,1,384.5714286,142,566.5,72,0,0,0,0,0,0,3,426,4,2266,8192,237,1,20,0,0,0,0,0,0,0,0,BENIGN
80,29319,2,0,0,0,0,0,0,0,0,0,0,0,0,68.21515058,29319,0,29319,29319,29319,29319,0,29319,29319,0,0,0,0,0,0,0,0,0,40,0,68.21515058,0,0,0,0,0,0,0,0,0,0,1,0,0,0,0,0,0,0,40,0,0,0,0,0,0,2,0,0,0,256,-1,0,20,0,0,0,0,0,0,0,0,BENIGN
1572,3,2,0,31,0,31,0,15.5,21.92031022,0,0,0,0,10300000,666666.6667,3,0,3,3,3,3,0,3,3,0,0,0,0,0,1,0,0,0,40,0,666666.6667,0,0,31,20.66666667,17.89785834,320.3333333,0,1,0,0,1,0,0,0,0,31,15.5,0,40,0,0,0,0,0,0,2,31,0,0,110,-1,0,20,0,0,0,0,0,0,0,0,BENIGN
80,47397,5,7,2252,196,1906,0,450.4,827.3831035,196,0,28,74.08103671,51648.83853,253.180581,4308.818182,9051.464322,23103,1,45318,11329.5,13045.37572,23147,27,24294,4049,8908.196473,22191,1,0,0,0,0,124,164,105.4919088,147.6886723,0,1906,188.3076923,526.7819575,277499.2308,0,0,0,1,0,0,0,0,1,204,450.4,28,124,0,0,0,0,0,0,5,2252,7,196,8192,1129,2,20,0,0,0,0,0,0,0,0,BENIGN
80,3,2,0,0,0,0,0,0,0,0,0,0,0,0,666666.6667,3,0,3,3,3,3,0,3,3,0,0,0,0,0,0,0,0,0,40,0,666666.6667,0,0,0,0,0,0,0,0,0,0,1,0,0,0,0,0,0,0,40,0,0,0,0,0,0,2,0,0,0,255,-1,0,20,0,0,0,0,0,0,0,0,BENIGN
443,3329051,6,8,329,5567,203,0,54.83333333,88.36835784,1460,0,695.875,673.9861036,1771.0753,4.205402681,256080.8462,768343.5282,2804742,48,524309,104861.8,119442.5446,298752,5669,3228358,461194,1121450.923,3001870,48,0,0,0,0,132,172,1.802315435,2.403087246,0,1460,393.0666667,585.1312999,342378.6381,0,0,0,1,0,0,0,0,1,421.1428571,54.83333333,695.875,132,0,0,0,0,0,0,6,329,8,5567,8192,237,2,20,0,0,0,0,0,0,0,0,BENIGN
443,12104,2,0,0,0,0,0,0,0,0,0,0,0,0,165.2346332,12104,0,12104,12104,12104,12104,0,12104,12104,0,0,0,0,0,0,0,0,0,40,0,165.2346332,0,0,0,0,0,0,0,0,0,0,1,0,0,0,0,0,0,0,40,0,0,0,0,0,0,2,0,0,0,256,-1,0,20,0,0,0,0,0,0,0,0,BENIGN
1454,1000156,2,0,0,0,0,0,0,0,0,0,0,0,0,1.999688049,1000156,0,1000156,1000156,1000156,1000156,0,1000156,1000156,0,0,0,0,0,0,0,0,0,40,0,1.999688049,0,0,0,0,0,0,0,0,0,0,1,0,0,0,0,0,0,0,40,0,0,0,0,0,0,2,0,0,0,4736,-1,0,20,0,0,0,0,0,0,0,0,BENIGN
443,2459004,7,8,814,4362,494,0,116.2857143,183.8892006,1460,0,545.25,616.8629739,2104.917275,6.100030744,175643.1429,454842.0867,1735345,48,723659,120609.8333,123509.9112,362827,19990,2363583,337654.7143,736344.1179,2001941,48,0,0,0,0,152,172,2.846681014,3.25334973,0,1460,323.5,494.3097544,244342.1333,0,0,0,1,0,0,0,0,1,345.0666667,116.2857143,545.25,152,0,0,0,0,0,0,7,814,8,4362,8192,31,3,20,0,0,0,0,0,0,0,0,BENIGN
443,1868,3,0,31,0,31,0,10.33333333,17.89785834,0,0,0,0,16595.28908,1605.995717,934,1316.632827,1865,3,1868,934,1316.632827,1865,3,0,0,0,0,0,0,0,0,0,60,0,1605.995717,0,0,31,7.75,15.5,240.25,0,0,0,0,1,0,0,0,0,10.33333333,10.33333333,0,60,0,0,0,0,0,0,3,31,0,0,253,-1,1,20,0,0,0,0,0,0,0,0,BENIGN
53,49061,1,1,46,74,46,46,46,0,74,74,74,0,2445.934653,40.76557755,49061,0,49061,49061,0,0,0,0,0,0,0,0,0,0,0,0,0,0,32,20,20.38278877,20.38278877,46,74,55.33333333,16.16580754,261.3333333,0,0,0,0,0,0,0,0,1,83,46,74,32,0,0,0,0,0,0,1,46,1,74,-1,-1,0,32,0,0,0,0,0,0,0,0,BENIGN
443,5974207,10,10,1253,7235,500,0,125.3,193.2022832,1755,0,723.5,694.7014147,1420.774339,3.347724644,314431.9474,1233519.992,5404383,0,5974207,663800.7778,1781516.648,5409818,1342,5918237,657581.8889,1856568.328,5607152,47,0,0,0,0,212,212,1.673862322,1.673862322,0,1755,404.1904762,576.2026223,332009.4619,0,0,0,1,0,0,0,0,1,424.4,125.3,723.5,212,0,0,0,0,0,0,10,1253,10,7235,8192,118,4,20,564389,0,564389,564389,5404383,0,5404383,5404383,BENIGN
389,12709,5,2,0,0,0,0,0,0,0,0,0,0,0,550.7907782,2118.166667,5089.479715,12507,21,12709,3177.25,6219.887425,12507,48,47,47,0,47,47,0,0,0,0,184,80,393.4219844,157.3687938,0,0,0,0,0,0,0,0,1,0,0,0,0,0,0,0,0,184,0,0,0,0,0,0,5,0,2,0,65535,8192,0,32,0,0,0,0,0,0,0,0,BENIGN
389,1164,11,5,92,5820,39,0,8.363636364,15.39657577,2910,0,1164,1217.350401,5079037.801,13745.70447,77.6,126.0582632,482,1,1164,116.4,162.2968474,482,1,392,98,188.6690224,381,3,0,0,0,0,376,176,9450.171821,4295.532646,0,2910,347.7647059,815.8355785,665587.6912,0,0,0,1,0,0,0,0,0,369.5,8.363636364,1164,376,0,0,0,0,0,0,11,92,5,5820,65535,2081,4,32,0,0,0,0,0,0,0,0,BENIGN
443,5863119,8,6,347,3671,190,0,43.375,73.56811712,1460,0,611.8333333,708.4858267,685.3007759,2.387807582,451009.1538,1510084.887,5473683,36,5863119,837588.4286,2046056.558,5473683,47,141395,28279,37822.9899,70860,48,0,0,0,0,172,132,1.364461475,1.023346106,0,1460,267.8666667,516.3366657,266603.5524,0,0,0,1,0,0,0,0,0,287,43.375,611.8333333,172,0,0,0,0,0,0,8,347,6,3671,8192,110,3,20,389389,0,389389,389389,5473683,0,5473683,5473683,BENIGN
443,6044946,9,6,352,3181,195,0,39.11111111,71.67189903,1619,0,530.1666667,783.7732878,584.4551796,2.481411745,431781.8571,1477335.483,5561063,31,6044946,755618.25,1943361.083,5561063,48,433005,86601,104581.6877,251136,246,0,0,0,0,204,132,1.488847047,0.992564698,0,1619,220.8125,518.5039015,268846.2958,0,0,0,1,0,0,0,0,0,235.5333333,39.11111111,530.1666667,204,0,0,0,0,0,0,9,352,6,3181,8192,110,3,20,483835,0,483835,483835,5561063,0,5561063,5561063,BENIGN
443,5328192,9,7,351,3914,194,0,39,71.40028011,1460,0,559.1428571,637.2240392,800.4591426,3.002894791,355212.8,1167105.443,4565660,3,5328192,666024,1579947.051,4565660,3,646201,107700.1667,139303.4581,350226,183,0,0,0,0,204,152,1.68912832,1.313766471,0,1460,250.8823529,474.9520874,225579.4853,0,0,0,1,0,0,0,0,0,266.5625,39,559.1428571,204,0,0,0,0,0,0,9,351,7,3914,8192,1892,3,20,0,0,0,0,0,0,0,0,BENIGN
443,5489141,9,8,351,5089,194,0,39,71.40028011,1460,0,636.125,676.970022,991.0475974,3.097023742,343071.3125,1258460.744,5056553,36,5489141,686142.625,1768714.729,5056553,156,381222,54460.28571,92631.06741,253095,49,0,0,0,0,204,172,1.639600805,1.457422937,0,1460,302.2222222,534.4399549,285626.0654,0,0,0,1,0,0,0,0,0,320,39,636.125,204,0,0,0,0,0,0,9,351,8,5089,8192,110,3,20,432432,0,432432,432432,5056553,0,5056553,5056553,BENIGN
1487,999823,2,0,0,0,0,0,0,0,0,0,0,0,0,2.000354063,999823,0,999823,999823,999823,999823,0,999823,999823,0,0,0,0,0,0,0,0,0,40,0,2.000354063,0,0,0,0,0,0,0,0,0,0,1,0,0,0,0,0,0,0,40,0,0,0,0,0,0,2,0,0,0,11,-1,0,20,0,0,0,0,0,0,0,0,BENIGN
1500,3,2,0,31,0,31,0,15.5,21.92031022,0,0,0,0,10300000,666666.6667,3,0,3,3,3,3,0,3,3,0,0,0,0,0,1,0,0,0,40,0,666666.6667,0,0,31,20.66666667,17.89785834,320.3333333,0,1,0,0,1,0,0,0,0,31,15.5,0,40,0,0,0,0,0,0,2,31,0,0,110,-1,0,20,0,0,0,0,0,0,0,0,BENIGN
1499,4,2,0,31,0,31,0,15.5,21.92031022,0,0,0,0,7750000,500000,4,0,4,4,4,4,0,4,4,0,0,0,0,0,1,0,0,0,40,0,500000,0,0,31,20.66666667,17.89785834,320.3333333,0,1,0,0,1,0,0,0,0,31,15.5,0,40,0,0,0,0,0,0,2,31,0,0,110,-1,0,20,0,0,0,0,0,0,0,0,BENIGN
1506,16,2,1,31,0,31,0,15.5,21.92031022,0,0,0,0,1937500,187500,8,9.899494937,15,1,16,16,0,16,16,0,0,0,0,0,1,0,0,0,40,20,125000,62500,0,31,15.5,17.89785834,320.3333333,0,1,0,0,1,0,0,0,0,20.66666667,15.5,0,40,0,0,0,0,0,0,2,31,1,0,110,0,0,20,0,0,0,0,0,0,0,0,BENIGN
80,154199,3,5,425,2265,425,0,141.6666667,245.3738644,1460,0,453,662.1140385,17444.98992,51.8810109,22028.42857,34647.79218,94232,2,123578,61789,45881.3306,94232,29346,124973,31243.25,61677.42353,123757,2,0,0,0,0,72,112,19.45537909,32.42563181,0,1460,298.8888889,519.1626538,269529.8611,0,0,0,1,0,0,0,0,1,336.25,141.6666667,453,72,0,0,0,0,0,0,3,425,5,2265,8192,237,1,20,0,0,0,0,0,0,0,0,BENIGN
80,55670,2,0,0,0,0,0,0,0,0,0,0,0,0,35.92599246,55670,0,55670,55670,55670,55670,0,55670,55670,0,0,0,0,0,0,0,0,0,40,0,35.92599246,0,0,0,0,0,0,0,0,0,0,1,0,0,0,0,0,0,0,40,0,0,0,0,0,0,2,0,0,0,256,-1,0,20,0,0,0,0,0,0,0,0,BENIGN
443,455087,7,8,755,4369,438,0,107.8571429,164.706232,1732,0,546.125,719.3394664,11259.38557,32.96073059,32506.21429,60639.97099,207627,1,430362,71727,90540.87929,231205,6308,431909,61701.28571,133695.518,362745,1,0,0,0,0,152,172,15.38167427,17.57905631,0,1732,320.25,554.4609995,307427,0,0,0,1,0,0,0,0,1,341.6,107.8571429,546.125,152,0,0,0,0,0,0,7,755,8,4369,8192,980,3,20,0,0,0,0,0,0,0,0,BENIGN
443,10974,2,0,0,0,0,0,0,0,0,0,0,0,0,182.2489521,10974,0,10974,10974,10974,10974,0,10974,10974,0,0,0,0,0,0,0,0,0,40,0,182.2489521,0,0,0,0,0,0,0,0,0,0,1,0,0,0,0,0,0,0,40,0,0,0,0,0,0,2,0,0,0,252,-1,0,20,0,0,0,0,0,0,0,0,BENIGN
443,492601,7,8,846,4085,529,0,120.8571429,195.7689357,1732,0,510.625,706.0398486,10010.1299,30.4506081,35185.78571,61497.94406,200266,1,467806,77967.66667,88058.37909,223454,18764,469647,67092.42857,138425.9422,377247,1,0,0,0,0,152,172,14.21028378,16.24032432,0,1732,308.1875,540.8557687,292524.9625,0,0,0,1,0,0,0,0,1,328.7333333,120.8571429,510.625,152,0,0,0,0,0,0,7,846,8,4085,8192,980,3,20,0,0,0,0,0,0,0,0,BENIGN
80,68477,3,5,427,2267,427,0,142.3333333,246.5285649,1460,0,453.4,662.3804043,39341.67677,116.8275479,9782.428571,13786.26152,29633,2,37718,18859,14949.65157,29430,8288,39109,9777.25,18808.49381,37983,2,0,0,0,0,72,112,43.81033048,73.01721746,0,1460,299.3333333,519.4677565,269846.75,0,0,0,1,0,0,0,0,1,336.75,142.3333333,453.4,72,0,0,0,0,0,0,3,427,5,2267,8192,237,1,20,0,0,0,0,0,0,0,0,BENIGN
80,60024,3,4,427,2267,427,0,142.3333333,246.5285649,2267,0,566.75,1133.5,44882.04718,116.6200187,10004,14898.97464,29245,4,29847,14923.5,20308.81386,29284,563,30802,10267.33333,16982.69264,29870,4,0,0,0,0,72,92,49.980008,66.64001066,0,2267,336.75,794.1224717,630630.5,0,0,0,1,0,0,0,0,1,384.8571429,142.3333333,566.75,72,0,0,0,0,0,0,3,427,4,2267,8192,237,1,20,0,0,0,0,0,0,0,0,BENIGN
80,56633,2,0,0,0,0,0,0,0,0,0,0,0,0,35.31509897,56633,0,56633,56633,56633,56633,0,56633,56633,0,0,0,0,0,0,0,0,0,40,0,35.31509897,0,0,0,0,0,0,0,0,0,0,1,0,0,0,0,0,0,0,40,0,0,0,0,0,0,2,0,0,0,256,-1,0,20,0,0,0,0,0,0,0,0,BENIGN
443,63215,2,0,0,0,0,0,0,0,0,0,0,0,0,31.63806059,63215,0,63215,63215,63215,63215,0,63215,63215,0,0,0,0,0,0,0,0,0,40,0,31.63806059,0,0,0,0,0,0,0,0,0,0,1,0,0,0,0,0,0,0,40,0,0,0,0,0,0,2,0,0,0,253,-1,0,20,0,0,0,0,0,0,0,0,BENIGN
80,54889,2,0,0,0,0,0,0,0,0,0,0,0,0,36.4371732,54889,0,54889,54889,54889,54889,0,54889,54889,0,0,0,0,0,0,0,0,0,40,0,36.4371732,0,0,0,0,0,0,0,0,0,0,1,0,0,0,0,0,0,0,40,0,0,0,0,0,0,2,0,0,0,256,-1,0,20,0,0,0,0,0,0,0,0,BENIGN
53,23479,1,1,45,61,45,45,45,0,61,61,61,0,4514.672686,85.18250351,23479,0,23479,23479,0,0,0,0,0,0,0,0,0,0,0,0,0,0,20,20,42.59125176,42.59125176,45,61,50.33333333,9.237604307,85.33333333,0,0,0,0,0,0,0,0,1,75.5,45,61,20,0,0,0,0,0,0,1,45,1,61,-1,-1,0,20,0,0,0,0,0,0,0,0,BENIGN
123,68016264,2,2,96,96,48,48,48,0,48,48,48,0,2.822854251,0.058809464,22700000,39200000,68000000,16195,68000000,68000000,0,68000000,68000000,68000000,68000000,0,68000000,68000000,0,0,0,0,64,64,0.029404732,0.029404732,48,48,48,0,0,0,0,0,0,0,0,0,0,1,60,48,48,64,0,0,0,0,0,0,2,96,2,96,-1,-1,1,32,16195,0,16195,16195,68000000,0,68000000,68000000,BENIGN
443,355603,13,10,828,4192,233,0,63.69230769,84.16193183,1474,0,419.2,610.3029849,14116.86628,64.67886941,16163.77273,27482.51584,83824,3,355603,29633.58333,32504.04245,85891,3,259715,28857.22222,46455.75158,123794,3,0,0,0,0,272,212,36.55762184,28.12124757,0,1474,209.1666667,427.1866171,182488.4058,0,0,0,1,0,0,0,0,0,218.2608696,63.69230769,419.2,272,0,0,0,0,0,0,13,828,10,4192,8192,118,7,20,0,0,0,0,0,0,0,0,BENIGN
1599,12036,3,0,0,0,0,0,0,0,0,0,0,0,0,249.2522433,6018,8506.494578,12033,3,12036,6018,8506.494578,12033,3,0,0,0,0,0,0,0,0,0,60,0,249.2522433,0,0,0,0,0,0,0,0,0,0,1,0,0,0,0,0,0,0,60,0,0,0,0,0,0,3,0,0,0,118,-1,0,20,0,0,0,0,0,0,0,0,BENIGN
80,455755,3,5,427,2267,427,0,142.3333333,246.5285649,1460,0,453.4,662.3804043,5911.070641,17.55329069,65107.85714,146909.3155,396856,1,425815,212907.5,260142.4635,396856,28959,426908,106727,212814.2499,425948,1,0,0,0,0,72,112,6.58248401,10.97080668,0,1460,299.3333333,519.4677565,269846.75,0,0,0,1,0,0,0,0,1,336.75,142.3333333,453.4,72,0,0,0,0,0,0,3,427,5,2267,8192,237,1,20,0,0,0,0,0,0,0,0,BENIGN
123,69000126,4,4,192,192,48,48,48,0,48,48,48,0,5.565207229,0.115941817,9857160.857,26100000,69000000,3,69000000,23000000,39800000,69000000,3,69000000,23000000,39800000,69000000,48,0,0,0,0,128,128,0.057970909,0.057970909,48,48,48,0,0,0,0,0,0,0,0,0,0,1,54,48,48,128,0,0,0,0,0,0,4,192,4,192,-1,-1,3,32,119,0,119,119,69000000,0,69000000,69000000,BENIGN
80,23518,2,0,0,0,0,0,0,0,0,0,0,0,0,85.041245,23518,0,23518,23518,23518,23518,0,23518,23518,0,0,0,0,0,0,0,0,0,40,0,85.041245,0,0,0,0,0,0,0,0,0,0,1,0,0,0,0,0,0,0,40,0,0,0,0,0,0,2,0,0,0,256,-1,0,20,0,0,0,0,0,0,0,0,BENIGN
80,82720,3,5,427,2267,427,0,142.3333333,246.5285649,1460,0,453.4,662.3804043,32567.69826,96.71179884,11817.14286,14565.36759,29284,1,52717,26358.5,4243.347794,29359,23358,53436,13359,26115.63673,52528,1,0,0,0,0,72,112,36.26692456,60.44487427,0,1460,299.3333333,519.4677565,269846.75,0,0,0,1,0,0,0,0,1,336.75,142.3333333,453.4,72,0,0,0,0,0,0,3,427,5,2267,8192,237,1,20,0,0,0,0,0,0,0,0,BENIGN
80,24978,2,0,0,0,0,0,0,0,0,0,0,0,0,80.07046201,24978,0,24978,24978,24978,24978,0,24978,24978,0,0,0,0,0,0,0,0,0,40,0,80.07046201,0,0,0,0,0,0,0,0,0,0,1,0,0,0,0,0,0,0,40,0,0,0,0,0,0,2,0,0,0,256,-1,0,20,0,0,0,0,0,0,0,0,BENIGN
443,298767,6,6,311,3761,185,0,51.83333333,82.43886624,1460,0,626.8333333,711.6713895,13629.34996,40.16507847,27160.63636,37218.67361,118093,57,298767,59753.4,63876.3467,168735,11037,130199,26039.8,34678.23151,66224,71,0,0,0,0,132,132,20.08253924,20.08253924,0,1460,313.2307692,552.6094392,305377.1923,0,0,0,1,0,0,0,0,1,339.3333333,51.83333333,626.8333333,132,0,0,0,0,0,0,6,311,6,3761,8192,110,2,20,0,0,0,0,0,0,0,0,BENIGN
1605,3,2,0,31,0,31,0,15.5,21.92031022,0,0,0,0,10300000,666666.6667,3,0,3,3,3,3,0,3,3,0,0,0,0,0,1,0,0,0,40,0,666666.6667,0,0,31,20.66666667,17.89785834,320.3333333,0,1,0,0,1,0,0,0,0,31,15.5,0,40,0,0,0,0,0,0,2,31,0,0,110,-1,0,20,0,0,0,0,0,0,0,0,BENIGN
443,5358387,10,7,345,6474,188,0,34.5,66.89834743,1610,0,924.8571429,720.7060031,1272.584455,3.17259653,334899.1875,1172137.959,4722692,3,5358387,595376.3333,1551797.393,4722692,3,534671,89111.83333,119630.9914,304554,182,0,0,0,0,224,152,1.866233253,1.306363277,0,1610,378.8333333,621.8068785,386643.7941,0,0,0,1,0,0,0,0,0,401.1176471,34.5,924.8571429,224,0,0,0,0,0,0,10,345,7,6474,8192,237,3,20,0,0,0,0,0,0,0,0,BENIGN
443,5653868,9,7,347,4176,190,0,38.55555556,70.31911389,1460,0,596.5714286,719.8189256,799.9833035,2.829921038,376924.5333,1343254.071,5228749,3,5653868,706733.5,1829022.775,5228749,3,374270,62378.33333,96610.58987,250296,48,0,0,0,0,204,152,1.591830584,1.238090454,0,1460,266.0588235,527.3560788,278104.4338,0,0,0,1,0,0,0,0,0,282.6875,38.55555556,596.5714286,204,0,0,0,0,0,0,9,347,7,4176,8192,110,3,20,425116,0,425116,425116,5228749,0,5228749,5228749,BENIGN
443,5698674,8,7,355,5065,198,0,44.375,75.86442324,1460,0,723.5714286,686.3686709,951.0984485,2.632191278,407048.1429,1415549.162,5321709,4,5698674,814096.2857,1989559.758,5321709,4,125868,20978,32021.18128,67824,48,0,0,0,0,172,152,1.403835348,1.22835593,0,1460,338.75,560.4472619,314101.1333,0,0,0,1,0,0,0,0,0,361.3333333,44.375,723.5714286,172,0,0,0,0,0,0,8,355,7,5065,8192,110,3,20,376961,0,376961,376961,5321709,0,5321709,5321709,BENIGN
443,5097676,9,6,347,3738,190,0,38.55555556,70.31911389,1460,0,623,700.3262097,801.3455543,2.942517335,364119.7143,1190798.576,4495112,0,5097676,637209.5,1562270.501,4495112,2,505528,101105.6,121775.4999,298377,49,0,0,0,0,204,132,1.765510401,1.177006934,0,1460,255.3125,502.7287829,252736.2292,0,0,0,1,0,0,0,0,0,272.3333333,38.55555556,623,204,0,0,0,0,0,0,9,347,6,3738,8192,30,3,20,0,0,0,0,0,0,0,0,BENIGN
443,5247477,9,5,590,4309,342,0,65.55555556,122.0247015,2760,0,861.8,1206.541006,933.5915146,2.667948807,403652.0769,1296770.739,4713619,4,5247477,655934.625,1642711.158,4713619,4,220889,55222.25,37589.92871,84974,280,0,0,0,0,192,112,1.715109947,0.95283886,0,2760,326.6,760.3685948,578160.4,0,0,0,1,0,0,0,0,0,349.9285714,65.55555556,861.8,192,0,0,0,0,0,0,9,590,5,4309,8192,4677,3,20,0,0,0,0,0,0,0,0,BENIGN
443,5164268,9,8,356,3492,199,0,39.55555556,72.76350581,1460,0,436.5,656.0100173,745.1201216,3.291850849,322766.75,1102715.501,4448647,3,5164268,645533.5,1541211.371,4448647,3,449826,64260.85714,110568.0613,302874,48,0,0,0,0,192,168,1.742744567,1.549106282,0,1460,213.7777778,470.9516718,221795.4771,0,0,0,1,0,0,0,0,0,226.3529412,39.55555556,436.5,192,0,0,0,0,0,0,9,356,8,3492,8192,4705,3,20,0,0,0,0,0,0,0,0,BENIGN
1531,3,2,0,31,0,31,0,15.5,21.92031022,0,0,0,0,10300000,666666.6667,3,0,3,3,3,3,0,3,3,0,0,0,0,0,1,0,0,0,40,0,666666.6667,0,0,31,20.66666667,17.89785834,320.3333333,0,1,0,0,1,0,0,0,0,31,15.5,0,40,0,0,0,0,0,0,2,31,0,0,110,-1,0,20,0,0,0,0,0,0,0,0,BENIGN
1529,3,2,0,31,0,31,0,15.5,21.92031022,0,0,0,0,10300000,666666.6667,3,0,3,3,3,3,0,3,3,0,0,0,0,0,1,0,0,0,40,0,666666.6667,0,0,31,20.66666667,17.89785834,320.3333333,0,1,0,0,1,0,0,0,0,31,15.5,0,40,0,0,0,0,0,0,2,31,0,0,110,-1,0,20,0,0,0,0,0,0,0,0,BENIGN
1539,3,2,0,0,0,0,0,0,0,0,0,0,0,0,666666.6667,3,0,3,3,3,3,0,3,3,0,0,0,0,0,0,0,0,0,40,0,666666.6667,0,0,0,0,0,0,0,0,0,0,1,0,0,0,0,0,0,0,40,0,0,0,0,0,0,2,0,0,0,4736,-1,0,20,0,0,0,0,0,0,0,0,BENIGN
1537,4,2,0,0,0,0,0,0,0,0,0,0,0,0,500000,4,0,4,4,4,4,0,4,4,0,0,0,0,0,0,0,0,0,40,0,500000,0,0,0,0,0,0,0,0,0,0,1,1,0,0,0,0,0,0,40,0,0,0,0,0,0,2,0,0,0,4730,-1,0,20,0,0,0,0,0,0,0,0,BENIGN
443,375535,7,6,321,4612,195,0,45.85714286,80.80929932,1460,0,768.6666667,758.8377077,13135.92608,34.61727935,31294.58333,57112.05115,206521,6,375535,62589.16667,82610.88841,230452,21180,102598,20519.6,27297.82903,55194,49,0,0,0,0,152,132,18.6400735,15.97720585,0,1460,352.3571429,603.8330904,364614.4011,0,0,0,1,0,0,0,0,0,379.4615385,45.85714286,768.6666667,152,0,0,0,0,0,0,7,321,6,4612,8192,946,2,20,0,0,0,0,0,0,0,0,BENIGN
1612,4,2,0,31,0,31,0,15.5,21.92031022,0,0,0,0,7750000,500000,4,0,4,4,4,4,0,4,4,0,0,0,0,0,1,0,0,0,40,0,500000,0,0,31,20.66666667,17.89785834,320.3333333,0,1,0,0,1,0,0,0,0,31,15.5,0,40,0,0,0,0,0,0,2,31,0,0,946,-1,0,20,0,0,0,0,0,0,0,0,BENIGN
1535,238,2,1,247,0,216,31,123.5,130.8147545,0,0,0,0,1037815.126,12605.04202,119,9.899494937,126,112,238,238,0,238,238,0,0,0,0,0,1,0,0,0,40,20,8403.361345,4201.680672,0,216,115.75,116.4484865,13560.25,0,1,0,0,1,0,0,0,0,154.3333333,123.5,0,40,0,0,0,0,0,0,2,247,1,0,237,0,1,20,0,0,0,0,0,0,0,0,BENIGN
1544,3,2,0,31,0,31,0,15.5,21.92031022,0,0,0,0,10300000,666666.6667,3,0,3,3,3,3,0,3,3,0,0,0,0,0,1,0,0,0,40,0,666666.6667,0,0,31,20.66666667,17.89785834,320.3333333,0,1,0,0,1,0,0,0,0,31,15.5,0,40,0,0,0,0,0,0,2,31,0,0,30,-1,0,20,0,0,0,0,0,0,0,0,BENIGN
80,47892,3,4,436,860,436,0,145.3333333,251.7247174,860,0,215,430,27060.887,146.1621983,7982,11987.93365,23586,1,24053,12026.5,16057.68789,23381,672,24568,8189.333333,13965.80088,24315,1,0,0,0,0,72,92,62.64094212,83.52125616,0,860,162,320.6564695,102820.5714,0,0,0,1,0,0,0,0,1,185.1428571,145.3333333,215,72,0,0,0,0,0,0,3,436,4,860,8192,31,1,20,0,0,0,0,0,0,0,0,BENIGN
80,10528,2,0,0,0,0,0,0,0,0,0,0,0,0,189.9696049,10528,0,10528,10528,10528,10528,0,10528,10528,0,0,0,0,0,0,0,0,0,40,0,189.9696049,0,0,0,0,0,0,0,0,0,0,1,0,0,0,0,0,0,0,40,0,0,0,0,0,0,2,0,0,0,253,-1,0,20,0,0,0,0,0,0,0,0,BENIGN
443,6018837,9,7,362,5337,205,0,40.22222222,74.41568682,1869,0,762.4285714,799.7324255,946.8606643,2.658320868,401255.8,1469138.627,5708530,3,6018837,752354.625,2004082.699,5708530,3,285957,47659.5,88571.29784,226450,49,0,0,0,0,204,152,1.495305488,1.16301538,0,1869,335.2352941,615.1660883,378429.3162,0,0,0,1,0,0,0,0,0,356.1875,40.22222222,762.4285714,204,0,0,0,0,0,0,9,362,7,5337,8192,237,3,20,310304,0,310304,310304,5708530,0,5708530,5708530,BENIGN
123,66000288,4,4,192,192,48,48,48,0,48,48,48,0,5.81815643,0.121211592,9428612.571,24900000,66000000,3,66000000,22000000,38100000,66000000,3,66000000,22000000,38100000,66000000,4,0,0,0,0,128,128,0.060605796,0.060605796,48,48,48,0,0,0,0,0,0,0,0,0,0,1,54,48,48,128,0,0,0,0,0,0,4,192,4,192,-1,-1,3,32,121,0,121,121,66000000,0,66000000,66000000,BENIGN
443,2087067,9,11,703,3950,267,0,78.11111111,103.3022803,1448,0,359.0909091,569.9183195,2229.444479,9.582826042,109845.6316,222250.0699,765399,3,1226671,153333.875,260480.9418,783929,257,1991707,199170.7,285602.3608,765399,4,0,0,0,0,296,360,4.312271719,5.270554323,0,1448,221.5714286,434.4990876,188789.4571,0,0,0,1,0,0,0,0,1,232.65,78.11111111,359.0909091,296,0,0,0,0,0,0,9,703,11,3950,29200,252,4,32,0,0,0,0,0,0,0,0,BENIGN
443,22688785,13,13,2634,5619,711,0,202.6153846,278.7853232,1460,0,432.2307692,509.3239234,363.7479927,1.145940605,907551.4,2377370.372,9735391,3,17300000,1439124.667,3054446.02,9735391,25162,22600000,1886865.417,3352594.012,10000000,3,0,0,0,0,272,284,0.572970302,0.572970302,0,1460,305.6666667,415.3456392,172512,0,0,0,1,0,0,0,0,1,317.4230769,202.6153846,432.2307692,272,0,0,0,0,0,0,13,2634,13,5619,8192,42,7,20,634417.6667,799718.8048,1545020,46253,6928509.667,2435580.436,9735391,5373033,BENIGN
443,2247,2,0,0,0,0,0,0,0,0,0,0,0,0,890.0756564,2247,0,2247,2247,2247,2247,0,2247,2247,0,0,0,0,0,0,0,0,0,40,0,890.0756564,0,0,0,0,0,0,0,0,0,0,1,0,0,0,0,0,0,0,40,0,0,0,0,0,0,2,0,0,0,254,-1,0,20,0,0,0,0,0,0,0,0,BENIGN
123,68027495,2,2,96,96,48,48,48,0,48,48,48,0,2.822388212,0.058799754,22700000,39200000,68000000,27494,68000000,68000000,0,68000000,68000000,68000000,68000000,0,68000000,68000000,0,0,0,0,64,64,0.029399877,0.029399877,48,48,48,0,0,0,0,0,0,0,0,0,0,1,60,48,48,64,0,0,0,0,0,0,2,96,2,96,-1,-1,1,32,27791,0,27791,27791,68000000,0,68000000,68000000,BENIGN
88,664,7,4,440,358,220,0,62.85714286,107.349008,179,0,89.5,103.3456982,1201807.229,16566.26506,66.4,147.5030696,482,1,664,110.6666667,189.3765209,493,1,559,186.3333333,315.8105972,551,4,0,0,0,0,164,104,10542.16867,6024.096386,0,220,66.5,99.00183653,9801.363636,0,0,0,1,0,0,0,0,0,72.54545455,62.85714286,89.5,164,0,0,0,0,0,0,7,440,4,358,8192,2053,2,20,0,0,0,0,0,0,0,0,BENIGN
88,967,9,4,600,2944,300,0,66.66666667,132.2875656,1472,0,736,849.8595962,3664943.123,13443.64012,80.58333333,194.724728,695,1,967,120.875,263.7040752,771,1,843,281,404.4341726,748,47,0,0,0,0,204,104,9307.135471,4136.504654,0,1472,253.1428571,527.4342623,278186.9011,0,0,0,1,0,0,0,0,0,272.6153846,66.66666667,736,204,0,0,0,0,0,0,9,600,4,2944,8192,2053,2,20,0,0,0,0,0,0,0,0,BENIGN
88,965,7,4,2776,2830,1388,0,396.5714286,677.2746506,1415,0,707.5,816.9506309,5809326.425,11398.96373,96.5,250.4588012,807,2,965,160.8333333,322.2442655,817,2,868,289.3333333,495.0781083,861,3,0,0,0,0,164,104,7253.88601,4145.07772,0,1415,467.1666667,690.0989169,476236.5152,0,0,0,1,0,0,0,0,0,509.6363636,396.5714286,707.5,164,0,0,0,0,0,0,7,2776,4,2830,8192,2053,2,20,0,0,0,0,0,0,0,0,BENIGN
443,5939991,8,8,354,5088,197,0,44.25,75.57541172,1336,0,636,674.0243743,916.1630043,2.693606775,395999.4,1428958.758,5558078,1,5939991,848570.1429,2079215.407,5558078,3,146197,20885.28571,20792.08061,49424,1,0,0,0,0,172,172,1.346803387,1.346803387,0,1336,320.1176471,543.696593,295605.9853,0,0,0,1,0,0,0,0,1,340.125,44.25,636,172,0,0,0,0,0,0,8,354,8,5088,8192,5110,3,20,381910,0,381910,381910,5558078,0,5558078,5558078,BENIGN
80,5308710,3,1,0,0,0,0,0,0,0,0,0,0,0,0.753478717,1769570,3044917.595,5285513,119,5308710,2654355,3721019.328,5285513,23197,0,0,0,0,0,0,0,0,0,72,32,0.565109038,0.188369679,0,0,0,0,0,0,0,0,1,0,0,0,0,0,0,0,0,72,0,0,0,0,0,0,3,0,1,0,8192,29200,0,20,0,0,0,0,0,0,0,0,BENIGN
443,5648465,8,5,346,3410,189,0,43.25,73.28369532,1692,0,682,826.9534449,664.9594182,2.301510233,470705.4167,1446542.315,5059023,49,5648465,806923.5714,1878282.407,5059023,49,269532,67383,72840.98551,139082,215,0,0,0,0,172,112,1.41631399,0.885196244,0,1692,268.2857143,561.9954049,315838.8352,0,0,0,1,0,0,0,0,0,288.9230769,43.25,682,172,0,0,0,0,0,0,8,346,5,3410,8192,119,3,20,589393,0,589393,589393,5059023,0,5059023,5059023,BENIGN
443,5648475,9,6,343,5047,186,0,38.11111111,69.2467408,2920,0,841.1666667,1138.122035,954.2398612,2.655584029,403462.5,1399376.697,5262069,3,5648475,706059.375,1842675.728,5262069,3,139451,27890.2,37288.0026,69762,196,0,0,0,0,192,132,1.593350418,1.062233612,0,2920,336.875,772.7722282,597176.9167,0,0,0,1,0,0,0,0,0,359.3333333,38.11111111,841.1666667,192,0,0,0,0,0,0,9,343,6,5047,8192,110,3,20,386403,0,386403,386403,5262069,0,5262069,5262069,BENIGN
443,6010114,9,7,351,4156,194,0,39,71.40028011,1460,0,593.7142857,634.9828644,749.9025809,2.66217912,400674.2667,1373456.717,5360574,4,6010114,751264.25,1864803.657,5360574,4,554409,92401.5,118886.0078,294586,48,0,0,0,0,204,152,1.497475755,1.164703365,0,1460,265.1176471,483.8829769,234142.7353,0,0,0,1,0,0,0,0,0,281.6875,39,593.7142857,204,0,0,0,0,0,0,9,351,7,4156,8192,30,3,20,649536,0,649536,649536,5360574,0,5360574,5360574,BENIGN
88,617,7,4,452,370,226,0,64.57142857,110.2767082,185,0,92.5,106.8097998,1332252.836,17828.20097,61.7,119.2784324,394,1,617,102.8333333,178.1397392,463,1,461,153.6666667,260.0967769,454,3,0,0,0,0,164,104,11345.2188,6482.982172,0,226,68.5,101.9335791,10390.45455,0,0,0,1,0,0,0,0,0,74.72727273,64.57142857,92.5,164,0,0,0,0,0,0,7,452,4,370,8192,2053,2,20,0,0,0,0,0,0,0,0,BENIGN
88,878,9,4,612,2944,306,0,68,134.9333169,1472,0,736,849.8595962,4050113.895,14806.37813,73.16666667,188.4013286,668,1,878,109.75,228.0869195,671,1,744,248,421.754668,735,4,0,0,0,0,204,104,10250.56948,4555.808656,0,1472,254,527.5207615,278278.1538,0,0,0,1,0,0,0,0,0,273.5384615,68,736,204,0,0,0,0,0,0,9,612,4,2944,8192,2053,2,20,0,0,0,0,0,0,0,0,BENIGN
1558,6248,2,0,0,0,0,0,0,0,0,0,0,0,0,320.1024328,6248,0,6248,6248,6248,6248,0,6248,6248,0,0,0,0,0,0,0,0,0,40,0,320.1024328,0,0,0,0,0,0,0,0,0,0,1,0,0,0,0,0,0,0,40,0,0,0,0,0,0,2,0,0,0,6570,-1,0,20,0,0,0,0,0,0,0,0,BENIGN
1563,1,2,0,31,0,31,0,15.5,21.92031022,0,0,0,0,31000000,2000000,1,0,1,1,1,1,0,1,1,0,0,0,0,0,1,0,0,0,40,0,2000000,0,0,31,20.66666667,17.89785834,320.3333333,0,1,0,0,1,0,0,0,0,31,15.5,0,40,0,0,0,0,0,0,2,31,0,0,110,-1,0,20,0,0,0,0,0,0,0,0,BENIGN
88,1087,9,6,3100,3030,1550,0,344.4444444,683.4857554,1515,0,505,782.3426359,5639374.425,13799.44802,77.64285714,209.0519285,798,1,1087,135.875,317.2652957,915,1,1017,203.4,337.8080816,798,1,0,0,0,0,204,144,8279.668813,5519.779209,0,1550,383.125,685.4144124,469792.9167,0,0,0,1,0,0,0,0,0,408.6666667,344.4444444,505,204,0,0,0,0,0,0,9,3100,6,3030,8192,2053,2,20,0,0,0,0,0,0,0,0,BENIGN
123,67016390,2,2,96,96,48,48,48,0,48,48,48,0,2.864970793,0.059686892,22300000,38700000,67000000,16100,67000000,67000000,0,67000000,67000000,67000000,67000000,0,67000000,67000000,0,0,0,0,64,64,0.029843446,0.029843446,48,48,48,0,0,0,0,0,0,0,0,0,0,1,60,48,48,64,0,0,0,0,0,0,2,96,2,96,-1,-1,1,32,16100,0,16100,16100,67000000,0,67000000,67000000,BENIGN
123,66022848,2,2,96,96,48,48,48,0,48,48,48,0,2.908084183,0.060585087,22000000,38100000,66000000,22686,66000000,66000000,0,66000000,66000000,66000000,66000000,0,66000000,66000000,0,0,0,0,64,64,0.030292544,0.030292544,48,48,48,0,0,0,0,0,0,0,0,0,0,1,60,48,48,64,0,0,0,0,0,0,2,96,2,96,-1,-1,1,32,22702,0,22702,22702,66000000,0,66000000,66000000,BENIGN
443,10395101,7,10,703,6642,388,0,100.4285714,148.0651401,1460,0,664.2,689.6518929,706.5828413,1.635385746,649693.8125,2438629.982,9790968,3,604130,100688.3333,104034.8697,234181,21753,10400000,1152373.556,3319087.477,10000000,3,0,0,0,0,152,212,0.673394131,0.961991615,0,1460,408.0555556,588.9755285,346892.1732,0,0,0,1,0,0,0,0,1,432.0588235,100.4285714,664.2,152,0,0,0,0,0,0,7,703,10,6642,8192,245,3,20,604130,0,604130,604130,9790968,0,9790968,9790968,BENIGN
443,348,2,0,0,0,0,0,0,0,0,0,0,0,0,5747.126437,348,0,348,348,348,348,0,348,348,0,0,0,0,0,0,0,0,0,40,0,5747.126437,0,0,0,0,0,0,0,0,0,0,1,0,0,0,0,0,0,0,40,0,0,0,0,0,0,2,0,0,0,254,-1,0,20,0,0,0,0,0,0,0,0,BENIGN
443,10494666,9,10,747,6657,431,0,83,148.0531999,1460,0,665.7,689.537212,705.5012518,1.810443515,583037,2303058.484,9806862,48,10500000,1311386.75,3434101.622,9806862,250,10500000,1163425.333,3315508.588,10000000,48,0,0,0,0,192,212,0.857578507,0.952865008,0,1460,370.2,571.5683502,326690.3789,0,0,0,1,0,0,0,0,1,389.6842105,83,665.7,192,0,0,0,0,0,0,9,747,10,6657,8192,245,4,20,684232,0,684232,684232,9806862,0,9806862,9806862,BENIGN
443,5157118,7,7,346,3586,196,0,49.42857143,85.45341254,1460,0,512.2857143,589.0706563,762.4413481,2.714694525,396701.3846,1312335.318,4760652,4,396462,66077,89458.66727,246293,5684,5114814,852469,1916672.805,4760689,4,0,0,0,0,164,152,1.357347263,1.357347263,0,1460,262.1333333,458.9809935,210663.5524,0,0,0,1,0,0,0,0,1,280.8571429,49.42857143,512.2857143,164,0,0,0,0,0,0,7,346,7,3586,8192,123,2,20,0,0,0,0,0,0,0,0,BENIGN
443,170,2,0,0,0,0,0,0,0,0,0,0,0,0,11764.70588,170,0,170,170,170,170,0,170,170,0,0,0,0,0,0,0,0,0,40,0,11764.70588,0,0,0,0,0,0,0,0,0,0,1,0,0,0,0,0,0,0,40,0,0,0,0,0,0,2,0,0,0,254,-1,0,20,0,0,0,0,0,0,0,0,BENIGN
80,25982906,6,6,432,1388,430,0,72,175.3841498,1388,0,231.3333333,566.6486272,70.04605259,0.461842105,2362082.364,4102162.167,10000000,52,20300000,4051404.6,5374461.38,10000000,23057,26000000,5191980.2,5019518.009,10100000,2152,0,0,0,0,132,156,0.230921052,0.230921052,0,1388,140,393.3452682,154720.5,0,0,0,1,0,0,0,0,1,151.6666667,72,231.3333333,132,0,0,0,0,0,0,6,432,6,1388,8192,946,3,20,202740,254071.9518,382396,23084,9925771.5,129518.6278,10000000,9834188,BENIGN
80,209,2,0,0,0,0,0,0,0,0,0,0,0,0,9569.37799,209,0,209,209,209,209,0,209,209,0,0,0,0,0,0,0,0,0,40,0,9569.37799,0,0,0,0,0,0,0,0,0,0,1,0,0,0,0,0,0,0,40,0,0,0,0,0,0,2,0,0,0,251,-1,0,20,0,0,0,0,0,0,0,0,BENIGN
123,66016509,2,2,96,96,48,48,48,0,48,48,48,0,2.908363422,0.060590905,22000000,38100000,66000000,16349,66000000,66000000,0,66000000,66000000,66000000,66000000,0,66000000,66000000,0,0,0,0,64,64,0.030295452,0.030295452,48,48,48,0,0,0,0,0,0,0,0,0,0,1,60,48,48,64,0,0,0,0,0,0,2,96,2,96,-1,-1,1,32,16349,0,16349,16349,66000000,0,66000000,66000000,BENIGN
123,66055797,2,2,96,96,48,48,48,0,48,48,48,0,2.906633615,0.060554867,22000000,38000000,65900000,55805,66000000,66000000,0,66000000,66000000,66000000,66000000,0,66000000,66000000,0,0,0,0,52,64,0.030277433,0.030277433,48,48,48,0,0,0,0,0,0,0,0,0,0,1,60,48,48,52,0,0,0,0,0,0,2,96,2,96,-1,-1,1,20,78362,0,78362,78362,65900000,0,65900000,65900000,BENIGN
443,5788490,8,8,346,4871,189,0,43.25,73.28369532,1460,0,608.875,669.5922933,901.271316,2.76410601,385899.3333,1371895.878,5339550,3,5788490,826927.1429,1992588.836,5339550,3,398474,56924.85714,92653.35508,251368,48,0,0,0,0,184,172,1.382053005,1.382053005,0,1460,306.8823529,533.6115022,284741.2353,0,0,0,1,0,0,0,0,1,326.0625,43.25,608.875,184,0,0,0,0,0,0,8,346,8,4871,8192,110,3,20,448937,0,448937,448937,5339550,0,5339550,5339550,BENIGN
443,5606180,9,7,352,3943,195,0,39.11111111,71.67189903,1460,0,563.2857143,636.7026293,766.1188189,2.853993272,373745.3333,1334508.682,5193742,3,5606180,700772.5,1817427.405,5193742,3,361483,60247.16667,95053.41984,245959,48,0,0,0,0,204,152,1.605371215,1.248622056,0,1460,252.6470588,475.8623673,226444.9926,0,0,0,1,0,0,0,0,0,268.4375,39.11111111,563.2857143,204,0,0,0,0,0,0,9,352,7,3943,8192,10,3,20,412435,0,412435,412435,5193742,0,5193742,5193742,BENIGN
443,5098025,9,7,344,3786,187,0,38.22222222,69.5139874,1460,0,540.8571429,683.6681526,810.1176436,3.13847029,339868.3333,1197275.608,4662050,3,5098025,637253.125,1629095.824,4662050,3,385324,64220.66667,95514.45185,248203,50,0,0,0,0,204,152,1.765389538,1.373080752,0,1460,242.9411765,493.7456925,243784.8088,0,0,0,1,0,0,0,0,0,258.125,38.22222222,540.8571429,204,0,0,0,0,0,0,9,344,7,3786,8192,119,3,20,0,0,0,0,0,0,0,0,BENIGN
389,406849,15,12,4076,1020,1646,0,271.7333333,562.9358586,210,0,85,91.22200691,12525.53159,66.36368776,15648.03846,69148.25766,350707,3,406849,29060.64286,93683.3727,350707,3,406814,36983.09091,121950.8547,404678,47,0,0,0,0,324,264,36.86871542,29.49497234,0,1646,182,421.4131429,177589.037,0,0,0,1,0,0,0,0,0,188.7407407,271.7333333,85,324,0,0,0,0,0,0,15,4076,12,1020,8192,0,8,20,0,0,0,0,0,0,0,0,BENIGN
49479,21,1,1,0,0,0,0,0,0,0,0,0,0,0,95238.09524,21,0,21,21,0,0,0,0,0,0,0,0,0,0,0,0,0,0,20,20,47619.04762,47619.04762,0,0,0,0,0,1,0,0,0,0,0,0,0,1,0,0,0,20,0,0,0,0,0,0,1,0,1,0,0,254,0,20,0,0,0,0,0,0,0,0,BENIGN
1570,4,2,0,31,0,31,0,15.5,21.92031022,0,0,0,0,7750000,500000,4,0,4,4,4,4,0,4,4,0,0,0,0,0,1,0,0,0,40,0,500000,0,0,31,20.66666667,17.89785834,320.3333333,0,1,0,0,1,0,0,0,0,31,15.5,0,40,0,0,0,0,0,0,2,31,0,0,110,-1,0,20,0,0,0,0,0,0,0,0,BENIGN
1581,3,2,0,31,0,31,0,15.5,21.92031022,0,0,0,0,10300000,666666.6667,3,0,3,3,3,3,0,3,3,0,0,0,0,0,1,0,0,0,40,0,666666.6667,0,0,31,20.66666667,17.89785834,320.3333333,0,1,0,0,1,0,0,0,0,31,15.5,0,40,0,0,0,0,0,0,2,31,0,0,119,-1,0,20,0,0,0,0,0,0,0,0,BENIGN
443,5439399,7,8,815,4109,469,0,116.4285714,176.0623537,1460,0,513.625,564.3111952,905.2470687,2.757657602,388528.5,1254199.953,4738407,3,700989,116831.5,112905.8063,304427,10527,5397011,771001.5714,1752328.983,4738532,3,0,0,0,0,164,172,1.286906881,1.470750721,0,1460,307.75,454.9821242,207008.7333,0,0,0,1,0,0,0,0,1,328.2666667,116.4285714,513.625,164,0,0,0,0,0,0,7,815,8,4109,8192,127,3,20,0,0,0,0,0,0,0,0,BENIGN
443,272,2,0,0,0,0,0,0,0,0,0,0,0,0,7352.941176,272,0,272,272,272,272,0,272,272,0,0,0,0,0,0,0,0,0,40,0,7352.941176,0,0,0,0,0,0,0,0,0,0,1,0,0,0,0,0,0,0,40,0,0,0,0,0,0,2,0,0,0,253,-1,0,20,0,0,0,0,0,0,0,0,BENIGN
123,69043359,2,2,96,96,48,48,48,0,48,48,48,0,2.780861227,0.057934609,23000000,39800000,69000000,43297,69000000,69000000,0,69000000,69000000,69000000,69000000,0,69000000,69000000,0,0,0,0,64,64,0.028967304,0.028967304,48,48,48,0,0,0,0,0,0,0,0,0,0,1,60,48,48,64,0,0,0,0,0,0,2,96,2,96,-1,-1,1,32,44844,0,44844,44844,69000000,0,69000000,69000000,BENIGN
443,305811,9,8,2907,6525,1829,0,323,608.3648165,1460,0,815.625,701.0981055,30842.57924,55.58989049,19113.1875,28022.57826,66410,12,305811,38226.375,39431.63192,98398,65,234539,33505.57143,34770.82678,76137,48,0,0,0,0,192,172,29.42994202,26.15994846,0,1829,524,673.8902861,454128.1176,0,0,0,1,0,0,0,0,0,554.8235294,323,815.625,192,0,0,0,0,0,0,9,2907,8,6525,8192,510,4,20,0,0,0,0,0,0,0,0,BENIGN
443,5895827,9,8,349,5095,192,0,38.77777778,70.85862294,1460,0,636.875,677.2959761,923.3649495,2.883395324,368489.1875,1349434.956,5424959,3,5895827,736978.375,1896015.053,5424959,48,420227,60032.42857,93432.07866,252155,48,0,0,0,0,204,172,1.526503407,1.356891917,0,1460,302.4444444,534.8545951,286069.4379,0,0,0,1,0,0,0,0,0,320.2352941,38.77777778,636.875,204,0,0,0,0,0,0,9,349,8,5095,8192,110,3,20,470820,0,470820,470820,5424959,0,5424959,5424959,BENIGN
443,5539737,9,7,349,3533,192,0,38.77777778,70.85862294,1460,0,504.7142857,676.555914,700.7552886,2.888223755,369315.8,1315541.147,5120973,3,5539737,692467.125,1791243.445,5120973,3,368345,61390.83333,95848.79936,248223,49,0,0,0,0,204,152,1.624625862,1.263597893,0,1460,228.3529412,480.6738683,231047.3676,0,0,0,1,0,0,0,0,0,242.625,38.77777778,504.7142857,204,0,0,0,0,0,0,9,349,7,3533,8192,110,3,20,418761,0,418761,418761,5120973,0,5120973,5120973,BENIGN
443,5677124,6,4,599,156,517,0,99.83333333,205.4511296,156,0,39,78,132.989873,1.761455272,630791.5556,1829069.506,5507997,3,5677124,1135424.8,2479160.514,5570062,3,139246,46415.33333,48704.22643,97359,312,0,0,0,0,132,92,1.056873163,0.704582109,0,517,68.63636364,156.0020979,24336.65455,0,0,0,1,0,0,0,0,0,75.5,99.83333333,39,132,0,0,0,0,0,0,6,599,4,156,8192,119,3,20,169124,0,169124,169124,5507997,0,5507997,5507997,BENIGN
443,5312654,9,8,351,5304,194,0,39,71.40028011,1460,0,663,692.6204898,1064.439732,3.19990724,332040.875,1176057.657,4736832,48,5312654,664081.75,1648328.488,4736832,48,491894,70270.57143,106918.2147,287042,48,0,0,0,0,204,172,1.694068539,1.505838701,0,1460,314.1666667,550.5331373,303086.7353,0,0,0,1,0,0,0,0,0,332.6470588,39,663,204,0,0,0,0,0,0,9,351,8,5304,8192,110,3,20,0,0,0,0,0,0,0,0,BENIGN
443,5334811,9,8,355,5095,198,0,39.44444444,72.48984603,1460,0,636.875,677.2959761,1021.591955,3.186617108,333425.6875,1222901.898,4913595,3,5334811,666851.375,1718747.626,4913595,3,370899,52985.57143,91174.43638,250043,49,0,0,0,0,204,172,1.687032587,1.499584521,0,1460,302.7777778,534.7835797,285993.4771,0,0,0,1,0,0,0,0,0,320.5882353,39.44444444,636.875,204,0,0,0,0,0,0,9,355,8,5095,8192,110,3,20,0,0,0,0,0,0,0,0,BENIGN
1587,4,2,0,0,0,0,0,0,0,0,0,0,0,0,500000,4,0,4,4,4,4,0,4,4,0,0,0,0,0,0,0,0,0,40,0,500000,0,0,0,0,0,0,0,0,0,0,1,0,0,0,0,0,0,0,40,0,0,0,0,0,0,2,0,0,0,119,-1,0,20,0,0,0,0,0,0,0,0,BENIGN
1583,4,2,0,31,0,31,0,15.5,21.92031022,0,0,0,0,7750000,500000,4,0,4,4,4,4,0,4,4,0,0,0,0,0,1,0,0,0,40,0,500000,0,0,31,20.66666667,17.89785834,320.3333333,0,1,0,0,1,0,0,0,0,31,15.5,0,40,0,0,0,0,0,0,2,31,0,0,110,-1,0,20,0,0,0,0,0,0,0,0,BENIGN
1588,3,2,0,31,0,31,0,15.5,21.92031022,0,0,0,0,10300000,666666.6667,3,0,3,3,3,3,0,3,3,0,0,0,0,0,1,0,0,0,40,0,666666.6667,0,0,31,20.66666667,17.89785834,320.3333333,0,1,0,0,1,0,0,0,0,31,15.5,0,40,0,0,0,0,0,0,2,31,0,0,110,-1,0,20,0,0,0,0,0,0,0,0,BENIGN
1591,265,2,1,31,0,31,0,15.5,21.92031022,0,0,0,0,116981.1321,11320.75472,132.5,70.00357134,182,83,265,265,0,265,265,0,0,0,0,0,1,0,0,0,40,20,7547.169811,3773.584906,0,31,15.5,17.89785834,320.3333333,0,1,0,0,1,0,0,0,0,20.66666667,15.5,0,40,0,0,0,0,0,0,2,31,1,0,110,0,0,20,0,0,0,0,0,0,0,0,BENIGN
1592,3,2,0,31,0,31,0,15.5,21.92031022,0,0,0,0,10300000,666666.6667,3,0,3,3,3,3,0,3,3,0,0,0,0,0,1,0,0,0,40,0,666666.6667,0,0,31,20.66666667,17.89785834,320.3333333,0,1,0,0,1,0,0,0,0,31,15.5,0,40,0,0,0,0,0,0,2,31,0,0,110,-1,0,20,0,0,0,0,0,0,0,0,BENIGN
443,10439159,8,9,764,6060,448,0,95.5,160.2310831,1883,0,673.3333333,730.7651812,653.6925053,1.628483674,652447.4375,2411910.314,9693176,4,745979,106568.4286,114100.7496,311199,16132,10400000,1298556.625,3393847.466,9693206,4,0,0,0,0,184,192,0.766345258,0.862138416,0,1883,379.1111111,594.987285,354009.8693,0,0,0,1,0,0,0,0,1,401.4117647,95.5,673.3333333,184,0,0,0,0,0,0,8,764,9,6060,8192,123,3,20,745979,0,745979,745979,9693176,0,9693176,9693176,BENIGN
443,273,2,0,0,0,0,0,0,0,0,0,0,0,0,7326.007326,273,0,273,273,273,273,0,273,273,0,0,0,0,0,0,0,0,0,40,0,7326.007326,0,0,0,0,0,0,0,0,0,0,1,0,0,0,0,0,0,0,40,0,0,0,0,0,0,2,0,0,0,253,-1,0,20,0,0,0,0,0,0,0,0,BENIGN
443,28529998,17,16,2869,12986,587,0,168.7647059,235.8001085,1689,0,811.625,567.4961233,555.7308486,1.156677263,891562.4375,2410830.116,9790514,50,18700000,1171204,2420295.659,8633020,531,28500000,1899841.8,3346053.236,10000000,50,0,0,0,0,388,332,0.595864045,0.560813218,0,1689,466.3235294,532.313232,283357.377,0,0,0,1,0,0,0,0,0,480.4545455,168.7647059,811.625,388,0,0,0,0,0,0,17,2869,16,12986,8192,65,7,20,5053122,614137.7958,5487383,4618861,9211767,818471.8566,9790514,8633020,BENIGN
443,10560626,11,10,820,5932,503,0,74.54545455,156.1597667,1883,0,593.2,714.6571517,639.3560382,1.988518484,528031.3,2171239.422,9747189,10,10600000,1055707.5,3056023.126,9747189,2819,10500000,1167781.889,3220104.833,9750599,49,0,0,0,0,256,212,1.04160492,0.946913564,0,1883,306.9090909,549.8143331,302295.8009,0,0,0,1,0,0,0,0,0,321.5238095,74.54545455,593.2,256,0,0,0,0,0,0,11,820,10,5932,8192,123,4,20,809886,0,809886,809886,9747189,0,9747189,9747189,BENIGN
443,17,2,0,0,0,0,0,0,0,0,0,0,0,0,117647.0588,17,0,17,17,17,17,0,17,17,0,0,0,0,0,0,0,0,0,40,0,117647.0588,0,0,0,0,0,0,0,0,0,0,1,0,0,0,0,0,0,0,40,0,0,0,0,0,0,2,0,0,0,254,-1,0,20,0,0,0,0,0,0,0,0,BENIGN
389,1774,5,2,0,0,0,0,0,0,0,0,0,0,0,3945.885006,295.6666667,641.4264312,1604,4,1774,443.5,775.0894572,1604,4,4,4,0,4,4,0,0,0,0,184,80,2818.48929,1127.395716,0,0,0,0,0,0,0,0,1,0,0,0,0,0,0,0,0,184,0,0,0,0,0,0,5,0,2,0,65535,8192,0,32,0,0,0,0,0,0,0,0,BENIGN
123,69022136,2,2,96,96,48,48,48,0,48,48,48,0,2.781716289,0.057952423,23000000,39800000,69000000,22144,69000000,69000000,0,69000000,69000000,69000000,69000000,0,69000000,69000000,0,0,0,0,52,52,0.028976211,0.028976211,48,48,48,0,0,0,0,0,0,0,0,0,0,1,60,48,48,52,0,0,0,0,0,0,2,96,2,96,-1,-1,1,20,22355,0,22355,22355,69000000,0,69000000,69000000,BENIGN
443,5304802,8,8,821,4779,487,0,102.625,174.0500236,1674,0,597.375,661.8063889,1055.647317,3.016135192,353653.4667,1215120.332,4741289,34,563304,80472,94237.26506,273095,609,5254060,750580,1762014.569,4741323,209,0,0,0,0,184,172,1.508067596,1.508067596,0,1674,329.4117647,522.755447,273273.2574,0,0,0,1,0,0,0,0,1,350,102.625,597.375,184,0,0,0,0,0,0,8,821,8,4779,8192,227,3,20,0,0,0,0,0,0,0,0,BENIGN
443,107,2,0,0,0,0,0,0,0,0,0,0,0,0,18691.58879,107,0,107,107,107,107,0,107,107,0,0,0,0,0,0,0,0,0,40,0,18691.58879,0,0,0,0,0,0,0,0,0,0,1,0,0,0,0,0,0,0,40,0,0,0,0,0,0,2,0,0,0,252,-1,0,20,0,0,0,0,0,0,0,0,BENIGN
80,374637,8,6,590,4907,198,0,73.75,101.7879448,1701,0,817.8333333,897.8265794,14672.87,37.36950702,28818.23077,57179.03405,209739,65,164898,23556.85714,19582.94572,60563,94,351006,70201.2,83833.90439,209811,2767,0,0,0,0,172,132,21.35400401,16.01550301,0,1701,366.4666667,662.5244865,438938.6952,0,0,0,1,0,0,0,0,0,392.6428571,73.75,817.8333333,172,0,0,0,0,0,0,8,590,6,4907,8192,1013,3,20,0,0,0,0,0,0,0,0,BENIGN
80,49,2,0,0,0,0,0,0,0,0,0,0,0,0,40816.32653,49,0,49,49,49,49,0,49,49,0,0,0,0,0,0,0,0,0,40,0,40816.32653,0,0,0,0,0,0,0,0,0,0,1,0,0,0,0,0,0,0,40,0,0,0,0,0,0,2,0,0,0,256,-1,0,20,0,0,0,0,0,0,0,0,BENIGN
3268,1386,5,2,0,0,0,0,0,0,0,0,0,0,0,5050.505051,231,490.9199527,1232,3,1386,346.5,591.7479756,1232,3,3,3,0,3,3,0,0,0,0,184,80,3607.503608,1443.001443,0,0,0,0,0,0,0,0,1,0,0,0,0,0,0,0,0,184,0,0,0,0,0,0,5,0,2,0,65535,8192,0,32,0,0,0,0,0,0,0,0,BENIGN
80,5183475,3,1,0,0,0,0,0,0,0,0,0,0,0,0.771683089,1727825,2972447.664,5160086,143,5183475,2591737.5,3632193.282,5160086,23389,0,0,0,0,0,0,0,0,0,72,32,0.578762317,0.192920772,0,0,0,0,0,0,0,0,1,0,0,0,0,0,0,0,0,72,0,0,0,0,0,0,3,0,1,0,8192,29200,0,20,0,0,0,0,0,0,0,0,BENIGN
443,5671574,8,9,356,5336,199,0,44.5,76.15397935,1460,0,592.8888889,711.7084102,1003.601469,2.997404248,354473.375,1369510.22,5489770,3,5671574,810224.8571,2063565.738,5489770,3,142291,17786.375,23491.45595,49903,49,0,0,0,0,172,188,1.410543175,1.586861072,0,1460,316.2222222,567.3668339,321905.1242,0,0,0,1,0,0,0,0,1,334.8235294,44.5,592.8888889,172,0,0,0,0,0,0,8,356,9,5336,8192,4705,3,20,181801,0,181801,181801,5489770,0,5489770,5489770,BENIGN
443,5506324,8,7,347,4610,190,0,43.375,73.56811712,2636,0,658.5714286,1013.419107,900.2376177,2.724140461,393308.8571,1377514.147,5174696,2,5506324,786617.7143,1937066.539,5174696,48,308431,51405.16667,90740.2674,233032,2,0,0,0,0,184,152,1.452874913,1.271265548,0,2636,309.8125,717.1852591,514354.6958,0,0,0,1,0,0,0,0,0,330.4666667,43.375,658.5714286,184,0,0,0,0,0,0,8,347,7,4610,8192,946,3,20,331580,0,331580,331580,5174696,0,5174696,5174696,BENIGN
80,5233211,3,1,0,0,0,0,0,0,0,0,0,0,0,0.764349077,1744403.667,3001335.386,5210022,137,5233211,2616605.5,3667644.787,5210022,23189,0,0,0,0,0,0,0,0,0,72,32,0.573261808,0.191087269,0,0,0,0,0,0,0,0,1,0,0,0,0,0,0,0,0,72,0,0,0,0,0,0,3,0,1,0,8192,29200,0,20,0,0,0,0,0,0,0,0,BENIGN
80,5233137,3,1,0,0,0,0,0,0,0,0,0,0,0,0.764359886,1744379,3001275.799,5209928,28,5233137,2616568.5,3667564.177,5209928,23209,0,0,0,0,0,0,0,0,0,72,32,0.573269914,0.191089971,0,0,0,0,0,0,0,0,1,0,0,0,0,0,0,0,0,72,0,0,0,0,0,0,3,0,1,0,8192,29200,0,20,0,0,0,0,0,0,0,0,BENIGN
443,5233122,9,6,352,3184,195,0,39.11111111,71.67189903,1622,0,530.6666667,784.6073328,675.6960759,2.866357788,373794.4286,1263092.774,4757905,3,5233122,654140.25,1660256.753,4757905,3,424515,84903,103160.0931,248607,257,0,0,0,0,204,132,1.719814673,1.146543115,0,1622,221,519.0434792,269406.1333,0,0,0,1,0,0,0,0,0,235.7333333,39.11111111,530.6666667,204,0,0,0,0,0,0,9,352,6,3184,8192,110,3,20,0,0,0,0,0,0,0,0,BENIGN
1607,3,2,0,31,0,31,0,15.5,21.92031022,0,0,0,0,10300000,666666.6667,3,0,3,3,3,3,0,3,3,0,0,0,0,0,1,0,0,0,40,0,666666.6667,0,0,31,20.66666667,17.89785834,320.3333333,0,1,0,0,1,0,0,0,0,31,15.5,0,40,0,0,0,0,0,0,2,31,0,0,946,-1,0,20,0,0,0,0,0,0,0,0,BENIGN
1603,4,2,0,0,0,0,0,0,0,0,0,0,0,0,500000,4,0,4,4,4,4,0,4,4,0,0,0,0,0,0,0,0,0,40,0,500000,0,0,0,0,0,0,0,0,0,0,1,0,0,0,0,0,0,0,40,0,0,0,0,0,0,2,0,0,0,4736,-1,0,20,0,0,0,0,0,0,0,0,BENIGN
1617,4,2,0,31,0,31,0,15.5,21.92031022,0,0,0,0,7750000,500000,4,0,4,4,4,4,0,4,4,0,0,0,0,0,1,0,0,0,40,0,500000,0,0,31,20.66666667,17.89785834,320.3333333,0,1,0,0,1,0,0,0,0,31,15.5,0,40,0,0,0,0,0,0,2,31,0,0,110,-1,0,20,0,0,0,0,0,0,0,0,BENIGN
443,8921124,10,10,902,4733,587,0,90.2,187.025132,1692,0,473.3,616.7118992,631.6468642,2.241869971,469532.8421,1707138.315,7509489,4,1411631,156847.8889,143509.8145,389205,7294,8807108,978567.5556,2453579.805,7509522,4,0,0,0,0,236,212,1.120934985,1.120934985,0,1692,268.3333333,476.8248455,227361.9333,0,0,0,1,0,0,0,0,1,281.75,90.2,473.3,236,0,0,0,0,0,0,10,902,10,4733,8192,123,3,20,1411631,0,1411631,1411631,7509489,0,7509489,7509489,BENIGN
443,312,2,0,0,0,0,0,0,0,0,0,0,0,0,6410.25641,312,0,312,312,312,312,0,312,312,0,0,0,0,0,0,0,0,0,40,0,6410.25641,0,0,0,0,0,0,0,0,0,0,1,0,0,0,0,0,0,0,40,0,0,0,0,0,0,2,0,0,0,253,-1,0,20,0,0,0,0,0,0,0,0,BENIGN
443,4106194,9,11,703,3950,267,0,78.11111111,103.3022803,1448,0,359.0909091,569.9183195,1133.166139,4.870690474,216115.4737,445639.0147,1403040,9,3260386,407548.25,664217.6033,1498016,197,4010823,401082.3,564184.5783,1403040,49,0,0,0,0,296,360,2.191810713,2.678879761,0,1448,221.5714286,434.4990876,188789.4571,0,0,0,1,0,0,0,0,1,232.65,78.11111111,359.0909091,296,0,0,0,0,0,0,9,703,11,3950,29200,252,4,32,0,0,0,0,0,0,0,0,BENIGN
80,703662,5,6,213,4553,213,0,42.6,95.25649584,1633,0,758.8333333,833.6571038,6773.13824,15.63250538,70366.2,206071.7436,656230,24,47432,11858,13636.4677,24195,49,680672,136134.4,290926.6971,656254,51,0,0,0,0,112,132,7.105684263,8.526821116,0,1633,397.1666667,679.7300043,462032.8788,0,0,0,1,0,0,0,0,1,433.2727273,42.6,758.8333333,112,0,0,0,0,0,0,5,213,6,4553,8192,946,1,20,0,0,0,0,0,0,0,0,BENIGN
80,3,2,0,0,0,0,0,0,0,0,0,0,0,0,666666.6667,3,0,3,3,3,3,0,3,3,0,0,0,0,0,0,0,0,0,40,0,666666.6667,0,0,0,0,0,0,0,0,0,0,1,0,0,0,0,0,0,0,40,0,0,0,0,0,0,2,0,0,0,256,-1,0,20,0,0,0,0,0,0,0,0,BENIGN
443,11035025,9,9,773,4251,457,0,85.88888889,155.8977585,1460,0,472.3333333,613.0307904,455.2776274,1.631169843,649119.1176,2360399.307,9802150,3,1232872,154109,128774.2596,303002,8428,10900000,1367247.625,3491922.926,10000000,3,0,0,0,0,204,192,0.815584922,0.815584922,0,1460,264.4210526,468.2542419,219262.0351,0,0,0,1,0,0,0,0,1,279.1111111,85.88888889,472.3333333,204,0,0,0,0,0,0,9,773,9,4251,8192,31,3,20,1232872,0,1232872,1232872,9802150,0,9802150,9802150,BENIGN
443,258,2,0,0,0,0,0,0,0,0,0,0,0,0,7751.937984,258,0,258,258,258,258,0,258,258,0,0,0,0,0,0,0,0,0,40,0,7751.937984,0,0,0,0,0,0,0,0,0,0,1,0,0,0,0,0,0,0,40,0,0,0,0,0,0,2,0,0,0,254,-1,0,20,0,0,0,0,0,0,0,0,BENIGN
389,44652,19,8,298,714,64,0,15.68421053,24.00937926,144,0,89.25,58.96912025,22664.15838,604.6761623,1717.384615,8534.309172,43560,1,44652,2480.666667,10252.1219,43560,1,894,127.7142857,146.6716449,343,1,0,0,0,0,632,272,425.512855,179.1633074,0,144,36.14285714,49.64295801,2464.42328,0,0,0,1,0,0,0,0,0,37.48148148,15.68421053,89.25,632,0,0,0,0,0,0,19,298,8,714,65535,2081,8,32,0,0,0,0,0,0,0,0,BENIGN
389,92980,17,8,284,714,64,0,16.70588235,25.25807966,144,0,89.25,58.96912025,10733.49107,268.8750269,3874.166667,18643.97163,91404,3,92980,5811.25,22824.96049,91404,3,1363,194.7142857,250.5837946,600,3,0,0,0,0,568,272,182.8350183,86.0400086,0,144,38.38461538,50.8763811,2588.406154,0,0,0,1,0,0,0,0,0,39.92,16.70588235,89.25,568,0,0,0,0,0,0,17,284,8,714,65535,2081,6,32,0,0,0,0,0,0,0,0,BENIGN
1603,1000305,2,0,0,0,0,0,0,0,0,0,0,0,0,1.999390186,1000305,0,1000305,1000305,1000305,1000305,0,1000305,1000305,0,0,0,0,0,0,0,0,0,40,0,1.999390186,0,0,0,0,0,0,0,0,0,0,1,0,0,0,0,0,0,0,40,0,0,0,0,0,0,2,0,0,0,4736,-1,0,20,0,0,0,0,0,0,0,0,BENIGN
123,68022566,2,2,96,96,48,48,48,0,48,48,48,0,2.822592726,0.058804015,22700000,39200000,68000000,22090,68000000,68000000,0,68000000,68000000,68000000,68000000,0,68000000,68000000,0,0,0,0,52,52,0.029402008,0.029402008,48,48,48,0,0,0,0,0,0,0,0,0,0,1,60,48,48,52,0,0,0,0,0,0,2,96,2,96,-1,-1,1,20,22090,0,22090,22090,68000000,0,68000000,68000000,BENIGN
123,67028325,2,2,96,96,48,48,48,0,48,48,48,0,2.864460659,0.059676264,22300000,38700000,67000000,27912,67000000,67000000,0,67000000,67000000,67000000,67000000,0,67000000,67000000,0,0,0,0,52,52,0.029838132,0.029838132,48,48,48,0,0,0,0,0,0,0,0,0,0,1,60,48,48,52,0,0,0,0,0,0,2,96,2,96,-1,-1,1,20,27912,0,27912,27912,67000000,0,67000000,67000000,BENIGN
443,15739653,11,13,689,6466,368,0,62.63636364,120.7396146,1460,0,497.3846154,594.2296888,454.5843546,1.524811252,684332.7391,2217227.419,9738179,3,10800000,1076117,3045547.09,9738179,9882,15700000,1304473.833,3018638.735,9823979,3,0,0,0,0,256,284,0.698871824,0.825939428,0,1460,286.2,482.81173,233107.1667,0,0,0,1,0,0,0,0,1,298.125,62.63636364,497.3846154,256,0,0,0,0,0,0,11,689,13,6466,8192,123,4,20,1022991,0,1022991,1022991,9738179,0,9738179,9738179,BENIGN
443,544,2,0,0,0,0,0,0,0,0,0,0,0,0,3676.470588,544,0,544,544,544,544,0,544,544,0,0,0,0,0,0,0,0,0,40,0,3676.470588,0,0,0,0,0,0,0,0,0,0,1,0,0,0,0,0,0,0,40,0,0,0,0,0,0,2,0,0,0,256,-1,0,20,0,0,0,0,0,0,0,0,BENIGN
123,67097128,2,2,96,96,48,48,48,0,48,48,48,0,2.861523373,0.05961507,22400000,38600000,66900000,96034,67000000,67000000,0,67000000,67000000,67000000,67000000,0,67000000,67000000,0,0,0,0,64,64,0.029807535,0.029807535,48,48,48,0,0,0,0,0,0,0,0,0,0,1,60,48,48,64,0,0,0,0,0,0,2,96,2,96,-1,-1,1,32,96034,0,96034,96034,66900000,0,66900000,66900000,BENIGN
123,65036609,2,2,96,96,48,48,48,0,48,48,48,0,2.952183439,0.061503822,21700000,37500000,65000000,36614,65000000,65000000,0,65000000,65000000,65000000,65000000,0,65000000,65000000,0,0,0,0,64,64,0.030751911,0.030751911,48,48,48,0,0,0,0,0,0,0,0,0,0,1,60,48,48,64,0,0,0,0,0,0,2,96,2,96,-1,-1,1,32,36844,0,36844,36844,65000000,0,65000000,65000000,BENIGN
80,28004754,6,6,432,2052,430,0,72,175.3841498,2052,0,342,837.725492,88.69922585,0.428498676,2545886.727,4344206.291,10000000,121,20300000,4068652.8,5462743.574,10100000,23105,28000000,5596354,5107848.277,10100000,635,0,0,0,0,132,156,0.214249338,0.214249338,0,2052,191.0769231,571.618384,326747.5769,0,0,0,1,0,0,0,0,1,207,72,342,132,0,0,0,0,0,0,6,432,6,2052,8192,946,3,20,130849.5,152461.4144,238656,23043,10000000,6541.444833,10000000,10000000,BENIGN
80,191,2,0,0,0,0,0,0,0,0,0,0,0,0,10471.20419,191,0,191,191,191,191,0,191,191,0,0,0,0,0,0,0,0,0,40,0,10471.20419,0,0,0,0,0,0,0,0,0,0,1,0,0,0,0,0,0,0,40,0,0,0,0,0,0,2,0,0,0,256,-1,0,20,0,0,0,0,0,0,0,0,BENIGN
123,67071909,2,2,96,96,48,48,48,0,48,48,48,0,2.862599304,0.059637485,22400000,38600000,66900000,71863,67000000,67000000,0,67000000,67000000,67000000,67000000,0,67000000,67000000,0,0,0,0,64,64,0.029818743,0.029818743,48,48,48,0,0,0,0,0,0,0,0,0,0,1,60,48,48,64,0,0,0,0,0,0,2,96,2,96,-1,-1,1,32,71863,0,71863,71863,66900000,0,66900000,66900000,BENIGN
443,13749516,11,15,753,6852,235,0,68.45454545,91.67809295,1559,0,456.8,652.4714772,553.1103786,1.890975653,549980.64,2658817.487,13300000,3,371796,37179.6,29968.87932,74149,49,13700000,977386.0714,3550329.333,13300000,3,0,0,0,0,232,312,0.800028161,1.090947492,0,1559,281.6666667,521.9630108,272445.3846,0,0,0,1,0,0,0,0,1,292.5,68.45454545,456.8,232,0,0,0,0,0,0,11,753,15,6852,8192,64,5,20,437663,0,437663,437663,13300000,0,13300000,13300000,BENIGN
443,349,3,0,46,0,46,0,15.33333333,26.55811238,0,0,0,0,131805.1576,8595.988539,174.5,85.55992052,235,114,349,174.5,85.55992052,235,114,0,0,0,0,0,0,0,0,0,60,0,8595.988539,0,0,46,11.5,23,529,0,0,0,0,1,0,0,0,0,15.33333333,15.33333333,0,60,0,0,0,0,0,0,3,46,0,0,253,-1,1,20,0,0,0,0,0,0,0,0,BENIGN
443,12133126,8,10,712,6107,380,0,89,140.8819161,1869,0,610.7,754.9114812,562.0150982,1.483541834,713713.2941,2441765.792,10000000,50,10100000,1449039.714,3774776.352,10000000,6145,12100000,1345421.667,3321322.391,10000000,50,0,0,0,0,172,224,0.659351926,0.824189908,0,1869,358.8947368,606.1520615,367420.3216,0,0,0,1,0,0,0,0,1,378.8333333,89,610.7,172,0,0,0,0,0,0,8,712,10,6107,8192,245,4,20,133885,0,133885,133885,10000000,0,10000000,10000000,BENIGN
443,19,2,0,0,0,0,0,0,0,0,0,0,0,0,105263.1579,19,0,19,19,19,19,0,19,19,0,0,0,0,0,0,0,0,0,40,0,105263.1579,0,0,0,0,0,0,0,0,0,0,1,0,0,0,0,0,0,0,40,0,0,0,0,0,0,2,0,0,0,251,-1,0,20,0,0,0,0,0,0,0,0,BENIGN
443,15531796,8,10,795,6185,467,0,99.375,167.0602436,1460,0,618.5,649.2921359,449.4007003,1.158912981,913635.0588,2573791.952,9805235,1,10500000,1506125.571,3661109.648,9805235,13243,15400000,1715007.556,3531027.476,10100000,3,0,0,0,0,172,224,0.515072436,0.643840545,0,1460,367.3684211,544.149715,296098.9123,0,0,0,1,0,0,0,0,1,387.7777778,99.375,618.5,172,0,0,0,0,0,0,8,795,10,6185,8192,62,4,20,737644,0,737644,737644,9805235,0,9805235,9805235,BENIGN
443,306,2,0,0,0,0,0,0,0,0,0,0,0,0,6535.947712,306,0,306,306,306,306,0,306,306,0,0,0,0,0,0,0,0,0,40,0,6535.947712,0,0,0,0,0,0,0,0,0,0,1,0,0,0,0,0,0,0,40,0,0,0,0,0,0,2,0,0,0,256,-1,0,20,0,0,0,0,0,0,0,0,BENIGN
123,68093175,2,2,96,96,48,48,48,0,48,48,48,0,2.819665848,0.058743038,22700000,39200000,67900000,93098,68000000,68000000,0,68000000,68000000,68000000,68000000,0,68000000,68000000,0,0,0,0,52,72,0.029371519,0.029371519,48,48,48,0,0,0,0,0,0,0,0,0,0,1,60,48,48,52,0,0,0,0,0,0,2,96,2,96,-1,-1,1,20,93782,0,93782,93782,67900000,0,67900000,67900000,BENIGN
443,15751785,11,10,849,6354,521,0,77.18181818,161.9233264,2282,0,635.4,811.9596596,457.2815081,1.333182239,787589.25,2363615.077,9718566,3,10800000,1076134.4,3039565.357,9718566,384,15700000,1739046.667,3518148,10100000,3,0,0,0,0,244,224,0.698333554,0.634848685,0,2282,327.4090909,614.9033729,378106.158,0,0,0,1,0,0,0,0,0,343,77.18181818,635.4,244,0,0,0,0,0,0,11,849,10,6354,8192,62,4,20,1042778,0,1042778,1042778,9718566,0,9718566,9718566,BENIGN
443,341,2,0,0,0,0,0,0,0,0,0,0,0,0,5865.102639,341,0,341,341,341,341,0,341,341,0,0,0,0,0,0,0,0,0,40,0,5865.102639,0,0,0,0,0,0,0,0,0,0,1,0,0,0,0,0,0,0,40,0,0,0,0,0,0,2,0,0,0,253,-1,0,20,0,0,0,0,0,0,0,0,BENIGN
123,69016151,2,2,96,96,48,48,48,0,48,48,48,0,2.781957516,0.057957448,23000000,39800000,69000000,16145,69000000,69000000,0,69000000,69000000,69000000,69000000,0,69000000,69000000,0,0,0,0,64,64,0.028978724,0.028978724,48,48,48,0,0,0,0,0,0,0,0,0,0,1,60,48,48,64,0,0,0,0,0,0,2,96,2,96,-1,-1,1,32,16460,0,16460,16460,69000000,0,69000000,69000000,BENIGN
123,69015973,2,2,96,96,48,48,48,0,48,48,48,0,2.781964691,0.057957598,23000000,39800000,69000000,15980,69000000,69000000,0,69000000,69000000,69000000,69000000,0,69000000,69000000,0,0,0,0,64,64,0.028978799,0.028978799,48,48,48,0,0,0,0,0,0,0,0,0,0,1,60,48,48,64,0,0,0,0,0,0,2,96,2,96,-1,-1,1,32,16060,0,16060,16060,69000000,0,69000000,69000000,BENIGN
123,66016419,2,2,96,96,48,48,48,0,48,48,48,0,2.908367387,0.060590987,22000000,38100000,66000000,16367,66000000,66000000,0,66000000,66000000,66000000,66000000,0,66000000,66000000,0,0,0,0,64,64,0.030295494,0.030295494,48,48,48,0,0,0,0,0,0,0,0,0,0,1,60,48,48,64,0,0,0,0,0,0,2,96,2,96,-1,-1,1,32,16548,0,16548,16548,66000000,0,66000000,66000000,BENIGN
443,15496605,10,9,752,6657,437,0,75.2,143.6197139,1610,0,739.6666667,731.2403846,478.1047204,1.226075002,860922.5,2552909.857,10000000,28,15500000,1721845,3507928.514,10000000,172,15400000,1924407.125,3713627.551,10100000,49,0,0,0,0,212,204,0.645302632,0.580772369,0,1610,370.45,593.7918717,352588.7868,0,0,0,1,0,0,0,0,0,389.9473684,75.2,739.6666667,212,0,0,0,0,0,0,10,752,9,6657,8192,245,4,20,495491,0,495491,495491,10000000,0,10000000,10000000,BENIGN
123,67093457,2,2,96,96,48,48,48,0,48,48,48,0,2.86167994,0.059618332,22400000,38600000,66900000,89925,67000000,67000000,0,67000000,67000000,67000000,67000000,0,67000000,67000000,0,0,0,0,64,64,0.029809166,0.029809166,48,48,48,0,0,0,0,0,0,0,0,0,0,1,60,48,48,64,0,0,0,0,0,0,2,96,2,96,-1,-1,1,32,89925,0,89925,89925,66900000,0,66900000,66900000,BENIGN
123,67029036,2,2,96,96,48,48,48,0,48,48,48,0,2.864430275,0.059675631,22300000,38600000,67000000,28748,67000000,67000000,0,67000000,67000000,67000000,67000000,0,67000000,67000000,0,0,0,0,64,64,0.029837815,0.029837815,48,48,48,0,0,0,0,0,0,0,0,0,0,1,60,48,48,64,0,0,0,0,0,0,2,96,2,96,-1,-1,1,32,28748,0,28748,28748,67000000,0,67000000,67000000,BENIGN
5353,17,12,0,540,0,45,45,45,0,0,0,0,0,31800000,705882.3529,1.545454545,1.213559752,5,1,17,1.545454545,1.213559752,5,1,0,0,0,0,0,0,0,0,0,240,0,705882.3529,0,45,45,45,0,0,0,0,0,0,0,0,0,0,0,48.75,45,0,240,0,0,0,0,0,0,12,540,0,0,-1,-1,11,20,0,0,0,0,0,0,0,0,BENIGN
123,67036520,2,2,96,96,48,48,48,0,48,48,48,0,2.864110488,0.059668968,22300000,38600000,67000000,36434,67000000,67000000,0,67000000,67000000,67000000,67000000,0,67000000,67000000,0,0,0,0,52,52,0.029834484,0.029834484,48,48,48,0,0,0,0,0,0,0,0,0,0,1,60,48,48,52,0,0,0,0,0,0,2,96,2,96,-1,-1,1,20,36434,0,36434,36434,67000000,0,67000000,67000000,BENIGN
123,67028666,2,2,96,96,48,48,48,0,48,48,48,0,2.864446086,0.05967596,22300000,38600000,67000000,28582,67000000,67000000,0,67000000,67000000,67000000,67000000,0,67000000,67000000,0,0,0,0,64,64,0.02983798,0.02983798,48,48,48,0,0,0,0,0,0,0,0,0,0,1,60,48,48,64,0,0,0,0,0,0,2,96,2,96,-1,-1,1,32,28582,0,28582,28582,67000000,0,67000000,67000000,BENIGN
123,69086635,2,2,96,96,48,48,48,0,48,48,48,0,2.77911929,0.057898319,23000000,39700000,68900000,86222,69000000,69000000,0,69000000,69000000,69000000,69000000,0,69000000,69000000,0,0,0,0,64,64,0.028949159,0.028949159,48,48,48,0,0,0,0,0,0,0,0,0,0,1,60,48,48,64,0,0,0,0,0,0,2,96,2,96,-1,-1,1,32,86222,0,86222,86222,68900000,0,68900000,68900000,BENIGN
123,67087606,2,2,96,96,48,48,48,0,48,48,48,0,2.861929519,0.059623532,22400000,38600000,66900000,87537,67000000,67000000,0,67000000,67000000,67000000,67000000,0,67000000,67000000,0,0,0,0,52,52,0.029811766,0.029811766,48,48,48,0,0,0,0,0,0,0,0,0,0,1,60,48,48,52,0,0,0,0,0,0,2,96,2,96,-1,-1,1,20,87539,0,87539,87539,66900000,0,66900000,66900000,BENIGN
123,64094352,2,2,96,96,48,48,48,0,48,48,48,0,2.995583761,0.062407995,21400000,36800000,63900000,93971,64000000,64000000,0,64000000,64000000,64000000,64000000,0,64000000,64000000,0,0,0,0,52,52,0.031203998,0.031203998,48,48,48,0,0,0,0,0,0,0,0,0,0,1,60,48,48,52,0,0,0,0,0,0,2,96,2,96,-1,-1,1,20,93971,0,93971,93971,63900000,0,63900000,63900000,BENIGN
123,69016492,2,2,96,96,48,48,48,0,48,48,48,0,2.781943771,0.057957162,23000000,39800000,69000000,16373,69000000,69000000,0,69000000,69000000,69000000,69000000,0,69000000,69000000,0,0,0,0,64,64,0.028978581,0.028978581,48,48,48,0,0,0,0,0,0,0,0,0,0,1,60,48,48,64,0,0,0,0,0,0,2,96,2,96,-1,-1,1,32,16373,0,16373,16373,69000000,0,69000000,69000000,BENIGN
123,66094185,2,2,96,96,48,48,48,0,48,48,48,0,2.90494542,0.060519696,22000000,38000000,65900000,94170,66000000,66000000,0,66000000,66000000,66000000,66000000,0,66000000,66000000,0,0,0,0,64,52,0.030259848,0.030259848,48,48,48,0,0,0,0,0,0,0,0,0,0,1,60,48,48,64,0,0,0,0,0,0,2,96,2,96,-1,-1,1,32,94963,0,94963,94963,65900000,0,65900000,65900000,BENIGN
443,15576986,10,12,518,3414,191,0,51.8,77.12731178,1474,0,284.5,556.7995396,252.4236717,1.412339974,741761.2381,3202183.825,14700000,4,862294,95810.44444,100452.2915,301730,9084,15500000,1408439.091,4414278.019,14700000,4,0,0,0,0,224,252,0.641972715,0.770367258,0,1474,170.9565217,415.0429855,172260.6798,0,0,0,1,0,0,0,0,1,178.7272727,51.8,284.5,224,0,0,0,0,0,0,10,518,12,3414,8192,114,4,20,862294,0,862294,862294,14700000,0,14700000,14700000,BENIGN
443,554,4,0,46,0,46,0,11.5,23,0,0,0,0,83032.49097,7220.216606,184.6666667,109.5734153,302,85,554,184.6666667,109.5734153,302,85,0,0,0,0,0,0,0,0,0,80,0,7220.216606,0,0,46,9.2,20.57182539,423.2,0,0,0,0,1,0,0,0,0,11.5,11.5,0,80,0,0,0,0,0,0,4,46,0,0,254,-1,1,20,0,0,0,0,0,0,0,0,BENIGN
123,68072129,2,2,96,96,48,48,48,0,48,48,48,0,2.820537609,0.0587612,22700000,39200000,67900000,71909,68000000,68000000,0,68000000,68000000,68000000,68000000,0,68000000,68000000,0,0,0,0,52,40,0.0293806,0.0293806,48,48,48,0,0,0,0,0,0,0,0,0,0,1,60,48,48,52,0,0,0,0,0,0,2,96,2,96,-1,-1,1,20,71909,0,71909,71909,67900000,0,67900000,67900000,BENIGN
123,64999922,2,1,96,48,48,48,48,0,48,48,48,0,2.215387274,0.046153902,32500000,45800000,64900000,94026,65000000,65000000,0,65000000,65000000,0,0,0,0,0,0,0,0,0,52,20,0.030769268,0.015384634,48,48,48,0,0,0,0,0,0,0,0,0,0,0,64,48,48,52,0,0,0,0,0,0,2,96,1,48,-1,-1,1,20,94026,0,94026,94026,64900000,0,64900000,64900000,BENIGN
443,5685219,6,4,321,145,239,0,53.5,93.28397504,145,0,36.25,72.5,81.96693918,1.758947193,631691,1783261.516,5385272,3,5685219,1137043.8,2444746.073,5509656,3,213336,71112,64334.84489,125874,259,0,0,0,0,132,84,1.055368316,0.703578877,0,239,42.36363636,78.71883222,6196.654545,0,0,0,1,0,0,0,0,0,46.6,53.5,36.25,132,0,0,0,0,0,0,6,321,4,145,8192,30016,3,20,299944,0,299944,299944,5385272,0,5385272,5385272,BENIGN
443,5549919,6,4,321,145,239,0,53.5,93.28397504,145,0,36.25,72.5,83.9651894,1.801828099,616657.6667,1736761.999,5246348,3,5549919,1109983.8,2380787.094,5368098,48,220003,73334.33333,68356.02172,135287,3,0,0,0,0,132,84,1.081096859,0.72073124,0,239,42.36363636,78.71883222,6196.654545,0,0,0,1,0,0,0,0,0,46.6,53.5,36.25,132,0,0,0,0,0,0,6,321,4,145,8192,30016,3,20,303523,0,303523,303523,5246348,0,5246348,5246348,BENIGN
135,14695340,11,6,544,472,156,0,49.45454545,69.77157535,152,0,78.66666667,68.10188446,69.13756334,1.156829308,918458.75,3656367.668,14600000,1,14700000,1469534,4624057.414,14600000,1,586,117.2,139.1014019,305,3,0,0,0,0,244,144,0.748536611,0.408292697,0,156,56.44444444,67.97769723,4620.96732,0,0,0,1,0,0,0,0,0,59.76470588,49.45454545,78.66666667,244,0,0,0,0,0,0,11,544,6,472,8192,2052,4,20,0,0,0,0,0,0,0,0,BENIGN
135,68,1,1,0,0,0,0,0,0,0,0,0,0,0,29411.76471,68,0,68,68,0,0,0,0,0,0,0,0,0,0,0,0,0,0,20,20,14705.88235,14705.88235,0,0,0,0,0,0,0,0,0,1,1,0,0,1,0,0,0,20,0,0,0,0,0,0,1,0,1,0,255,2052,0,20,0,0,0,0,0,0,0,0,BENIGN
1629,275,3,0,31,0,31,0,10.33333333,17.89785834,0,0,0,0,112727.2727,10909.09091,137.5,191.6259377,273,2,275,137.5,191.6259377,273,2,0,0,0,0,0,0,0,0,0,60,0,10909.09091,0,0,31,7.75,15.5,240.25,0,0,0,0,1,0,0,0,0,10.33333333,10.33333333,0,60,0,0,0,0,0,0,3,31,0,0,30016,-1,1,20,0,0,0,0,0,0,0,0,BENIGN
1626,228,3,0,31,0,31,0,10.33333333,17.89785834,0,0,0,0,135964.9123,13157.89474,114,159.8061325,227,1,228,114,159.8061325,227,1,0,0,0,0,0,0,0,0,0,60,0,13157.89474,0,0,31,7.75,15.5,240.25,0,0,0,0,1,0,0,0,0,10.33333333,10.33333333,0,60,0,0,0,0,0,0,3,31,0,0,30016,-1,1,20,0,0,0,0,0,0,0,0,BENIGN
8612,10117,24,0,384,0,16,16,16,0,0,0,0,0,37955.91579,2372.244737,439.8695652,2101.039446,10078,1,10117,439.8695652,2101.039446,10078,1,0,0,0,0,0,0,0,0,0,768,0,2372.244737,0,16,16,16,0,0,0,0,0,0,0,0,0,0,0,16.66666667,16,0,768,0,0,0,0,0,0,24,384,0,0,-1,-1,23,32,0,0,0,0,0,0,0,0,BENIGN
8610,10122,24,0,384,0,16,16,16,0,0,0,0,0,37937.16657,2371.07291,440.0869565,2099.468567,10071,1,10122,440.0869565,2099.468567,10071,1,0,0,0,0,0,0,0,0,0,768,0,2371.07291,0,16,16,16,0,0,0,0,0,0,0,0,0,0,0,16.66666667,16,0,768,0,0,0,0,0,0,24,384,0,0,-1,-1,23,32,0,0,0,0,0,0,0,0,BENIGN
139,138002,49,30,2488,3158,194,0,50.7755102,65.99850545,425,0,105.2666667,128.0918133,40912.45054,572.4554717,1769.25641,6071.110854,45195,1,138002,2875.041667,9396.58048,61181,1,137762,4750.413793,10292.38461,50753,3,0,0,0,0,1592,976,355.0673179,217.3881538,0,425,70.575,97.12262574,9432.80443,0,0,0,1,0,0,0,0,0,71.46835443,50.7755102,105.2666667,1592,0,0,0,0,0,0,49,2488,30,3158,65535,269,22,32,0,0,0,0,0,0,0,0,BENIGN
139,87600,3,3,0,0,0,0,0,0,0,0,0,0,0,68.49315068,17520,23888.35962,44179,3,43421,21710.5,30635.40129,43373,48,44408,22204,31396.9553,44405,3,0,0,0,0,96,96,34.24657534,34.24657534,0,0,0,0,0,0,0,0,0,1,1,0,0,1,0,0,0,96,0,0,0,0,0,0,3,0,3,0,65535,269,0,32,0,0,0,0,0,0,0,0,BENIGN
123,66022452,2,2,96,96,48,48,48,0,48,48,48,0,2.908101626,0.060585451,22000000,38100000,66000000,22431,66000000,66000000,0,66000000,66000000,66000000,66000000,0,66000000,66000000,0,0,0,0,52,52,0.030292725,0.030292725,48,48,48,0,0,0,0,0,0,0,0,0,0,1,60,48,48,52,0,0,0,0,0,0,2,96,2,96,-1,-1,1,20,22627,0,22627,22627,66000000,0,66000000,66000000,BENIGN
123,68028952,2,2,96,96,48,48,48,0,48,48,48,0,2.822327764,0.058798495,22700000,39200000,68000000,28822,68000000,68000000,0,68000000,68000000,68000000,68000000,0,68000000,68000000,0,0,0,0,52,52,0.029399248,0.029399248,48,48,48,0,0,0,0,0,0,0,0,0,0,1,60,48,48,52,0,0,0,0,0,0,2,96,2,96,-1,-1,1,20,28822,0,28822,28822,68000000,0,68000000,68000000,BENIGN
123,66064618,2,2,96,96,48,48,48,0,48,48,48,0,2.906245519,0.060546782,22000000,38000000,65900000,56582,66000000,66000000,0,66000000,66000000,66000000,66000000,0,66000000,66000000,0,0,0,0,52,40,0.030273391,0.030273391,48,48,48,0,0,0,0,0,0,0,0,0,0,1,60,48,48,52,0,0,0,0,0,0,2,96,2,96,-1,-1,1,20,56582,0,56582,56582,65900000,0,65900000,65900000,BENIGN
123,67071731,2,2,96,96,48,48,48,0,48,48,48,0,2.862606901,0.059637644,22400000,38600000,66900000,71787,67000000,67000000,0,67000000,67000000,67000000,67000000,0,67000000,67000000,0,0,0,0,52,52,0.029818822,0.029818822,48,48,48,0,0,0,0,0,0,0,0,0,0,1,60,48,48,52,0,0,0,0,0,0,2,96,2,96,-1,-1,1,20,71941,0,71941,71941,66900000,0,66900000,66900000,BENIGN
123,69022028,2,2,96,96,48,48,48,0,48,48,48,0,2.781720641,0.057952513,23000000,39800000,69000000,22088,69000000,69000000,0,69000000,69000000,69000000,69000000,0,69000000,69000000,0,0,0,0,52,52,0.028976257,0.028976257,48,48,48,0,0,0,0,0,0,0,0,0,0,1,60,48,48,52,0,0,0,0,0,0,2,96,2,96,-1,-1,1,20,22464,0,22464,22464,69000000,0,69000000,69000000,BENIGN
445,90009550,11,9,9,1,1,0,0.818181818,0.404519917,1,0,0.111111111,0.333333333,0.111099322,0.222198644,4737344.737,11200000,30000000,3,90000000,9000950.2,14500000,30000000,3,90000000,11300000,15500000,30000000,3,0,0,0,0,244,276,0.122209254,0.09998939,0,1,0.523809524,0.511766316,0.261904762,0,0,0,0,1,0,0,0,0,0.55,0.818181818,0.111111111,244,0,0,0,0,0,0,11,9,9,1,2049,2049,8,20,3125.666667,5309.028379,9256,54,30000000,440.7100332,30000000,30000000,BENIGN
123,66000108,4,4,192,192,48,48,48,0,48,48,48,0,5.818172298,0.121211923,9428586.857,24900000,66000000,3,66000000,22000000,38100000,66000000,4,66000000,22000000,38100000,66000000,3,0,0,0,0,104,104,0.060605961,0.060605961,48,48,48,0,0,0,0,0,0,0,0,0,0,1,54,48,48,104,0,0,0,0,0,0,4,192,4,192,-1,-1,3,20,171,0,171,171,66000000,0,66000000,66000000,BENIGN
80,46732616,12,11,1393,6465,463,0,116.0833333,209.1991041,2155,0,587.7272727,900.1676612,168.1480874,0.49216162,2124209.818,4006738.101,10100000,71,40900000,3716259.909,5013013.61,10100000,5227,46700000,4671733.1,4937241.885,10100000,183,0,0,0,0,252,280,0.256779976,0.235381644,0,2155,327.4166667,658.4879198,433606.3406,0,0,0,1,0,0,0,0,0,341.6521739,116.0833333,587.7272727,252,0,0,0,0,0,0,12,1393,11,6465,8192,32,7,20,194174,358076.6897,731289,14973,10000000,40861.08569,10100000,10000000,BENIGN
80,211,2,0,0,0,0,0,0,0,0,0,0,0,0,9478.672986,211,0,211,211,211,211,0,211,211,0,0,0,0,0,0,0,0,0,40,0,9478.672986,0,0,0,0,0,0,0,0,0,0,1,0,0,0,0,0,0,0,40,0,0,0,0,0,0,2,0,0,0,256,-1,0,20,0,0,0,0,0,0,0,0,BENIGN
443,31803772,11,12,757,5231,439,0,68.81818182,138.6454602,1460,0,435.9166667,597.5710621,188.2795538,0.723184659,1445626,3484010.51,10000000,48,31800000,3180377.2,4802155.865,10200000,9834,31600000,2873766.909,4707022.191,10200000,48,0,0,0,0,232,244,0.345870924,0.377313735,0,1460,249.5,464.3180132,215591.2174,0,0,0,1,0,0,0,0,1,260.3478261,68.81818182,435.9166667,232,0,0,0,0,0,0,11,757,12,5231,8192,31088,6,20,413831.3333,384641.4317,857977,191726,10000000,3907.029605,10000000,10000000,BENIGN
135,11929544,11,6,656,560,168,0,59.63636364,82.78076193,172,0,93.33333333,77.75517132,101.931809,1.425033513,745596.5,2909670.66,11700000,1,11900000,1192954.4,3676594.218,11700000,1,738,147.6,195.7838093,457,3,0,0,0,0,244,144,0.922080509,0.502953005,0,172,67.55555556,79.70402767,6352.732026,0,0,0,1,0,0,0,0,0,71.52941176,59.63636364,93.33333333,244,0,0,0,0,0,0,11,656,6,560,8192,2052,4,20,0,0,0,0,0,0,0,0,BENIGN
49666,11915077,11,6,938,912,248,0,85.27272727,118.6187935,328,0,152,147.8593927,155.2654674,1.426763755,744692.3125,2926174.643,11700000,1,11900000,1191507.7,3698554.892,11700000,1,805,161,228.9934497,542,3,0,0,0,0,244,144,0.923200077,0.503563678,0,328,102.7777778,127.9906042,16381.59477,0,0,0,1,0,0,0,0,0,108.8235294,85.27272727,152,244,0,0,0,0,0,0,11,938,6,912,8192,2052,4,20,0,0,0,0,0,0,0,0,BENIGN
135,64,1,1,0,0,0,0,0,0,0,0,0,0,0,31250,64,0,64,64,0,0,0,0,0,0,0,0,0,0,0,0,0,0,20,20,15625,15625,0,0,0,0,0,0,0,0,0,1,1,0,0,1,0,0,0,20,0,0,0,0,0,0,1,0,1,0,255,2052,0,20,0,0,0,0,0,0,0,0,BENIGN
49666,43,1,3,0,0,0,0,0,0,0,0,0,0,0,93023.25581,14.33333333,23.09401077,41,1,0,0,0,0,0,2,1,0,1,1,0,0,0,0,20,60,23255.81395,69767.44186,0,0,0,0,0,0,0,0,0,1,1,0,0,3,0,0,0,20,0,0,0,0,0,0,1,0,3,0,254,2052,0,20,0,0,0,0,0,0,0,0,BENIGN
123,66091048,2,2,96,96,48,48,48,0,48,48,48,0,2.905083303,0.060522569,22000000,38000000,65900000,91085,66000000,66000000,0,66000000,66000000,66000000,66000000,0,66000000,66000000,0,0,0,0,52,52,0.030261284,0.030261284,48,48,48,0,0,0,0,0,0,0,0,0,0,1,60,48,48,52,0,0,0,0,0,0,2,96,2,96,-1,-1,1,20,91321,0,91321,91321,65900000,0,65900000,65900000,BENIGN
123,66027538,2,2,96,96,48,48,48,0,48,48,48,0,2.907877619,0.060580784,22000000,38100000,66000000,27528,66000000,66000000,0,66000000,66000000,66000000,66000000,0,66000000,66000000,0,0,0,0,52,52,0.030290392,0.030290392,48,48,48,0,0,0,0,0,0,0,0,0,0,1,60,48,48,52,0,0,0,0,0,0,2,96,2,96,-1,-1,1,20,27528,0,27528,27528,66000000,0,66000000,66000000,BENIGN
123,68016313,2,2,96,96,48,48,48,0,48,48,48,0,2.822852218,0.058809421,22700000,39200000,68000000,16180,68000000,68000000,0,68000000,68000000,68000000,68000000,0,68000000,68000000,0,0,0,0,52,52,0.029404711,0.029404711,48,48,48,0,0,0,0,0,0,0,0,0,0,1,60,48,48,52,0,0,0,0,0,0,2,96,2,96,-1,-1,1,20,16180,0,16180,16180,68000000,0,68000000,68000000,BENIGN
443,30947318,11,11,700,4173,381,0,63.63636364,123.5291648,1460,0,379.3636364,582.7107812,157.4611409,0.710885512,1473681.81,3543557.565,10000000,45,30900000,3094731.8,4750172.619,10100000,12904,30900000,3089670.3,4811589.238,10100000,49,0,0,0,0,232,268,0.355442756,0.355442756,0,1460,211.8695652,433.9722765,188331.9368,0,0,0,1,0,0,0,0,1,221.5,63.63636364,379.3636364,232,0,0,0,0,0,0,11,700,11,4173,8192,114,6,20,232936.6667,315500.4404,597245,50456,9941312,120947.8071,10000000,9801654,BENIGN
123,69088818,2,2,96,96,48,48,48,0,48,48,48,0,2.779031478,0.057896489,23000000,39700000,68900000,88886,69000000,69000000,0,69000000,69000000,69000000,69000000,0,69000000,69000000,0,0,0,0,52,52,0.028948245,0.028948245,48,48,48,0,0,0,0,0,0,0,0,0,0,1,60,48,48,52,0,0,0,0,0,0,2,96,2,96,-1,-1,1,20,91085,0,91085,91085,68900000,0,68900000,68900000,BENIGN
80,42172995,7,8,755,2095,279,0,107.8571429,135.2188702,1691,0,261.875,584.6196413,67.57879065,0.355677846,3012356.786,11200000,41800000,-1,372381,62063.5,59538.733,145800,60,42100000,6021402.571,15800000,41900000,916,0,0,0,0,152,172,0.165982995,0.189694851,0,1691,178.125,418.2957287,174971.3167,0,0,0,1,0,0,0,0,1,190,107.8571429,261.875,152,0,0,0,0,0,0,7,755,8,2095,8192,1013,3,20,0,0,0,0,0,0,0,0,BENIGN
80,3,2,0,0,0,0,0,0,0,0,0,0,0,0,666666.6667,3,0,3,3,3,3,0,3,3,0,0,0,0,0,0,0,0,0,40,0,666666.6667,0,0,0,0,0,0,0,0,0,0,1,0,0,0,0,0,0,0,40,0,0,0,0,0,0,2,0,0,0,255,-1,0,20,0,0,0,0,0,0,0,0,BENIGN
137,2918570,252,0,16920,0,68,50,67.14285714,3.840887774,0,0,0,0,5797.359666,86.3436546,11627.76892,129739.3686,1528570,1,2918570,11627.76892,129739.3686,1528570,1,0,0,0,0,0,0,0,0,0,-32212234632,0,86.3436546,0,50,68,67.14624506,3.833638152,14.69678148,0,0,0,0,0,0,0,0,0,67.41269841,67.14285714,0,-32212234632,0,0,0,0,0,0,252,16920,0,0,-1,-1,251,-536870660,0,0,0,0,0,0,0,0,BENIGN
137,3636158,246,0,16530,0,68,50,67.19512195,3.727796387,0,0,0,0,4546.007077,67.65382582,14841.46122,133995.4363,1389447,1,3636158,14841.46122,133995.4363,1389447,1,0,0,0,0,0,0,0,0,0,-4831831506,0,67.65382582,0,50,68,67.19838057,3.720564338,13.84259899,0,0,0,0,0,0,0,0,0,67.47154472,67.19512195,0,-4831831506,0,0,0,0,0,0,246,16530,0,0,-1,-1,245,-536870660,0,0,0,0,0,0,0,0,BENIGN
137,3,2,0,124,0,62,62,62,0,0,0,0,0,41300000,666666.6667,3,0,3,3,3,3,0,3,3,0,0,0,0,0,0,0,0,0,28,0,666666.6667,0,62,62,62,0,0,0,0,0,0,0,0,0,0,0,93,62,0,28,0,0,0,0,0,0,2,124,0,0,-1,-1,1,14,0,0,0,0,0,0,0,0,BENIGN
137,4,2,0,124,0,62,62,62,0,0,0,0,0,31000000,500000,4,0,4,4,4,4,0,4,4,0,0,0,0,0,0,0,0,0,40,0,500000,0,62,62,62,0,0,0,0,0,0,0,0,0,0,0,93,62,0,40,0,0,0,0,0,0,2,124,0,0,-1,-1,1,20,0,0,0,0,0,0,0,0,BENIGN
123,68022666,2,2,96,96,48,48,48,0,48,48,48,0,2.822588577,0.058803929,22700000,39200000,68000000,22673,68000000,68000000,0,68000000,68000000,68000000,68000000,0,68000000,68000000,0,0,0,0,52,52,0.029401964,0.029401964,48,48,48,0,0,0,0,0,0,0,0,0,0,1,60,48,48,52,0,0,0,0,0,0,2,96,2,96,-1,-1,1,20,22787,0,22787,22787,68000000,0,68000000,68000000,BENIGN
443,61678930,15,13,682,3416,348,0,45.46666667,102.5342219,1528,0,262.7692308,552.4153259,66.44084131,0.453963777,2284404.815,4198186.056,10100000,49,61700000,4405637.857,5084260.207,10100000,106,61600000,5132776.667,5184347.905,10100000,49,0,0,0,0,324,332,0.24319488,0.210768896,0,1528,141.3103448,385.388311,148524.1502,0,0,0,1,0,0,0,0,0,146.3571429,45.46666667,262.7692308,324,0,0,0,0,0,0,15,682,13,3416,8192,114,8,20,290250.8333,501657.5414,1314255,85424,9989509,72870.71821,10100000,9858311,BENIGN
80,32226414,7,7,433,1805,430,0,61.85714286,162.3365112,1805,0,257.8571429,682.2258738,69.44613819,0.434426244,2478954.923,4311546.106,10000000,48,30700000,5117668.5,5375963.02,10000000,23216,32200000,5367207.667,5129433.066,10000000,911,0,0,0,0,152,188,0.217213122,0.217213122,0,1805,149.2,471.2459473,222072.7429,0,0,0,1,0,0,0,0,1,159.8571429,61.85714286,257.8571429,152,0,0,0,0,0,0,7,433,7,1805,8192,946,4,20,229232.6667,356941.3195,641393,23135,10000000,2575.103558,10000000,10000000,BENIGN
80,197,2,0,0,0,0,0,0,0,0,0,0,0,0,10152.28426,197,0,197,197,197,197,0,197,197,0,0,0,0,0,0,0,0,0,40,0,10152.28426,0,0,0,0,0,0,0,0,0,0,1,0,0,0,0,0,0,0,40,0,0,0,0,0,0,2,0,0,0,256,-1,0,20,0,0,0,0,0,0,0,0,BENIGN
443,61010691,14,13,705,3269,369,0,50.35714286,110.299318,1506,0,251.4615385,550.0008508,65.13612508,0.442545389,2346565.038,4289541.396,10100000,62,61000000,4693130.077,5207067.732,10100000,175,60900000,5077116.833,5257473.844,10100000,192,0,0,0,0,292,344,0.22946798,0.21307741,0,1506,141.9285714,388.8098582,151173.1058,0,0,0,1,0,0,0,0,0,147.1851852,50.35714286,251.4615385,292,0,0,0,0,0,0,14,705,13,3269,8192,114,9,20,115530.5,75067.37069,268761,84801,10000000,21700.08866,10100000,10000000,BENIGN
3268,16843424,50,29,10514,11250,1293,0,210.28,291.8201179,3069,0,387.9310345,660.781406,1292.136326,4.690257753,215941.3333,1261586.875,10800000,0,16800000,343743.3469,1583776.645,10800000,1,16800000,601547.75,2081773.296,10800000,3,0,0,0,0,1616,944,2.968517565,1.721740188,0,3069,272.05,464.604089,215856.9595,0,0,0,1,0,0,0,0,0,275.4936709,210.28,387.9310345,1616,0,0,0,0,0,0,50,10514,29,11250,29200,2081,26,32,6085050,0,6085050,6085050,10800000,0,10800000,10800000,BENIGN
389,17558552,90,55,14560,21402,1293,0,161.7777778,234.4800501,3069,0,389.1272727,500.2497174,2048.118774,8.258084152,121934.3889,926158.4447,10800000,0,17600000,197287.1011,1174240.761,10800000,1,17600000,325157.0185,1505219.599,10800000,2,0,0,0,0,2896,1776,5.125707405,3.132376747,0,3069,246.3150685,373.5421456,139533.7345,0,0,0,1,0,0,0,0,0,248.0137931,161.7777778,389.1272727,2896,0,0,0,0,0,0,90,14560,55,21402,29200,2079,48,32,6799327,0,6799327,6799327,10800000,0,10800000,10800000,BENIGN
80,34256656,12,9,1670,7065,417,0,139.1666667,205.1938477,1767,0,785,930.8955366,254.9869433,0.613019555,1712832.8,3529045.508,10000000,21,24900000,2266024.545,3907065.69,10000000,23440,34200000,4279169.375,4628729.548,10000000,953,0,0,0,0,252,216,0.350296888,0.262722666,0,1767,397.0454545,679.8432226,462186.8074,0,0,0,1,0,0,0,0,0,415.952381,139.1666667,785,252,0,0,0,0,0,0,12,1670,9,7065,8192,1047,6,20,2454298,3438486.329,4885675,22921,10000000,1441.08362,10000000,10000000,BENIGN
80,227,2,0,0,0,0,0,0,0,0,0,0,0,0,8810.572687,227,0,227,227,227,227,0,227,227,0,0,0,0,0,0,0,0,0,40,0,8810.572687,0,0,0,0,0,0,0,0,0,0,1,0,0,0,0,0,0,0,40,0,0,0,0,0,0,2,0,0,0,256,-1,0,20,0,0,0,0,0,0,0,0,BENIGN
80,49684973,18,12,3012,12385,430,0,167.3333333,215.6104876,1770,0,1032.083333,911.0559766,309.89249,0.603804293,1713274.931,3434114.291,10000000,33,41400000,2436827,3929179.91,10000000,23211,49700000,4514708.636,4396765.349,10000000,418,0,0,0,0,372,276,0.362282576,0.241521717,0,1770,496.6774194,720.1750892,518652.1591,0,0,0,1,0,0,0,0,0,513.2333333,167.3333333,1032.083333,372,0,0,0,0,0,0,18,3012,12,12385,8192,1147,9,20,1331288,2424686.222,4962565,22909,9025226.75,1595940.817,10000000,6668353,BENIGN
80,186,2,0,0,0,0,0,0,0,0,0,0,0,0,10752.68817,186,0,186,186,186,186,0,186,186,0,0,0,0,0,0,0,0,0,40,0,10752.68817,0,0,0,0,0,0,0,0,0,0,1,0,0,0,0,0,0,0,40,0,0,0,0,0,0,2,0,0,0,256,-1,0,20,0,0,0,0,0,0,0,0,BENIGN
443,5698682,6,4,599,147,517,0,99.83333333,205.4511296,147,0,36.75,73.5,130.9074625,1.754791722,633186.8889,1866162.667,5609384,3,5698682,1139736.4,2530168.748,5665818,3,74190,24730,29706.59989,57798,299,0,0,0,0,132,92,1.052875033,0.701916689,0,517,67.81818182,155.5209428,24186.76364,0,0,0,1,0,0,0,0,0,74.6,99.83333333,36.75,132,0,0,0,0,0,0,6,599,4,147,8192,119,3,20,89295,0,89295,89295,5609384,0,5609384,5609384,BENIGN
1634,4,2,0,0,0,0,0,0,0,0,0,0,0,0,500000,4,0,4,4,4,4,0,4,4,0,0,0,0,0,0,0,0,0,40,0,500000,0,0,0,0,0,0,0,0,0,0,1,0,0,0,0,0,0,0,40,0,0,0,0,0,0,2,0,0,0,119,-1,0,20,0,0,0,0,0,0,0,0,BENIGN
80,33455000,7,7,433,1805,430,0,61.85714286,162.3365112,1805,0,257.8571429,682.2258738,66.89583022,0.418472575,2573461.538,4301637.906,10000000,56,30700000,5117681.333,5375906.977,10000000,23269,33400000,5571964.5,4965906.817,10000000,952,0,0,0,0,152,188,0.209236288,0.209236288,0,1805,149.2,471.2459473,222072.7429,0,0,0,1,0,0,0,0,1,159.8571429,61.85714286,257.8571429,152,0,0,0,0,0,0,7,433,7,1805,8192,946,4,20,229306.6667,357052.1704,641595,23156,10000000,2655.235583,10000000,10000000,BENIGN
80,157,2,0,0,0,0,0,0,0,0,0,0,0,0,12738.8535,157,0,157,157,157,157,0,157,157,0,0,0,0,0,0,0,0,0,40,0,12738.8535,0,0,0,0,0,0,0,0,0,0,1,0,0,0,0,0,0,0,40,0,0,0,0,0,0,2,0,0,0,256,-1,0,20,0,0,0,0,0,0,0,0,BENIGN
445,48,3,1,1,1,1,0,0.333333333,0.577350269,1,1,1,0,41666.66667,83333.33333,16,22.5166605,42,3,48,24,29.69848481,45,3,0,0,0,0,0,0,0,0,0,108,20,62500,20833.33333,0,1,0.6,0.547722558,0.3,0,0,0,0,1,0,0,0,0,0.75,0.333333333,1,108,0,0,0,0,0,0,3,1,1,1,2081,2081,0,20,0,0,0,0,0,0,0,0,BENIGN
80,55702484,34,22,6452,26600,430,0,189.7647059,216.6648101,1774,0,1209.090909,792.0765902,593.3667159,1.005341162,1012772.436,2591590.094,10000000,11,47000000,1423097.515,2940744.85,10000000,1972,55700000,2651391.381,3699594.083,10000000,145,0,0,0,0,692,476,0.610385706,0.394955457,0,1774,579.8596491,718.938837,516873.0514,0,0,0,1,0,0,0,0,0,590.2142857,189.7647059,1209.090909,692,0,0,0,0,0,0,34,6452,22,26600,8192,1415,17,20,2974237,4702672.637,9997701,22908,8766317.5,2217523.483,10000000,5453176,BENIGN
80,196,2,0,0,0,0,0,0,0,0,0,0,0,0,10204.08163,196,0,196,196,196,196,0,196,196,0,0,0,0,0,0,0,0,0,40,0,10204.08163,0,0,0,0,0,0,0,0,0,0,1,0,0,0,0,0,0,0,40,0,0,0,0,0,0,2,0,0,0,256,-1,0,20,0,0,0,0,0,0,0,0,BENIGN
80,55766557,21,20,3443,15698,430,0,163.952381,213.8591771,1962,0,784.9,713.8170855,343.2343869,0.735207662,1394163.925,3145404.336,10000000,6,55000000,2748995.8,4057482.798,10000000,23322,55700000,2933856.842,4100526.466,10000000,48,0,0,0,0,432,448,0.376569778,0.358637884,0,1962,455.7380952,599.9683349,359962.0029,0,0,0,1,0,0,0,0,0,466.8536585,163.952381,784.9,432,0,0,0,0,0,0,21,3443,20,15698,8192,1181,11,20,1549618.6,2497092.381,5772158,22927,9446364.6,845772.3662,10000000,8103298,BENIGN
80,164,2,0,0,0,0,0,0,0,0,0,0,0,0,12195.12195,164,0,164,164,164,164,0,164,164,0,0,0,0,0,0,0,0,0,40,0,12195.12195,0,0,0,0,0,0,0,0,0,0,1,0,0,0,0,0,0,0,40,0,0,0,0,0,0,2,0,0,0,256,-1,0,20,0,0,0,0,0,0,0,0,BENIGN
443,60383975,142,126,190813,21827,16586,0,1343.753521,2152.950218,1460,0,173.2301587,334.3123848,3521.464097,4.438263629,226157.2097,554111.3169,4573049,1,60400000,428255.1418,726955.6515,4573049,17,60200000,481998.24,789879.0902,4707017,1,0,0,0,0,2852,2532,2.351617296,2.086646333,0,16586,790.4832714,1683.581175,2834445.572,0,0,0,1,0,0,0,0,0,793.4328358,1343.753521,173.2301587,2852,0,0,0,0,0,0,142,190813,126,21827,8192,513,106,20,0,0,0,0,0,0,0,0,BENIGN
3268,80242,18,13,4096,6798,1293,0,227.5555556,411.3930741,3069,0,522.9230769,942.6004333,135764.313,386.3313477,2674.733333,9049.451753,45083,0,80242,4720.117647,11833.92252,45366,0,35152,2929.333333,6607.311973,17185,0,0,0,0,0,592,432,224.3214277,162.00992,0,3069,340.4375,679.5936137,461847.4798,0,0,0,1,0,0,0,0,0,351.4193548,227.5555556,522.9230769,592,0,0,0,0,0,0,18,4096,13,6798,29200,2081,10,32,0,0,0,0,0,0,0,0,BENIGN
389,62215,22,17,5172,8550,1293,0,235.0909091,370.5063343,3069,0,502.9411765,810.3008292,220557.7433,626.8584746,1637.236842,7479.230082,44430,2,62215,2962.619048,10031.09735,44702,2,17765,1110.3125,3593.250019,14508,3,0,0,0,0,720,560,353.6124729,273.2460018,0,3069,343.05,603.3427801,364022.5103,0,0,0,1,0,0,0,0,0,351.8461538,235.0909091,502.9411765,720,0,0,0,0,0,0,22,5172,17,8550,29200,2078,14,32,0,0,0,0,0,0,0,0,BENIGN
443,34926855,6,4,31,0,31,0,5.166666667,12.655697,0,0,0,0,0.887569179,0.286312638,3880761.667,4843252.256,10000000,31,34900000,6985371,4521684.962,10000000,31,30100000,10000000,85.55894654,10000000,10000000,0,0,0,0,192,128,0.171787583,0.114525055,0,31,2.818181818,9.346851682,87.36363636,0,0,0,0,1,0,0,0,0,3.1,5.166666667,0,192,0,0,0,0,0,0,6,31,4,0,2727,357,1,32,36818.66667,92.57609483,36925,36756,10000000,84.00793613,10000000,10000000,BENIGN
48230,334,2,0,0,0,0,0,0,0,0,0,0,0,0,5988.023952,334,0,334,334,334,334,0,334,334,0,0,0,0,0,0,0,0,0,64,0,5988.023952,0,0,0,0,0,0,0,0,0,0,1,0,0,0,0,0,0,0,64,0,0,0,0,0,0,2,0,0,0,357,-1,0,32,0,0,0,0,0,0,0,0,BENIGN
123,69022486,2,2,96,96,48,48,48,0,48,48,48,0,2.781702183,0.057952129,23000000,39800000,69000000,22411,69000000,69000000,0,69000000,69000000,69000000,69000000,0,69000000,69000000,0,0,0,0,52,52,0.028976064,0.028976064,48,48,48,0,0,0,0,0,0,0,0,0,0,1,60,48,48,52,0,0,0,0,0,0,2,96,2,96,-1,-1,1,20,22481,0,22481,22481,69000000,0,69000000,69000000,BENIGN
53,77944,1,1,50,105,50,50,50,0,105,105,105,0,1988.607205,25.65944781,77944,0,77944,77944,0,0,0,0,0,0,0,0,0,0,0,0,0,0,32,32,12.8297239,12.8297239,50,105,68.33333333,31.75426481,1008.333333,0,0,0,0,0,0,0,0,1,102.5,50,105,32,0,0,0,0,0,0,1,50,1,105,-1,-1,0,32,0,0,0,0,0,0,0,0,BENIGN
80,33175895,7,7,433,1768,430,0,61.85714286,162.3365112,1768,0,252.5714286,668.2411883,66.34334959,0.421993137,2551991.923,4328387.102,10000000,63,30100000,5024333,5475471.968,10000000,23493,33200000,5525412.333,5053512.941,10000000,1175,0,0,0,0,152,188,0.210996568,0.210996568,0,1768,146.7333333,461.9652842,213411.9238,0,0,0,1,0,0,0,0,1,157.2142857,61.85714286,252.5714286,152,0,0,0,0,0,0,7,433,7,1768,8192,946,4,20,41360.33333,31576.73103,77822,23120,10000000,529.7209957,10000000,10000000,BENIGN
80,235,2,0,0,0,0,0,0,0,0,0,0,0,0,8510.638298,235,0,235,235,235,235,0,235,235,0,0,0,0,0,0,0,0,0,40,0,8510.638298,0,0,0,0,0,0,0,0,0,0,1,0,0,0,0,0,0,0,40,0,0,0,0,0,0,2,0,0,0,256,-1,0,20,0,0,0,0,0,0,0,0,BENIGN
443,65776984,18,17,2330,10104,679,0,129.4444444,252.8620229,1460,0,594.3529412,662.7295773,189.0326866,0.532101016,1934617.176,3788693.518,10100000,49,65800000,3869234.353,4709606.698,10100000,204,65700000,4105754.875,4800822.561,10100000,49,0,0,0,0,372,344,0.273651951,0.258449065,0,1460,345.3888889,537.8984651,289334.7587,0,0,0,1,0,0,0,0,0,355.2571429,129.4444444,594.3529412,372,0,0,0,0,0,0,18,2330,17,10104,8192,33950,10,20,1053583.5,2375415.953,5902381,83642,9909189.667,181437.5641,10100000,9601030,BENIGN
80,60824773,24,19,3874,17661,430,0,161.4166667,212.5186266,1963,0,929.5263158,922.0414168,354.0498211,0.706948795,1448208.881,3097556.035,10000000,22,55600000,2418913.087,3820732.55,10000000,23221,60800000,3377865.667,4049089.653,10000000,123,0,0,0,0,492,440,0.394576072,0.312372724,0,1963,489.4318182,728.864054,531242.8092,0,0,0,1,0,0,0,0,0,500.8139535,161.4166667,929.5263158,492,0,0,0,0,0,0,24,3874,19,17661,8192,1214,13,20,1947069.8,1887754.453,4289385,23055,9179930.4,1851548.21,10000000,5867790,BENIGN
80,195,2,0,0,0,0,0,0,0,0,0,0,0,0,10256.41026,195,0,195,195,195,195,0,195,195,0,0,0,0,0,0,0,0,0,40,0,10256.41026,0,0,0,0,0,0,0,0,0,0,1,0,0,0,0,0,0,0,40,0,0,0,0,0,0,2,0,0,0,256,-1,0,20,0,0,0,0,0,0,0,0,BENIGN
80,39913210,13,10,1723,7094,430,0,132.5384615,206.405594,1774,0,709.4,915.8315226,220.9043071,0.576250319,1814236.818,3576027.514,10000000,20,35400000,2945985.083,4442985.519,10000000,630,39900000,4431725.667,4552861.812,10000000,707,0,0,0,0,272,248,0.325706702,0.250543617,0,1774,367.375,662.0675003,438333.375,0,0,0,1,0,0,0,0,0,383.3478261,132.5384615,709.4,272,0,0,0,0,0,0,13,1723,10,7094,8192,1047,7,20,1779534,3042252.847,5292425,23027,10000000,11141.98283,10000000,9991981,BENIGN
80,218,2,0,0,0,0,0,0,0,0,0,0,0,0,9174.311927,218,0,218,218,218,218,0,218,218,0,0,0,0,0,0,0,0,0,40,0,9174.311927,0,0,0,0,0,0,0,0,0,0,1,0,0,0,0,0,0,0,40,0,0,0,0,0,0,2,0,0,0,256,-1,0,20,0,0,0,0,0,0,0,0,BENIGN
123,68016694,2,2,96,96,48,48,48,0,48,48,48,0,2.822836405,0.058809092,22700000,39200000,68000000,16360,68000000,68000000,0,68000000,68000000,68000000,68000000,0,68000000,68000000,0,0,0,0,40,40,0.029404546,0.029404546,48,48,48,0,0,0,0,0,0,0,0,0,0,1,60,48,48,40,0,0,0,0,0,0,2,96,2,96,-1,-1,1,20,16360,0,16360,16360,68000000,0,68000000,68000000,BENIGN
443,63541244,16,16,1441,7616,579,0,90.0625,191.6293188,2256,0,476,743.85115,142.5373416,0.503609907,2049717.548,3948040.462,10000000,1,53900000,3596003.8,4785219.77,10100000,3416,63500000,4230160.867,4919918.998,10100000,1,0,0,0,0,344,392,0.251804954,0.251804954,0,2256,274.4545455,562.3557088,316243.9432,0,0,0,1,0,0,0,0,1,283.03125,90.0625,476,344,0,0,0,0,0,0,16,1441,16,7616,8192,140,9,20,664319.5,1409764.878,3541990,88594,9925887.667,202704.4992,10000000,9512328,BENIGN
443,313,2,0,0,0,0,0,0,0,0,0,0,0,0,6389.776358,313,0,313,313,313,313,0,313,313,0,0,0,0,0,0,0,0,0,40,0,6389.776358,0,0,0,0,0,0,0,0,0,0,1,0,0,0,0,0,0,0,40,0,0,0,0,0,0,2,0,0,0,256,-1,0,20,0,0,0,0,0,0,0,0,BENIGN
443,68755579,151,126,170587,23874,7866,0,1129.715232,1356.295186,1460,0,189.4761905,344.4873226,2828.294123,4.028763979,249114.4167,806459.8498,7497443,1,68800000,458370.5267,1062926.387,7497443,16,68600000,548997.792,1178474.928,7631446,1,0,0,0,0,3032,2532,2.196185418,1.832578561,0,7866,699.5,1127.242653,1270675.998,0,0,0,1,0,0,0,0,0,702.0252708,1129.715232,189.4761905,3032,0,0,0,0,0,0,151,170587,126,23874,8192,513,112,20,15800000,14600000,31200000,2268224,7108090,467071.0676,7497443,6590213,BENIGN
123,65094312,2,2,96,96,48,48,48,0,48,48,48,0,2.949566469,0.061449301,21700000,37400000,64900000,94100,65000000,65000000,0,65000000,65000000,65000000,65000000,0,65000000,65000000,0,0,0,0,40,52,0.030724651,0.030724651,48,48,48,0,0,0,0,0,0,0,0,0,0,1,60,48,48,40,0,0,0,0,0,0,2,96,2,96,-1,-1,1,20,94609,0,94609,94609,64900000,0,64900000,64900000,BENIGN
80,62097641,11,12,919,4292,463,0,83.54545455,184.660967,2137,0,357.6666667,716.4488605,83.91623121,0.37038444,2822620.045,4348629.068,10100000,52,56200000,5616979,4977905.214,10100000,205,62100000,5643870.909,4729728.696,10100000,142,0,0,0,0,232,312,0.177140384,0.193244056,0,2137,217.125,530.2882983,281205.6793,0,0,0,1,0,0,0,0,1,226.5652174,83.54545455,357.6666667,232,0,0,0,0,0,0,11,919,12,4292,8192,31,7,20,18767.33333,7104.189346,32756,15011,9342864.333,1655415.15,10100000,5964131,BENIGN
80,216,2,0,0,0,0,0,0,0,0,0,0,0,0,9259.259259,216,0,216,216,216,216,0,216,216,0,0,0,0,0,0,0,0,0,40,0,9259.259259,0,0,0,0,0,0,0,0,0,0,1,0,0,0,0,0,0,0,40,0,0,0,0,0,0,2,0,0,0,256,-1,0,20,0,0,0,0,0,0,0,0,BENIGN
80,62314627,11,13,919,4292,463,0,83.54545455,184.660967,1460,0,330.1538462,561.8076252,83.62402619,0.38514232,2709331.609,4279266.744,10000000,48,56400000,5638509.5,4942759.355,10000000,15380,62300000,5191617.833,4766986.363,10000000,48,0,0,0,0,232,332,0.176523563,0.208618757,0,1460,208.44,434.7484023,189006.1733,0,0,0,1,0,0,0,0,1,217.125,83.54545455,330.1538462,232,0,0,0,0,0,0,11,919,13,4292,8192,31,7,20,57734.5,102045.7332,265997,15010,9339781.333,1630255.572,10000000,6012064,BENIGN
80,65,2,0,0,0,0,0,0,0,0,0,0,0,0,30769.23077,65,0,65,65,65,65,0,65,65,0,0,0,0,0,0,0,0,0,40,0,30769.23077,0,0,0,0,0,0,0,0,0,0,1,0,0,0,0,0,0,0,40,0,0,0,0,0,0,2,0,0,0,256,-1,0,20,0,0,0,0,0,0,0,0,BENIGN
49666,34694221,19,16,5526,2554,1711,0,290.8421053,511.2325263,284,0,159.625,113.9074917,232.8918122,1.008813543,1020418.265,5938597.059,34600000,2,34700000,1927456.722,8161386.402,34600000,2,4109,273.9333333,467.1812843,1812,3,0,0,0,0,404,344,0.547641637,0.461171905,0,1711,224.4444444,381.7420554,145726.9968,0,0,0,1,0,0,0,0,0,230.8571429,290.8421053,159.625,404,0,0,0,0,0,0,19,5526,16,2554,8192,2049,12,20,0,0,0,0,0,0,0,0,BENIGN
49666,73,1,1,0,0,0,0,0,0,0,0,0,0,0,27397.26027,73,0,73,73,0,0,0,0,0,0,0,0,0,0,0,0,0,0,20,20,13698.63014,13698.63014,0,0,0,0,0,0,0,0,0,1,1,0,0,1,0,0,0,20,0,0,0,0,0,0,1,0,1,0,251,2049,0,20,0,0,0,0,0,0,0,0,BENIGN
443,61518882,15,15,775,4641,456,0,51.66666667,125.1054793,1460,0,309.4,514.0797326,88.03801083,0.487655156,2121340.759,4087468.472,10100000,23,61500000,4394205.857,5061845.673,10100000,17121,61500000,4390574.786,5065439.26,10100000,49,0,0,0,0,336,372,0.243827578,0.243827578,0,1460,174.7096774,385.0865871,148291.6796,0,0,0,1,0,0,0,0,1,180.5333333,51.66666667,309.4,336,0,0,0,0,0,0,15,775,15,4641,8192,114,8,20,271403.8333,541198.6787,1376121,50364,9981682.333,84528.91971,10100000,9844119,BENIGN
443,61867201,17,15,938,4698,615,0,55.17647059,153.8734201,1601,0,313.2,558.0935917,91.09835113,0.517236912,1995716.161,3975289.196,10000000,11,61900000,3866700.063,4922681.817,10100000,5846,61800000,4415426.143,5044211.445,10100000,50,0,0,0,0,376,384,0.27478211,0.242454803,0,1601,170.7878788,406.9704963,165624.9848,0,0,0,1,0,0,0,0,0,176.125,55.17647059,313.2,376,0,0,0,0,0,0,17,938,15,4698,8192,115,9,20,273110.6667,544780.416,1385139,50594,9974130.333,83603.19654,10000000,9803950,BENIGN
123,67041037,2,2,96,96,48,48,48,0,48,48,48,0,2.863917514,0.059664948,22300000,38600000,67000000,41013,67000000,67000000,0,67000000,67000000,67000000,67000000,0,67000000,67000000,0,0,0,0,40,40,0.029832474,0.029832474,48,48,48,0,0,0,0,0,0,0,0,0,0,1,60,48,48,40,0,0,0,0,0,0,2,96,2,96,-1,-1,1,20,44189,0,44189,44189,67000000,0,67000000,67000000,BENIGN
443,62091304,16,15,772,4567,452,0,48.25,120.6319471,1492,0,304.4666667,539.2779388,85.98627595,0.49926476,2069710.133,4021311.375,10000000,13,62100000,4139420.267,4968487.677,10100000,12742,62000000,4431440.071,5028592.889,10100000,257,0,0,0,0,356,384,0.257685038,0.241579723,0,1492,166.84375,394.5900371,155701.2974,0,0,0,1,0,0,0,0,0,172.2258065,48.25,304.4666667,356,0,0,0,0,0,0,16,772,15,4567,8192,123,9,20,323534.3333,668212.8095,1687518,50617,9970205.167,100230.8513,10000000,9765610,BENIGN
443,62094642,16,14,787,5798,467,0,49.1875,123.9904398,2920,0,414.1428571,824.4839745,106.0477972,0.483133472,2141194.552,4078687.753,10000000,34,62100000,4139642.8,4977314.985,10100000,917,62000000,4772610.231,5114039.986,10100000,194,0,0,0,0,332,284,0.257671185,0.225462287,0,2920,212.4193548,580.4823726,336959.7849,0,0,0,1,0,0,0,0,0,219.5,49.1875,414.1428571,332,0,0,0,0,0,0,16,787,14,5798,8192,31088,9,20,325246.1667,672901.2114,1698800,50415,9980086.333,73458.95461,10000000,9830244,BENIGN
443,61853690,17,16,642,4846,321,0,37.76470588,90.27702463,1460,0,302.875,530.2758873,88.72550692,0.533517079,1932927.813,3921965.36,10000000,36,61900000,3865855.625,4915958.216,10100000,7832,61800000,4120130.067,4985436.002,10100000,48,0,0,0,0,376,404,0.274842131,0.258674947,0,1460,161.4117647,387.4718459,150134.4314,0,0,0,1,0,0,0,0,0,166.3030303,37.76470588,302.875,376,0,0,0,0,0,0,17,642,16,4846,8192,114,9,20,255378.5,500128.7568,1276262,51042,9964479.667,106499.0237,10000000,9747390,BENIGN
443,61760489,15,14,1122,3628,789,0,74.8,206.1342143,1588,0,259.1428571,552.2499235,76.91001281,0.469555868,2205731.75,4139037.759,10100000,132,61800000,4411463.5,5049873.927,10100000,5394,61700000,4746560.385,5134106.565,10100000,221,0,0,0,0,312,364,0.242873725,0.226682143,0,1588,158.3333333,408.1763761,166607.954,0,0,0,1,0,0,0,0,0,163.7931034,74.8,259.1428571,312,0,0,0,0,0,0,15,1122,14,3628,8192,125,9,20,250209.1667,488734.8733,1247835,50479,9985621.167,78644.83606,10100000,9830242,BENIGN
123,67016726,2,2,96,96,48,48,48,0,48,48,48,0,2.864956429,0.059686592,22300000,38700000,67000000,16505,67000000,67000000,0,67000000,67000000,67000000,67000000,0,67000000,67000000,0,0,0,0,40,52,0.029843296,0.029843296,48,48,48,0,0,0,0,0,0,0,0,0,0,1,60,48,48,40,0,0,0,0,0,0,2,96,2,96,-1,-1,1,20,16505,0,16505,16505,67000000,0,67000000,67000000,BENIGN
443,62506184,15,18,1439,5008,730,0,95.93333333,205.9776225,1460,0,278.2222222,466.2597806,103.1417947,0.527947763,1953318.25,3928297.323,10100000,2,52700000,3766543.786,4873843.532,10100000,2677,62500000,3675371.529,4831185.16,10100000,2,0,0,0,0,324,432,0.239976256,0.287971507,0,1460,189.6176471,373.3007573,139353.4554,0,0,0,1,0,0,0,0,1,195.3636364,95.93333333,278.2222222,324,0,0,0,0,0,0,15,1439,18,5008,8192,72,9,20,435952.5,1006894.362,2491267,24720,9981744.167,117625.1408,10100000,9749588,BENIGN
443,316,2,0,0,0,0,0,0,0,0,0,0,0,0,6329.113924,316,0,316,316,316,316,0,316,316,0,0,0,0,0,0,0,0,0,40,0,6329.113924,0,0,0,0,0,0,0,0,0,0,1,0,0,0,0,0,0,0,40,0,0,0,0,0,0,2,0,0,0,251,-1,0,20,0,0,0,0,0,0,0,0,BENIGN
443,61480141,16,17,2678,8192,1305,0,167.375,400.6612659,1489,0,481.8823529,680.2938595,176.8050597,0.536758691,1921254.406,3948669.583,10000000,3,61500000,4098676.067,5032650.18,10100000,26549,61400000,3839302.437,4978790.815,10100000,3,0,0,0,0,332,424,0.260246638,0.276512053,0,1489,319.7058824,570.3094604,325252.8806,0,0,0,1,0,0,0,0,1,329.3939394,167.375,481.8823529,332,0,0,0,0,0,0,16,2678,17,8192,8192,83,10,20,210321,390592.7291,1007615,50675,10000000,12045.70265,10000000,9995608,BENIGN
123,66036994,2,2,96,96,48,48,48,0,48,48,48,0,2.907461233,0.060572109,22000000,38100000,66000000,36794,66000000,66000000,0,66000000,66000000,66000000,66000000,0,66000000,66000000,0,0,0,0,40,40,0.030286055,0.030286055,48,48,48,0,0,0,0,0,0,0,0,0,0,1,60,48,48,40,0,0,0,0,0,0,2,96,2,96,-1,-1,1,20,36873,0,36873,36873,66000000,0,66000000,66000000,BENIGN
123,67016199,2,2,96,96,48,48,48,0,48,48,48,0,2.864978958,0.059687062,22300000,38700000,67000000,16218,67000000,67000000,0,67000000,67000000,67000000,67000000,0,67000000,67000000,0,0,0,0,64,52,0.029843531,0.029843531,48,48,48,0,0,0,0,0,0,0,0,0,0,1,60,48,48,64,0,0,0,0,0,0,2,96,2,96,-1,-1,1,32,16228,0,16228,16228,67000000,0,67000000,67000000,BENIGN
443,61861097,16,16,733,6317,398,0,45.8125,110.1255155,2920,0,394.8125,780.7868014,113.9650013,0.517287949,1995519.258,3977226.463,10100000,17,61900000,4124073.133,4985937.724,10100000,1800,61800000,4120664.133,4995810.408,10100000,196,0,0,0,0,356,404,0.258643975,0.258643975,0,2920,213.6363636,568.6554767,323369.0511,0,0,0,1,0,0,0,0,1,220.3125,45.8125,394.8125,356,0,0,0,0,0,0,16,733,16,6317,8192,114,9,20,252341,494367.2907,1261464,50419,9977903.333,106645.0902,10100000,9763575,BENIGN
443,64121980,18,19,1165,7216,490,0,64.72222222,141.8262423,1460,0,379.7894737,517.2849611,130.7040113,0.577025226,1781166.111,3724259.559,10000000,35,64100000,3771881.176,4763180.579,10100000,9934,64100000,3559500.389,4714971.488,10100000,49,0,0,0,0,408,464,0.280714975,0.296310251,0,1460,220.5526316,406.898865,165566.6863,0,0,0,1,0,0,0,0,1,226.5135135,64.72222222,379.7894737,408,0,0,0,0,0,0,18,1165,19,7216,8192,118,10,20,608631.6667,1366880.625,3398765,50276,9966028.5,96225.67864,10000000,9770221,BENIGN
443,5369471,7,4,635,168,517,0,90.71428571,190.7072051,168,0,42,84,149.5491828,2.048618942,536947.1,1559778.95,4972799,18,5369471,894911.8333,2036381.502,5049222,18,360046,120015.3333,141430.1362,276261,747,0,0,0,0,232,136,1.3036666,0.744952343,0,517,66.91666667,150.8487854,22755.35606,0,0,0,1,0,0,0,0,0,73,90.71428571,42,232,0,0,0,0,0,0,7,635,4,168,29200,340,3,32,0,0,0,0,0,0,0,0,BENIGN
443,5374648,7,4,635,168,517,0,90.71428571,190.7072051,168,0,42,84,149.4051331,2.046645659,537464.8,1628705.619,5172202,52,5374648,895774.6667,2132814.894,5249161,54,165507,55169,47467.96148,86972,607,0,0,0,0,232,136,1.302410874,0.744234785,0,517,66.91666667,150.8487854,22755.35606,0,0,0,1,0,0,0,0,0,73,90.71428571,42,232,0,0,0,0,0,0,7,635,4,168,29200,340,3,32,202392,0,202392,202392,5172202,0,5172202,5172202,BENIGN
48257,3,2,0,0,0,0,0,0,0,0,0,0,0,0,666666.6667,3,0,3,3,3,3,0,3,3,0,0,0,0,0,0,0,0,0,64,0,666666.6667,0,0,0,0,0,0,0,0,0,0,1,0,0,0,0,0,0,0,64,0,0,0,0,0,0,2,0,0,0,340,-1,0,32,0,0,0,0,0,0,0,0,BENIGN
48256,4,2,0,0,0,0,0,0,0,0,0,0,0,0,500000,4,0,4,4,4,4,0,4,4,0,0,0,0,0,0,0,0,0,64,0,500000,0,0,0,0,0,0,0,0,0,0,1,0,0,0,0,0,0,0,64,0,0,0,0,0,0,2,0,0,0,340,-1,0,32,0,0,0,0,0,0,0,0,BENIGN
443,62352211,20,19,2597,8173,491,0,129.85,176.7297297,1460,0,430.1578947,511.5922056,172.7284378,0.625479023,1640847.658,3650591.302,10000000,41,62400000,3281695.316,4690219.021,10100000,5391,62300000,3461182.833,4792996.063,10100000,48,0,0,0,0,424,452,0.320758473,0.30472055,0,1460,269.25,400.5634333,160451.0641,0,0,0,1,0,0,0,0,0,276.1538462,129.85,430.1578947,424,0,0,0,0,0,0,20,2597,19,8173,8192,87,13,20,436848.5,945918.7346,2367697,50475,9955131.167,82409.10511,10000000,9808244,BENIGN
80,50637651,10,10,864,3538,430,0,86.4,181.0937142,1769,0,353.8,675.3351102,86.93136259,0.394963029,2665139.526,4233829.572,10000000,31,50400000,5598415.333,4703243.334,10000000,23017,50600000,5623851.667,4682495.369,10000000,168,0,0,0,0,212,260,0.197481514,0.197481514,0,1769,209.6190476,490.0766752,240175.1476,0,0,0,1,0,0,0,0,1,220.1,86.4,353.8,212,0,0,0,0,0,0,10,864,10,3538,8192,980,6,20,738312,1595467.445,3592369,23207,9338835.6,1494490.669,10000000,6665414,BENIGN
80,205,2,0,0,0,0,0,0,0,0,0,0,0,0,9756.097561,205,0,205,205,205,205,0,205,205,0,0,0,0,0,0,0,0,0,40,0,9756.097561,0,0,0,0,0,0,0,0,0,0,1,0,0,0,0,0,0,0,40,0,0,0,0,0,0,2,0,0,0,256,-1,0,20,0,0,0,0,0,0,0,0,BENIGN
443,64263407,35,37,5145,43173,1588,0,147,425.1895771,4380,0,1166.837838,1199.951562,751.8742354,1.120388777,905118.4085,2786043.723,10100000,14,64300000,1890100.206,3834628.798,10200000,63,64200000,1783675.361,3752153.225,10200000,48,0,0,0,0,760,812,0.544633433,0.575755344,0,4380,661.890411,1035.035756,1071299.016,0,0,0,1,0,0,0,0,1,671.0833333,147,1166.837838,760,0,0,0,0,0,0,35,5145,37,43173,8192,158,12,20,718981,1636754.926,4059993,50653,9988256.167,100315.2569,10100000,9798907,BENIGN
123,66016646,2,2,96,96,48,48,48,0,48,48,48,0,2.908357386,0.060590779,22000000,38100000,66000000,16373,66000000,66000000,0,66000000,66000000,66000000,66000000,0,66000000,66000000,0,0,0,0,40,40,0.030295389,0.030295389,48,48,48,0,0,0,0,0,0,0,0,0,0,1,60,48,48,40,0,0,0,0,0,0,2,96,2,96,-1,-1,1,20,16373,0,16373,16373,66000000,0,66000000,66000000,BENIGN
1211,20295,2,0,0,0,0,0,0,0,0,0,0,0,0,98.54644001,20295,0,20295,20295,20295,20295,0,20295,20295,0,0,0,0,0,0,0,0,0,52,0,98.54644001,0,0,0,0,0,0,0,0,0,0,1,0,0,0,0,0,0,0,52,0,0,0,0,0,0,2,0,0,0,158,-1,0,20,0,0,0,0,0,0,0,0,BENIGN
443,61260127,14,15,1815,3927,1491,0,129.6428571,396.1861659,1489,0,261.8,515.8628278,93.73144133,0.473391118,2187861.679,4137935.934,10000000,95,61300000,4712317.462,5105637.02,10100000,27177,61200000,4372054.357,5075323.983,10100000,247,0,0,0,0,304,384,0.228533643,0.244857475,0,1491,191.4,452.2167317,204499.9724,0,0,0,1,0,0,0,0,1,198,129.6428571,261.8,304,0,0,0,0,0,0,14,1815,15,3927,8192,121,9,20,190520.3333,342113.2149,888856,50817,9966638,98396.39366,10000000,9766170,BENIGN
443,61571411,14,15,684,5631,363,0,48.85714286,107.4006569,1460,0,375.4,570.4372759,102.5638344,0.470997814,2198978.964,4138369.571,10000000,47,61600000,4736262.385,5093639.837,10100000,50591,61500000,4394320.357,5065469.166,10100000,47,0,0,0,0,304,384,0.227378255,0.243619559,0,1460,210.5,436.424481,190466.3276,0,0,0,1,0,0,0,0,1,217.7586207,48.85714286,375.4,304,0,0,0,0,0,0,14,684,15,5631,8192,66,9,20,189481.5,340008.0987,883520,50376,9977843.5,60974.51124,10000000,9854277,BENIGN
443,61572493,14,15,677,4952,356,0,48.35714286,105.8304937,1460,0,330.1333333,556.0177113,91.42069333,0.470989537,2199017.607,4157644.506,10000000,30,61600000,4736345.615,5128792.582,10100000,51098,61500000,4394299.357,5098544.578,10100000,150,0,0,0,0,292,384,0.227374259,0.243615278,0,1460,187.6333333,418.7481741,175350.0333,0,0,0,1,0,0,0,0,1,194.1034483,48.35714286,330.1333333,292,0,0,0,0,0,0,14,677,15,4952,8192,66,9,20,138043.8333,213538.8262,573928,50688,10000000,18123.43801,10000000,9995437,BENIGN
443,61572824,15,16,1033,6113,356,0,68.86666667,129.2659864,1460,0,382.0625,548.9011409,116.0576945,0.503468868,2052427.467,4037887.361,10100000,42,61600000,4398058.857,5065638.513,10100000,46377,61500000,4101365.933,5021462.404,10100000,48,0,0,0,0,324,404,0.243613968,0.2598549,0,1460,223.3125,423.6637009,179490.9315,0,0,0,1,0,0,0,0,1,230.516129,68.86666667,382.0625,324,0,0,0,0,0,0,15,1033,16,6113,8192,70,10,20,184922.8333,328548.7425,855567,50154,9990237.167,78544.99725,10100000,9835442,BENIGN
443,61572710,15,16,1057,6107,374,0,70.46666667,133.1056866,1460,0,381.6875,548.6879768,116.3502467,0.5034698,2052423.667,4039092.27,10100000,49,61600000,4398050.714,5067949.884,10100000,50670,61500000,4101196,5023928.856,10100000,49,0,0,0,0,324,404,0.243614419,0.259855381,0,1460,223.875,423.7134417,179533.0806,0,0,0,1,0,0,0,0,1,231.0967742,70.46666667,381.6875,324,0,0,0,0,0,0,15,1057,16,6107,8192,70,10,20,182557.3333,321824.6116,839477,50694,9992541,72194.30298,10100000,9851163,BENIGN
443,61803845,17,15,1186,4964,474,0,69.76470588,146.8066455,1646,0,330.9333333,579.3037036,99.50837201,0.517767139,1993672.419,3977936.52,10000000,43,61800000,3862740.312,4928461.459,10100000,14801,61800000,4410920.429,5081579.28,10100000,219,0,0,0,0,364,384,0.275063793,0.242703346,0,1646,186.3636364,419.1692542,175702.8636,0,0,0,1,0,0,0,0,0,192.1875,69.76470588,330.9333333,364,0,0,0,0,0,0,17,1186,15,4964,8192,127,10,20,241770.5,468636.1413,1198370,50307,9979326,68403.98762,10000000,9840240,BENIGN
443,6007258,7,4,635,168,517,0,90.71428571,190.7072051,168,0,42,84,133.6716352,1.831118291,600725.8,1845326.979,5852108,49,6007258,1001209.667,2414131.478,5928903,127,117985,39328.33333,38643.70029,77900,613,0,0,0,0,232,136,1.165257094,0.665861197,0,517,66.91666667,150.8487854,22755.35606,0,0,0,1,0,0,0,0,0,73,90.71428571,42,232,0,0,0,0,0,0,7,635,4,168,29200,340,3,32,155023,0,155023,155023,5852108,0,5852108,5852108,BENIGN
48259,3,2,0,0,0,0,0,0,0,0,0,0,0,0,666666.6667,3,0,3,3,3,3,0,3,3,0,0,0,0,0,0,0,0,0,64,0,666666.6667,0,0,0,0,0,0,0,0,0,0,1,0,0,0,0,0,0,0,64,0,0,0,0,0,0,2,0,0,0,340,-1,0,32,0,0,0,0,0,0,0,0,BENIGN
123,68016343,2,2,96,96,48,48,48,0,48,48,48,0,2.822850973,0.058809395,22700000,39200000,68000000,16086,68000000,68000000,0,68000000,68000000,68000000,68000000,0,68000000,68000000,0,0,0,0,52,52,0.029404698,0.029404698,48,48,48,0,0,0,0,0,0,0,0,0,0,1,60,48,48,52,0,0,0,0,0,0,2,96,2,96,-1,-1,1,20,16134,0,16134,16134,68000000,0,68000000,68000000,BENIGN
123,66028973,2,2,96,96,48,48,48,0,48,48,48,0,2.907814423,0.060579467,22000000,38100000,66000000,28744,66000000,66000000,0,66000000,66000000,66000000,66000000,0,66000000,66000000,0,0,0,0,40,40,0.030289734,0.030289734,48,48,48,0,0,0,0,0,0,0,0,0,0,1,60,48,48,40,0,0,0,0,0,0,2,96,2,96,-1,-1,1,20,28977,0,28977,28977,66000000,0,66000000,66000000,BENIGN
123,66016879,2,2,96,96,48,48,48,0,48,48,48,0,2.908347121,0.060590565,22000000,38100000,66000000,16346,66000000,66000000,0,66000000,66000000,66000000,66000000,0,66000000,66000000,0,0,0,0,52,52,0.030295283,0.030295283,48,48,48,0,0,0,0,0,0,0,0,0,0,1,60,48,48,52,0,0,0,0,0,0,2,96,2,96,-1,-1,1,20,16346,0,16346,16346,66000000,0,66000000,66000000,BENIGN
123,66000365,4,4,192,192,48,48,48,0,48,48,48,0,5.818149642,0.121211451,9428623.571,24900000,66000000,1,66000000,22000000,38100000,66000000,1,66000000,22000000,38100000,66000000,3,0,0,0,0,104,104,0.060605725,0.060605725,48,48,48,0,0,0,0,0,0,0,0,0,0,1,54,48,48,104,0,0,0,0,0,0,4,192,4,192,-1,-1,3,20,230,0,230,230,66000000,0,66000000,66000000,BENIGN
123,67071870,2,2,96,96,48,48,48,0,48,48,48,0,2.862600968,0.05963752,22400000,38600000,66900000,71642,67000000,67000000,0,67000000,67000000,67000000,67000000,0,67000000,67000000,0,0,0,0,40,40,0.02981876,0.02981876,48,48,48,0,0,0,0,0,0,0,0,0,0,1,60,48,48,40,0,0,0,0,0,0,2,96,2,96,-1,-1,1,20,71952,0,71952,71952,66900000,0,66900000,66900000,BENIGN
80,70720228,26,22,4304,19624,430,0,165.5384615,213.2159902,1963,0,892,806.7445456,338.3473255,0.678730843,1504685.702,3171362.316,10000000,47,65200000,2606034.44,3925848.355,10000000,19309,70700000,3366528.81,4087296.821,10000000,80,0,0,0,0,532,500,0.367645874,0.31108497,0,1963,488.3265306,666.7162499,444510.5578,0,0,0,1,0,0,0,0,0,498.5,165.5384615,892,532,0,0,0,0,0,0,26,4304,22,19624,8192,1248,14,20,1691401.667,2270163.757,5779130,22926,9167075.167,1657174.616,10000000,5866692,BENIGN
80,179,2,0,0,0,0,0,0,0,0,0,0,0,0,11173.18436,179,0,179,179,179,179,0,179,179,0,0,0,0,0,0,0,0,0,40,0,11173.18436,0,0,0,0,0,0,0,0,0,0,1,0,0,0,0,0,0,0,40,0,0,0,0,0,0,2,0,0,0,256,-1,0,20,0,0,0,0,0,0,0,0,BENIGN
80,47599913,8,8,434,1780,430,0,54.25,151.826734,1780,0,222.5,629.3250353,46.51269005,0.336135068,3173327.533,4658815.907,10000000,71,40200000,5743120.714,5338831.36,10000000,23264,47600000,6796681.857,4715134.305,10000000,861,0,0,0,0,172,220,0.168067534,0.168067534,0,1780,130.2352941,437.6758974,191560.1912,0,0,0,1,0,0,0,0,1,138.375,54.25,222.5,172,0,0,0,0,0,0,8,434,8,1780,8192,946,5,20,44001.75,42054.20151,107083,22905,10000000,2618.045263,10000000,10000000,BENIGN
80,187,2,0,0,0,0,0,0,0,0,0,0,0,0,10695.18717,187,0,187,187,187,187,0,187,187,0,0,0,0,0,0,0,0,0,40,0,10695.18717,0,0,0,0,0,0,0,0,0,0,1,0,0,0,0,0,0,0,40,0,0,0,0,0,0,2,0,0,0,256,-1,0,20,0,0,0,0,0,0,0,0,BENIGN
443,66364976,14,15,863,4378,538,0,61.64285714,149.1971371,1428,0,291.8666667,511.5724871,78.97237844,0.43697748,2370177.714,4127280.012,10000000,3,61900000,4760202.462,5100943.005,10100000,446,66300000,4734098.143,4953393.875,10100000,3,0,0,0,0,292,384,0.210954646,0.226022835,0,1428,174.7,388.1278806,150643.2517,0,0,0,1,0,0,0,0,1,180.7241379,61.64285714,291.8666667,292,0,0,0,0,0,0,14,863,15,4378,8192,240,9,20,338333.5,612720.9361,1589044,87688,9975438.5,87113.30778,10000000,9799233,BENIGN
443,313,2,0,0,0,0,0,0,0,0,0,0,0,0,6389.776358,313,0,313,313,313,313,0,313,313,0,0,0,0,0,0,0,0,0,40,0,6389.776358,0,0,0,0,0,0,0,0,0,0,1,0,0,0,0,0,0,0,40,0,0,0,0,0,0,2,0,0,0,252,-1,0,20,0,0,0,0,0,0,0,0,BENIGN
123,67016743,2,2,96,96,48,48,48,0,48,48,48,0,2.864955702,0.059686577,22300000,38700000,67000000,16283,67000000,67000000,0,67000000,67000000,67000000,67000000,0,67000000,67000000,0,0,0,0,40,40,0.029843289,0.029843289,48,48,48,0,0,0,0,0,0,0,0,0,0,1,60,48,48,40,0,0,0,0,0,0,2,96,2,96,-1,-1,1,20,16283,0,16283,16283,67000000,0,67000000,67000000,BENIGN
443,67789843,17,18,786,7173,462,0,46.23529412,119.8564399,1576,0,398.5,600.0330628,117.4069691,0.516301535,1993818.912,3840951.086,10000000,0,63100000,3946802.938,4879546.051,10100000,184,67700000,3984477.647,4735776.987,10100000,3,0,0,0,0,376,444,0.250775031,0.265526504,0,1576,221.0833333,462.4686167,213877.2214,0,0,0,1,0,0,0,0,1,227.4,46.23529412,398.5,376,0,0,0,0,0,0,17,786,18,7173,8192,239,9,20,552831.1667,1222544.659,3048340,53655,9971976.667,85792.43403,10000000,9796925,BENIGN
443,259,2,0,0,0,0,0,0,0,0,0,0,0,0,7722.007722,259,0,259,259,259,259,0,259,259,0,0,0,0,0,0,0,0,0,40,0,7722.007722,0,0,0,0,0,0,0,0,0,0,1,0,0,0,0,0,0,0,40,0,0,0,0,0,0,2,0,0,0,258,-1,0,20,0,0,0,0,0,0,0,0,BENIGN
123,67016906,2,2,96,96,48,48,48,0,48,48,48,0,2.864948734,0.059686432,22300000,38700000,67000000,16118,67000000,67000000,0,67000000,67000000,67000000,67000000,0,67000000,67000000,0,0,0,0,52,52,0.029843216,0.029843216,48,48,48,0,0,0,0,0,0,0,0,0,0,1,60,48,48,52,0,0,0,0,0,0,2,96,2,96,-1,-1,1,20,16118,0,16118,16118,67000000,0,67000000,67000000,BENIGN
123,69093486,2,2,96,96,48,48,48,0,48,48,48,0,2.778843725,0.057892578,23000000,39700000,68900000,93209,69000000,69000000,0,69000000,69000000,69000000,69000000,0,69000000,69000000,0,0,0,0,52,64,0.028946289,0.028946289,48,48,48,0,0,0,0,0,0,0,0,0,0,1,60,48,48,52,0,0,0,0,0,0,2,96,2,96,-1,-1,1,20,93721,0,93721,93721,68900000,0,68900000,68900000,BENIGN
123,69066210,2,2,96,96,48,48,48,0,48,48,48,0,2.779941161,0.057915441,23000000,39800000,68900000,57452,69000000,69000000,0,69000000,69000000,69000000,69000000,0,69000000,69000000,0,0,0,0,52,52,0.02895772,0.02895772,48,48,48,0,0,0,0,0,0,0,0,0,0,1,60,48,48,52,0,0,0,0,0,0,2,96,2,96,-1,-1,1,20,57452,0,57452,57452,68900000,0,68900000,68900000,BENIGN
3268,112577630,36,18,7254,1296,403,0,201.5,204.3582988,72,72,72,0,75.94759279,0.479669007,2124106.226,5361337.753,16500000,2,113000000,3216503.714,6351714.66,16500000,2,113000000,6622184.647,7859684.352,16500000,2,1,0,0,0,1152,576,0.319779338,0.159889669,0,403,162.7818182,178.5589114,31883.28485,0,1,0,0,1,0,0,0,0,165.7962963,201.5,72,1152,0,0,0,0,0,0,36,7254,18,1296,548,257,17,32,411157.7143,1086722.193,2875612,393,15700000,1034180.667,16500000,13600000,BENIGN
389,112577374,40,20,8158,7514,452,0,203.95,206.8162755,913,316,375.7,183.7527229,139.2109217,0.532966775,1908091.085,5090871.456,16500000,2,113000000,2886599.333,6054633.932,16500000,2,113000000,5925109.632,7641393.686,16500000,3,1,0,0,0,1280,640,0.355311184,0.177655592,0,913,263.5245902,213.0245374,45379.45355,0,1,0,0,1,0,0,0,0,267.9166667,203.95,375.7,1280,0,0,0,0,0,0,40,8158,20,7514,774,2079,19,32,483988.1429,1071575.967,2875509,324,15600000,1023462.992,16500000,13600000,BENIGN
123,67028957,2,2,96,96,48,48,48,0,48,48,48,0,2.864433651,0.059675701,22300000,38600000,67000000,28698,67000000,67000000,0,67000000,67000000,67000000,67000000,0,67000000,67000000,0,0,0,0,52,52,0.029837851,0.029837851,48,48,48,0,0,0,0,0,0,0,0,0,0,1,60,48,48,52,0,0,0,0,0,0,2,96,2,96,-1,-1,1,20,28707,0,28707,28707,67000000,0,67000000,67000000,BENIGN
443,67570266,18,18,1975,7230,525,0,109.7222222,177.6062418,1460,0,401.6666667,524.8559466,136.2285595,0.532778723,1930579.029,3835934.797,10000000,20,67600000,3974721.529,4791504.169,10100000,48356,67500000,3971593.588,4838686.053,10100000,48,0,0,0,0,384,444,0.266389361,0.266389361,0,1460,248.7837838,409.9457373,168055.5075,0,0,0,1,0,0,0,0,1,255.6944444,109.7222222,401.6666667,384,0,0,0,0,0,0,18,1975,18,7230,8192,78,12,20,247399.4286,344169.407,867410,50428,9383355.571,1534894.596,10000000,5910419,BENIGN
443,61501402,17,17,771,6016,445,0,45.35294118,116.344285,1460,0,353.8823529,559.117707,110.3552078,0.552832926,1863678.848,3882513.644,10000000,22,61500000,3843837.625,4937521.072,10100000,25461,61500000,3840654.125,4947016.568,10100000,48,0,0,0,0,376,424,0.276416463,0.276416463,0,1460,193.9142857,422.3952966,178417.7866,0,0,0,1,0,0,0,0,1,199.6176471,45.35294118,353.8823529,376,0,0,0,0,0,0,17,771,17,6016,8192,114,9,20,250968.6667,491218.8815,1253665,50352,9972223.5,88822.06035,10000000,9791358,BENIGN
443,61590983,17,15,932,3686,596,0,54.82352941,150.3368033,1615,0,245.7333333,531.4707984,74.97850781,0.519556572,1986805.903,3979109.069,10000000,71,61600000,3849436.438,4959225.668,10100000,27244,61500000,4393138.5,5095035.529,10100000,210,0,0,0,0,376,384,0.276014429,0.243542143,0,1615,139.9393939,380.2426807,144584.4962,0,0,0,1,0,0,0,0,0,144.3125,54.82352941,245.7333333,376,0,0,0,0,0,0,17,932,15,3686,8192,114,9,20,271634.8333,456290.1013,1203033,85157,9975806.5,78338.125,10000000,9815900,BENIGN
443,60993031,16,15,737,5686,415,0,46.0625,112.6229513,1460,0,379.0666667,554.6013326,105.3071129,0.508254787,2033101.033,4027795.617,10000000,27,61000000,4066202.067,5011302.657,10100000,18510,60900000,4353010.786,5078369.097,10100000,48,0,0,0,0,344,372,0.262325052,0.245929736,0,1460,200.71875,417.2305184,174081.3054,0,0,0,1,0,0,0,0,0,207.1935484,46.0625,379.0666667,344,0,0,0,0,0,0,16,737,15,5686,8192,114,9,20,205779.3333,379975.4787,981401,50496,9951660,130984.1937,10000000,9684747,BENIGN
1358,48431,2,0,0,0,0,0,0,0,0,0,0,0,0,41.29586422,48431,0,48431,48431,48431,48431,0,48431,48431,0,0,0,0,0,0,0,0,0,52,0,41.29586422,0,0,0,0,0,0,0,0,0,0,1,0,0,0,0,0,0,0,52,0,0,0,0,0,0,2,0,0,0,114,-1,0,20,0,0,0,0,0,0,0,0,BENIGN
443,61309168,15,14,707,4976,382,0,47.13333333,108.802486,1460,0,355.4285714,593.6644629,92.69413018,0.473012454,2189613.143,4141466.433,10000000,49,61300000,4379226.286,5068987.065,10100000,34199,61300000,4712154.538,5154488.241,10100000,49,0,0,0,0,312,364,0.244661614,0.22835084,0,1460,189.4333333,434.4161903,188717.4264,0,0,0,1,0,0,0,0,0,195.9655172,47.13333333,355.4285714,312,0,0,0,0,0,0,15,707,14,4976,8192,114,9,20,167665.1667,286061.2363,751585,50650,9975195.5,87834.9161,10000000,9795904,BENIGN
443,60683841,15,16,687,4960,367,0,45.8,105.161916,1460,0,310,535.7469552,93.05607402,0.510844394,2022794.7,4018335.153,10000000,2,60700000,4334560.071,5061411.573,10100000,24063,60600000,4042212.6,5006867.092,10100000,2,0,0,0,0,336,392,0.247182771,0.263661623,0,1460,176.46875,402.9225479,162346.5796,0,0,0,1,0,0,0,0,1,182.1612903,45.8,310,336,0,0,0,0,0,0,15,687,16,4960,8192,79,8,20,191040.6667,344878.1454,895020,50009,9922897.5,133532.4964,10000000,9690173,BENIGN
443,60525651,13,12,899,3789,569,0,69.15384615,162.5509388,1526,0,315.75,586.7709984,77.45476377,0.413048015,2521902.125,4403813.218,10000000,114,60500000,5043804.25,5209706.876,10100000,42236,60500000,5497693,5209390.254,10100000,261,0,0,0,0,272,312,0.214784968,0.198263047,0,1526,180.3076923,425.0947912,180705.5815,0,0,0,1,0,0,0,0,0,187.52,69.15384615,315.75,272,0,0,0,0,0,0,13,899,12,3789,8192,123,8,20,98808.5,116156.0391,335900,50633,9988747.833,43551.29213,10000000,9900675,BENIGN
443,60687641,14,15,836,5052,500,0,59.71428571,140.7608056,1460,0,336.8,557.4796857,97.02140177,0.477856768,2167415.75,4168348.739,10000000,2,60700000,4668280.077,5183652.826,10100000,7670,60600000,4331215,5144923.534,10100000,2,0,0,0,0,292,384,0.230689474,0.247167294,0,1460,196.2666667,423.628166,179460.823,0,0,0,1,0,0,0,0,1,203.0344828,59.71428571,336.8,292,0,0,0,0,0,0,14,836,15,5052,8192,79,9,20,76945.33333,64350.99083,208301,50572,10000000,7601.977885,10000000,9995671,BENIGN
443,60688323,14,13,997,5085,662,0,71.21428571,180.7549036,4096,0,391.1538462,1124.649119,100.2169725,0.444896129,2334166.269,4252394.916,10000000,4,60700000,4668332.538,5127837.744,10100000,16153,60600000,5053092.167,5196269.587,10100000,4,0,0,0,0,304,332,0.230686882,0.214209247,0,4096,217.2142857,777.97669,605247.7302,0,0,0,1,0,0,0,0,0,225.2592593,71.21428571,391.1538462,304,0,0,0,0,0,0,14,997,13,5085,8192,80,8,20,168441.1667,288122.7637,756569,50573,9946201.667,97297.48201,10000000,9769439,BENIGN
443,2,1,1,0,0,0,0,0,0,0,0,0,0,0,1000000,2,0,2,2,0,0,0,0,0,0,0,0,0,0,0,0,0,0,20,20,500000,500000,0,0,0,0,0,0,0,0,0,1,0,0,0,1,0,0,0,20,0,0,0,0,0,0,1,0,1,0,254,80,0,20,0,0,0,0,0,0,0,0,BENIGN
443,70568780,21,20,2397,8264,817,0,114.1428571,253.1140624,1460,0,413.2,496.7835068,151.0724714,0.580993465,1764219.5,3757075.947,10000000,49,70600000,3528439,4764043.369,10100000,18549,70500000,3711421.789,4827137.097,10100000,49,0,0,0,0,480,472,0.297582019,0.283411446,0,1460,253.8333333,411.7951727,169575.2642,0,0,0,1,0,0,0,0,0,260.0243902,114.1428571,413.2,480,0,0,0,0,0,0,21,2397,20,8264,8192,129,10,20,269178.1429,472877.6834,1319203,51159,9812022.714,367443.3535,10000000,9007188,BENIGN
0,113596934,287,0,0,0,0,0,0,0,0,0,0,0,0,2.526476639,397192.0769,1647537.989,15500000,0,114000000,397192.0769,1647537.989,15500000,0,0,0,0,0,0,0,0,0,0,0,0,2.526476639,0,0,0,0,0,0,0,0,0,0,0,0,0,0,0,0,0,0,0,0,0,0,0,0,0,287,0,0,0,-1,-1,0,0,8693173.833,6446218.753,19400000,1499972,9814328.5,3948098.542,15500000,6255411,BENIGN
443,60986982,15,14,699,4107,370,0,46.6,106.5757946,1563,0,293.3571429,545.9864195,78.80370273,0.475511315,2178106.5,4140072.94,10000000,52,61000000,4356213,5076794.086,10100000,5498,60900000,4687399.692,5131783.151,10100000,217,0,0,0,0,324,364,0.245954128,0.229557186,0,1563,160.2,393.9981971,155234.5793,0,0,0,1,0,0,0,0,0,165.7241379,46.6,293.3571429,324,0,0,0,0,0,0,15,699,14,4107,8192,114,9,20,136714,211513.9629,568465,50239,9961114,108596.4151,10000000,9739987,BENIGN
443,61309324,15,16,699,5766,373,0,46.6,106.929082,1460,0,360.375,577.001892,105.4488874,0.505632716,2043644.133,4024198.924,10000000,25,61300000,4379237.429,5078357.111,10100000,14501,61200000,4081456.667,5039062.801,10100000,47,0,0,0,0,324,404,0.244660992,0.260971724,0,1460,202.03125,438.4137451,192206.6119,0,0,0,1,0,0,0,0,1,208.5483871,46.6,360.375,324,0,0,0,0,0,0,15,699,16,5766,8192,114,9,20,205202.6667,289283.9423,795701,86957,9955041.333,124869.3466,10000000,9700153,BENIGN
443,61079131,14,14,861,3995,527,0,61.5,147.1429185,1563,0,285.3571429,543.0808988,79.50342319,0.458421715,2262190.037,4205776.498,10000000,8,61100000,4698394.692,5133244.857,10100000,19299,61000000,4694505.308,5144786.141,10100000,225,0,0,0,0,292,284,0.229210858,0.229210858,0,1563,167.4482759,400.6899038,160552.399,0,0,0,1,0,0,0,0,1,173.4285714,61.5,285.3571429,292,0,0,0,0,0,0,14,861,14,3995,8192,31088,9,20,141878,224067.6358,599254,50126,9982202.667,71840.16654,10000000,9835560,BENIGN
443,60799489,14,15,1144,5849,449,0,81.71428571,151.6298269,1460,0,389.9333333,584.1726098,115.017414,0.476977693,2171410.321,4143281.026,10000000,48,60800000,4676883.769,5133939.874,10100000,25166,60700000,4339179.643,5125026.859,10100000,48,0,0,0,0,292,372,0.230265093,0.2467126,0,1460,233.1,448.0082627,200711.4034,0,0,0,1,0,0,0,0,1,241.137931,81.71428571,389.9333333,292,0,0,0,0,0,0,14,1144,15,5849,8192,118,9,20,171865.1667,296911.8966,777934,50459,9961320.833,96868.49038,10000000,9769322,BENIGN
443,60777933,16,15,703,4719,367,0,43.9375,103.6979387,1460,0,314.6,514.7782879,89.21000982,0.510053542,2025931.1,4040223.909,10000000,18,60800000,4051862.2,5037968.641,10100000,645,60700000,4337639,5104746.485,10100000,48,0,0,0,0,356,372,0.263253441,0.246800101,0,1460,169.4375,379.64533,144130.5766,0,0,0,1,0,0,0,0,0,174.9032258,43.9375,314.6,356,0,0,0,0,0,0,16,703,15,4719,8192,114,9,20,155234.6667,256286.4103,678377,50481,9969424.667,102675.7186,10000000,9759839,BENIGN
443,61890129,16,17,1815,6786,517,0,113.4375,197.9151228,1460,0,399.1764706,546.3350889,138.9720807,0.53320296,1934066.531,3923148.92,10000000,48,61900000,4126008.6,5013421.973,10100000,23909,61800000,3861684.563,4996426.297,10100000,48,0,0,0,0,332,424,0.258522647,0.274680313,0,1460,252.9705882,430.0165244,184914.2112,0,0,0,1,0,0,0,0,1,260.6363636,113.4375,399.1764706,332,0,0,0,0,0,0,16,1815,17,6786,8192,131,11,20,315139.5,519896.1238,1376373,102808,9971073,85149.20374,10000000,9797263,BENIGN
1431,29948,2,0,0,0,0,0,0,0,0,0,0,0,0,66.78242287,29948,0,29948,29948,29948,29948,0,29948,29948,0,0,0,0,0,0,0,0,0,52,0,66.78242287,0,0,0,0,0,0,0,0,0,0,1,0,0,0,0,0,0,0,52,0,0,0,0,0,0,2,0,0,0,114,-1,0,20,0,0,0,0,0,0,0,0,BENIGN
443,61400400,14,15,702,5862,377,0,50.14285714,110.9607395,1460,0,390.8,584.8857275,106.904841,0.472309627,2192871.429,4141582.576,10000000,48,61400000,4723107.692,5106780.839,10100000,30383,61300000,4382091.357,5105693.407,10100000,48,0,0,0,0,292,384,0.228011544,0.244298083,0,1460,218.8,448.7225085,201351.8897,0,0,0,1,0,0,0,0,1,226.3448276,50.14285714,390.8,292,0,0,0,0,0,0,14,702,15,5862,8192,114,9,20,143801.8333,227774.7798,608745,50614,9977135.167,83256.9446,10000000,9807188,BENIGN
443,117958229,17,14,1873,7485,818,0,110.1764706,230.0886338,1761,0,534.6428571,699.1825565,79.33316801,0.262804895,3931940.967,14900000,58900000,4,118000000,7372389.312,20100000,58900000,129,118000000,9071017.462,22100000,59000000,4,0,0,0,0,552,456,0.144118813,0.118686082,0,1761,292.4375,528.9586811,279797.2863,0,0,0,1,0,0,0,0,0,301.8709677,110.1764706,534.6428571,552,0,0,0,0,0,0,17,1873,14,7485,29200,129,7,32,121433,71214.13815,171789,71077,58800000,135551.6628,58900000,58700000,BENIGN
443,118271265,41,57,1454,82552,529,0,35.46341463,105.659618,2796,0,1448.280702,920.0109424,710.2824173,0.828603634,1219291.392,8400391.867,58900000,-1,118000000,2956781.625,13000000,58900000,37,118000000,2111360.411,11000000,59000000,1,0,0,0,0,1320,1832,0.346660704,0.48194293,0,2796,848.5454545,990.6357912,981359.2709,0,0,0,1,0,0,0,0,1,857.2040816,35.46341463,1448.280702,1320,0,0,0,0,0,0,41,1454,57,82552,29200,126,8,32,302578.5,323476.6037,531311,73846,58800000,166645.9764,58900000,58700000,BENIGN
443,61273212,16,17,788,7219,464,0,49.25,123.6211956,1460,0,424.6470588,591.022836,130.6770078,0.538571407,1914787.875,3932325.17,10000000,41,61300000,4084880.8,5011220.976,10100000,6614,61200000,3826368.25,4956733.447,10100000,49,0,0,0,0,356,424,0.261125531,0.277445876,0,1460,235.5,461.776822,213237.8333,0,0,0,1,0,0,0,0,1,242.6363636,49.25,424.6470588,356,0,0,0,0,0,0,16,788,17,7219,8192,114,9,20,176136,306657.5312,802098,50839,9969626.833,101355.0042,10000000,9762737,BENIGN
443,61230654,16,17,1311,6935,987,0,81.9375,247.5876865,1460,0,407.9411765,577.389759,134.6711077,0.538945738,1913457.938,3930612.584,10000000,29,61200000,4082043.6,5009698.136,10100000,17427,61200000,3823639.5,4955338.067,10100000,48,0,0,0,0,356,424,0.261307024,0.277638713,0,1460,242.5294118,466.7798284,217883.4082,0,0,0,1,0,0,0,0,1,249.8787879,81.9375,407.9411765,356,0,0,0,0,0,0,16,1311,17,6935,8192,117,9,20,183810,324868.9839,846946,51010,9965114,104348.3674,10000000,9752502,BENIGN
443,65668700,15,16,1097,4780,414,0,73.13333333,139.6760879,1551,0,298.75,516.3086286,89.49469077,0.472066601,2188956.667,4051006.669,10000000,3,60800000,4345579.214,5077025.336,10000000,11068,65600000,4376024.4,4927245.87,10000000,3,0,0,0,0,324,404,0.228419323,0.243647278,0,1551,183.65625,389.4021563,151634.0393,0,0,0,1,0,0,0,0,1,189.5806452,73.13333333,298.75,324,0,0,0,0,0,0,15,1097,16,4780,8192,140,10,20,169451,345462.3246,874623,28269,9970233.833,78634.46058,10000000,9809722,BENIGN
443,116,2,0,0,0,0,0,0,0,0,0,0,0,0,17241.37931,116,0,116,116,116,116,0,116,116,0,0,0,0,0,0,0,0,0,40,0,17241.37931,0,0,0,0,0,0,0,0,0,0,1,0,0,0,0,0,0,0,40,0,0,0,0,0,0,2,0,0,0,256,-1,0,20,0,0,0,0,0,0,0,0,BENIGN
443,60600563,14,13,690,4055,366,0,49.28571429,108.3778494,1495,0,311.9230769,549.5074251,78.2996026,0.445540415,2330790.885,4274224.784,10000000,30,60600000,4661581.769,5168584.009,10100000,1299,60500000,5045784.75,5200875.564,10100000,220,0,0,0,0,304,332,0.231020956,0.214519459,0,1495,169.4642857,397.7223564,158183.0728,0,0,0,1,0,0,0,0,0,175.7407407,49.28571429,311.9230769,304,0,0,0,0,0,0,14,690,13,4055,8192,79,9,20,117370.6667,163318.9332,450744,50593,9982506.667,63072.96003,10000000,9854407,BENIGN
443,60601462,14,13,801,3634,478,0,57.21428571,134.5649277,1495,0,279.5384615,551.8953124,73.18305291,0.445533806,2330825.462,4256535.171,10000000,49,60600000,4661650.923,5138132.981,10100000,7931,60500000,5045830.333,5204240.228,10100000,49,0,0,0,0,304,332,0.231017529,0.214516277,0,1495,158.3928571,396.7301853,157394.8399,0,0,0,1,0,0,0,0,0,164.2592593,57.21428571,279.5384615,304,0,0,0,0,0,0,14,801,13,3634,8192,79,8,20,149702.6667,242803.9113,645324,50445,9950407.333,94371.78344,10000000,9784726,BENIGN
1461,1590,2,0,0,0,0,0,0,0,0,0,0,0,0,1257.861635,1590,0,1590,1590,1590,1590,0,1590,1590,0,0,0,0,0,0,0,0,0,52,0,1257.861635,0,0,0,0,0,0,0,0,0,0,1,0,0,0,0,0,0,0,52,0,0,0,0,0,0,2,0,0,0,79,-1,0,20,0,0,0,0,0,0,0,0,BENIGN
443,61581165,15,15,753,4398,409,0,50.2,116.5903696,1460,0,293.2,509.4777718,83.64570563,0.487161943,2123488.448,4077478.374,10100000,41,61600000,4398654.643,5069019.223,10200000,44082,61500000,4392565.143,5086667.379,10200000,48,0,0,0,0,324,384,0.243580972,0.243580972,0,1460,166.1612903,378.4023517,143188.3398,0,0,0,1,0,0,0,0,1,171.7,50.2,293.2,324,0,0,0,0,0,0,15,753,15,4398,8192,123,9,20,223761,340560.8947,918928,84646,9965732.667,139132.1912,10100000,9690009,BENIGN
443,60909374,15,15,702,4262,374,0,46.8,107.3447051,1460,0,284.1333333,521.8877639,81.49812868,0.492535024,2100323.241,4089460.57,10000000,4,60900000,4350669.571,5086414.94,10100000,7110,60900000,4347020.357,5096955.887,10100000,48,0,0,0,0,324,384,0.246267512,0.246267512,0,1460,160.1290323,383.9880851,147446.8495,0,0,0,1,0,0,0,0,1,165.4666667,46.8,284.1333333,324,0,0,0,0,0,0,15,702,15,4262,8192,114,9,20,149461.8333,241865.6613,643168,50640,9966590.667,109306.4026,10000000,9743470,BENIGN
443,30609606,1023,1330,890,2894005,592,0,0.869990225,19.76242726,4456,0,2175.943609,843.0538618,94574.72272,76.87129328,13014.28827,357235.4539,10000000,0,30600000,29902.80333,542169.1384,10000000,14,30600000,23020.51016,475795.402,10000000,1,0,0,0,0,20472,26648,33.42088101,43.45041227,0,4456,1229.776975,1250.939231,1564848.959,0,0,0,1,0,0,0,0,1,1230.299618,0.869990225,2175.943609,20472,0,0,0,0,0,0,1023,890,1330,2894005,8192,123,6,20,180093,285745.9657,510044,15017,10000000,8104.690021,10000000,9999903,BENIGN
443,276,3,0,31,0,31,0,10.33333333,17.89785834,0,0,0,0,112318.8406,10869.56522,138,193.747258,275,1,276,138,193.747258,275,1,0,0,0,0,0,0,0,0,0,60,0,10869.56522,0,0,31,7.75,15.5,240.25,0,0,0,0,1,0,0,0,0,10.33333333,10.33333333,0,60,0,0,0,0,0,0,3,31,0,0,1425,-1,1,20,0,0,0,0,0,0,0,0,BENIGN
443,61099929,15,16,892,5875,571,0,59.46666667,152.2684972,1460,0,367.1875,554.5670045,110.7529929,0.507365565,2036664.3,4038137.61,10100000,46,61100000,4364280.643,5082365.949,10100000,999,61000000,4069921.2,5035056.884,10100000,47,0,0,0,0,324,404,0.245499467,0.261866098,0,1460,211.46875,429.4418722,184420.3216,0,0,0,1,0,0,0,0,1,218.2903226,59.46666667,367.1875,324,0,0,0,0,0,0,15,892,16,5875,8192,114,9,20,138022.6667,214561.826,575995,50124,9975363.333,113010.4874,10100000,9747839,BENIGN
443,76830580,23,24,2097,10195,663,0,91.17391304,204.0665338,2840,0,424.7916667,678.4925093,159.9883796,0.611735588,1670230,3605031.613,10000000,1,72100000,3278810.909,4683333.591,10100000,1,76800000,3338117.261,4594753.599,10100000,4,0,0,0,0,520,576,0.299359968,0.312375619,0,2840,256.0833333,523.4585002,274008.8014,0,0,0,1,0,0,0,0,1,261.5319149,91.17391304,424.7916667,520,0,0,0,0,0,0,23,2097,24,10195,8192,260,12,20,369653.8571,606610.7677,1639631,53633,9935180.429,125076.6747,10000000,9736505,BENIGN
443,266,2,0,0,0,0,0,0,0,0,0,0,0,0,7518.796992,266,0,266,266,266,266,0,266,266,0,0,0,0,0,0,0,0,0,40,0,7518.796992,0,0,0,0,0,0,0,0,0,0,1,0,0,0,0,0,0,0,40,0,0,0,0,0,0,2,0,0,0,259,-1,0,20,0,0,0,0,0,0,0,0,BENIGN
443,60338401,14,14,698,5840,378,0,49.85714286,110.8310267,1460,0,417.1428571,595.0070274,108.3555396,0.46404942,2234755.593,4190651.534,10000000,2,60300000,4641415.462,5135303.872,10100000,2167,60300000,4637505.923,5170067.005,10100000,252,0,0,0,0,292,352,0.23202471,0.23202471,0,1460,225.4482759,453.5200882,205680.4704,0,0,0,1,0,0,0,0,1,233.5,49.85714286,417.1428571,292,0,0,0,0,0,0,14,698,14,5840,8192,123,8,20,129198.6667,192367.9252,521868,50541,9927179.167,128270.8208,10000000,9717362,BENIGN
443,74366016,17,18,1921,5791,649,0,113,209.9261775,1428,0,321.7222222,465.6527115,103.703283,0.470645086,2187235.765,3980206.332,10000000,1,69800000,4364962.063,4964734.977,10100000,23506,74300000,4369318.118,4854078.658,10100000,1,0,0,0,0,364,444,0.228599042,0.242046044,0,1428,214.2222222,371.0733552,137695.4349,0,0,0,1,0,0,0,0,1,220.3428571,113,321.7222222,364,0,0,0,0,0,0,17,1921,18,5791,8192,262,11,20,244268.2857,287397.4924,816607,87259,9732787.857,637767.4658,10000000,8296527,BENIGN
443,227,2,0,0,0,0,0,0,0,0,0,0,0,0,8810.572687,227,0,227,227,227,227,0,227,227,0,0,0,0,0,0,0,0,0,40,0,8810.572687,0,0,0,0,0,0,0,0,0,0,1,0,0,0,0,0,0,0,40,0,0,0,0,0,0,2,0,0,0,256,-1,0,20,0,0,0,0,0,0,0,0,BENIGN
443,61393138,15,12,782,3881,455,0,52.13333333,125.4032733,3079,0,323.4166667,891.7308459,75.95311385,0.439788564,2361274.538,4248946.83,10000000,94,61400000,4385224.143,5055260.321,10100000,24449,61300000,5576593,5151669.088,10100000,1947,0,0,0,0,312,324,0.24432698,0.195461584,0,3079,166.5357143,592.7518675,351354.7765,0,0,0,1,0,0,0,0,0,172.7037037,52.13333333,323.4166667,312,0,0,0,0,0,0,15,782,12,3881,8192,114,9,20,172681.6667,299589.9279,784217,50164,9965331.833,105802.3859,10000000,9749746,BENIGN
443,60903063,14,15,795,5584,469,0,56.78571429,132.5299261,1460,0,372.2666667,575.0842754,104.7402164,0.476166527,2175109.393,4165304.508,10000000,49,60900000,4684851,5169664.687,10100000,569,60900000,4346580.071,5132939.195,10100000,49,0,0,0,0,292,384,0.229873496,0.246293031,0,1460,212.6333333,440.4517652,193997.7575,0,0,0,1,0,0,0,0,1,219.9655172,56.78571429,372.2666667,292,0,0,0,0,0,0,14,795,15,5584,8192,114,9,20,77921.5,66638.66469,213947,50617,10000000,7448.638491,10000000,9995718,BENIGN
443,65608852,13,14,784,3833,460,0,60.30769231,134.4943522,1701,0,273.7857143,567.70756,70.37160169,0.411529834,2523417.385,4256885.755,10000000,3,61000000,5080414.75,5159914.81,10100000,26555,65600000,5042927.923,4989873.806,10100000,3,0,0,0,0,272,364,0.198143994,0.21338584,0,1701,164.8928571,419.0929658,175638.914,0,0,0,1,0,0,0,0,1,171,60.30769231,273.7857143,272,0,0,0,0,0,0,13,784,14,3833,8192,227,9,20,183272.3333,324713.585,846091,50448,9977557.167,67647.32439,10000000,9840381,BENIGN
443,236,2,0,0,0,0,0,0,0,0,0,0,0,0,8474.576271,236,0,236,236,236,236,0,236,236,0,0,0,0,0,0,0,0,0,40,0,8474.576271,0,0,0,0,0,0,0,0,0,0,1,0,0,0,0,0,0,0,40,0,0,0,0,0,0,2,0,0,0,254,-1,0,20,0,0,0,0,0,0,0,0,BENIGN
443,65759653,15,16,1336,5709,550,0,89.06666667,179.2239089,1701,0,356.8125,564.1903011,107.1325604,0.47141368,2191988.433,4036334.923,10000000,3,61100000,4362430.429,5067272.441,10100000,22806,65700000,4380598.6,4890757.343,10100000,3,0,0,0,0,324,404,0.228103393,0.243310286,0,1701,220.15625,433.6414536,188044.9103,0,0,0,1,0,0,0,0,1,227.2580645,89.06666667,356.8125,324,0,0,0,0,0,0,15,1336,16,5709,8192,236,10,20,221864.5,419809.9689,1078798,50373,9957139.833,118002.1944,10000000,9716777,BENIGN
443,2142,2,0,0,0,0,0,0,0,0,0,0,0,0,933.7068161,2142,0,2142,2142,2142,2142,0,2142,2142,0,0,0,0,0,0,0,0,0,40,0,933.7068161,0,0,0,0,0,0,0,0,0,0,1,0,0,0,0,0,0,0,40,0,0,0,0,0,0,2,0,0,0,256,-1,0,20,0,0,0,0,0,0,0,0,BENIGN
443,60860553,14,15,750,5510,420,0,53.57142857,121.3093403,1460,0,367.3333333,575.6891109,102.8580861,0.476499121,2173591.179,4144284.946,10000000,41,60900000,4681581,5133491.266,10100000,6558,60800000,4343514.714,5138375.979,10100000,48,0,0,0,0,292,384,0.230034058,0.246465063,0,1460,208.6666667,439.0071348,192727.2644,0,0,0,1,0,0,0,0,1,215.862069,53.57142857,367.3333333,292,0,0,0,0,0,0,14,750,15,5510,8192,114,9,20,160512,268744.3205,709084,50655,9965007.833,113003.7329,10000000,9734340,BENIGN
443,61337095,16,17,834,6494,513,0,52.125,134.4866164,1460,0,382,553.9783389,119.4709335,0.538010481,1916784.219,3931312.972,10000000,47,61300000,4089139.667,5007484.678,10100000,2734,61300000,3830384.125,4953362.543,10100000,250,0,0,0,0,356,424,0.260853567,0.277156915,0,1460,215.5294118,430.8677808,185647.0446,0,0,0,1,0,0,0,0,1,222.0606061,52.125,382,356,0,0,0,0,0,0,16,834,17,6494,8192,123,9,20,187835.1667,335419.5126,872507,50637,9969543.333,101624.6591,10000000,9762104,BENIGN
443,65726201,14,16,669,6932,351,0,47.78571429,104.4068805,2901,0,433.25,821.7013651,115.6464223,0.456438978,2266420.724,4098866.745,10000000,3,60900000,4682805.154,5110897.427,10000000,13412,65700000,4380151.133,4921732.45,10000000,3,0,0,0,0,304,404,0.213004856,0.243434122,0,2901,245.1935484,617.5529353,381371.628,0,0,0,1,0,0,0,0,1,253.3666667,47.78571429,433.25,304,0,0,0,0,0,0,14,669,16,6932,8192,1,9,20,180712.3333,383554.2404,963639,23812,9965365.5,101014.5105,10000000,9759171,BENIGN
443,129,2,0,0,0,0,0,0,0,0,0,0,0,0,15503.87597,129,0,129,129,129,129,0,129,129,0,0,0,0,0,0,0,0,0,40,0,15503.87597,0,0,0,0,0,0,0,0,0,0,1,0,0,0,0,0,0,0,40,0,0,0,0,0,0,2,0,0,0,253,-1,0,20,0,0,0,0,0,0,0,0,BENIGN
443,60908417,14,15,749,5238,427,0,53.5,122.2354286,1460,0,349.2,557.7205137,98.29511741,0.476124671,2175300.607,4141885.257,10000000,7,60900000,4685262.846,5127341.098,10100000,613,60900000,4346950.357,5093331.208,10100000,49,0,0,0,0,304,384,0.229853289,0.246271382,0,1460,199.5666667,424.399997,180115.3575,0,0,0,1,0,0,0,0,1,206.4482759,53.5,349.2,304,0,0,0,0,0,0,14,749,15,5238,8192,114,9,20,150000.6667,242609.4151,645225,50792,9962127,112201.2328,10000000,9733447,BENIGN
443,4511399,5,1,117,41,45,0,23.4,21.96132965,41,41,41,0,35.02239549,1.329964386,902279.8,1996682.138,4473955,33,4511399,1127849.75,2230793.918,4473955,75,0,0,0,0,0,1,0,0,0,160,32,1.108303655,0.221660731,0,45,28.42857143,19.88179354,395.2857143,0,1,0,0,1,0,0,0,0,33.16666667,23.4,41,160,0,0,0,0,0,0,5,117,1,41,360,129,2,32,0,0,0,0,0,0,0,0,BENIGN
443,4511236,5,1,117,41,45,0,23.4,21.96132965,41,41,41,0,35.02366092,1.33001244,902247.2,1996695.2,4473946,40,4511236,1127809,2230815.114,4473946,40,0,0,0,0,0,1,0,0,0,160,32,1.1083437,0.22166874,0,45,28.42857143,19.88179354,395.2857143,0,1,0,0,1,0,0,0,0,33.16666667,23.4,41,160,0,0,0,0,0,0,5,117,1,41,1324,126,2,32,0,0,0,0,0,0,0,0,BENIGN
53235,4,3,0,76,0,45,0,25.33333333,23.02896727,0,0,0,0,19000000,750000,2,1.414213562,3,1,4,2,1.414213562,3,1,0,0,0,0,0,1,0,0,0,96,0,750000,0,0,45,30.25,21.21909517,450.25,0,1,0,0,1,0,0,0,0,40.33333333,25.33333333,0,96,0,0,0,0,0,0,3,76,0,0,129,-1,1,32,0,0,0,0,0,0,0,0,BENIGN
43533,182,3,2,76,0,45,0,25.33333333,23.02896727,0,0,0,0,417582.4176,27472.52747,45.5,57.62811814,125,3,182,91,124.4507935,179,3,3,3,0,3,3,1,0,0,0,96,40,16483.51648,10989.01099,0,45,20.16666667,22.67524348,514.1666667,0,1,0,0,1,0,0,0,0,24.2,25.33333333,0,96,0,0,0,0,0,0,3,76,2,0,126,0,1,32,0,0,0,0,0,0,0,0,BENIGN
443,62064777,16,14,1279,5224,526,0,79.9375,166.1603518,1460,0,373.1428571,601.7882144,104.7776261,0.483365952,2140164.724,4072896.81,10000000,86,62100000,4137651.8,4995419.845,10100000,1088,62000000,4767324.923,5135984.461,10100000,213,0,0,0,0,332,364,0.257795174,0.225570777,0,1460,209.7741935,440.0550503,193648.4473,0,0,0,1,0,0,0,0,0,216.7666667,79.9375,373.1428571,332,0,0,0,0,0,0,16,1279,14,5224,8192,118,10,20,311751.3333,549035.3347,1432465,87491,9970728.333,85243.94554,10000000,9796725,BENIGN
443,61254097,15,15,1162,4962,463,0,77.46666667,150.6471121,1774,0,330.8,569.7324184,99.97698603,0.489763158,2112210.241,4081194.684,10000000,124,61300000,4375292.643,5060925.969,10100000,838,61200000,4371613.429,5071337.558,10100000,249,0,0,0,0,324,384,0.244881579,0.244881579,0,1774,197.5483871,423.6237984,179457.1226,0,0,0,1,0,0,0,0,1,204.1333333,77.46666667,330.8,324,0,0,0,0,0,0,15,1162,15,4962,8192,118,10,20,161516.8333,270160.2201,712979,51069,9961214.167,113753.6086,10000000,9729361,BENIGN
443,61128094,15,17,674,6479,356,0,44.93333333,102.4447354,1460,0,381.1176471,553.6429222,117.0165718,0.523490885,1971874,3983278.865,10000000,28,61100000,4366292.429,5074332.297,10100000,16425,61100000,3817307.313,4962701.371,10100000,48,0,0,0,0,336,424,0.245386352,0.278104532,0,1460,216.7575758,433.0248283,187510.5019,0,0,0,1,0,0,0,0,1,223.53125,44.93333333,381.1176471,336,0,0,0,0,0,0,15,674,17,6479,8192,114,9,20,161154.6667,271328.2027,715001,50278,9968699.667,104973.7519,10000000,9754423,BENIGN
443,65101884,15,16,944,5402,623,0,62.93333333,164.820884,1460,0,337.625,560.0201038,97.47797775,0.476176696,2170062.8,4036195.142,10000000,3,65100000,4650134.571,4931188.2,10100000,16171,65100000,4336706.733,4944098.691,10100000,89,0,0,0,0,312,324,0.230408079,0.245768617,0,1460,198.3125,429.1562944,184175.125,0,0,0,1,0,0,0,0,1,204.7096774,62.93333333,337.625,312,0,0,0,0,0,0,15,944,16,5402,8192,31150,9,20,847731.5,1952269.537,4832785,50573,9972868.167,86509.02587,10000000,9796741,BENIGN
443,60280575,13,13,673,4247,355,0,51.76923077,108.794266,1460,0,326.6923077,554.8540926,81.61833227,0.43131639,2411223,4331103.821,10000000,14,60300000,5023381.25,5203228.976,10100000,6523,60200000,5019102.917,5207956.374,10100000,157,0,0,0,0,272,332,0.215658195,0.215658195,0,1460,182.2222222,409.6039676,167775.4103,0,0,0,1,0,0,0,0,1,189.2307692,51.76923077,326.6923077,272,0,0,0,0,0,0,13,673,13,4247,8192,123,8,20,84593.33333,82670.18187,253343,50650,9962116.667,115232.3893,10000000,9727038,BENIGN
443,0,1,1,0,0,0,0,0,0,0,0,0,0,NaN,Infinity,0,0,0,0,0,0,0,0,0,0,0,0,0,0,0,0,0,0,20,20,0,0,0,0,0,0,0,0,0,0,0,1,0,0,0,1,0,0,0,20,0,0,0,0,0,0,1,0,1,0,254,123,0,20,0,0,0,0,0,0,0,0,BENIGN
443,61157301,15,15,765,6090,432,0,51,120.680215,1460,0,406,601.3597687,112.0880073,0.490538325,2108872.448,4083125.137,10000000,49,61200000,4368378.643,5066861.811,10100000,24681,61100000,4364737.5,5117772.506,10100000,49,0,0,0,0,312,384,0.245269163,0.245269163,0,1460,221.1290323,456.8908507,208749.2495,0,0,0,1,0,0,0,0,1,228.5,51,406,312,0,0,0,0,0,0,15,765,15,6090,8192,114,9,20,206468.5,381816.4241,985848,50509,9962578.167,111994.5901,10000000,9734329,BENIGN
443,61551817,17,17,1141,6058,454,0,67.11764706,140.3330335,1460,0,356.3529412,537.077036,116.958367,0.552380119,1865206.576,3882063.32,10000000,43,61600000,3846988.563,4935898.772,10100000,5336,61500000,3843788.125,4971104.125,10100000,49,0,0,0,0,364,424,0.27619006,0.27619006,0,1460,205.6857143,408.9066319,167204.6336,0,0,0,1,0,0,0,0,1,211.7352941,67.11764706,356.3529412,364,0,0,0,0,0,0,17,1141,17,6058,8192,118,10,20,219861.1667,414023.4634,1064983,50716,9972768.167,78970.30095,10000000,9812329,BENIGN
443,65433283,14,14,774,3975,448,0,55.28571429,127.5300439,1460,0,283.9285714,519.8769772,72.57774304,0.427916784,2423454.926,4208991.543,10000000,25,65400000,5033329.462,5020373.128,10100000,23836,65300000,5024337.538,5041146.971,10100000,48,0,0,0,0,292,364,0.213958392,0.213958392,0,1460,163.7586207,383.5308383,147095.9039,0,0,0,1,0,0,0,0,1,169.6071429,55.28571429,283.9285714,292,0,0,0,0,0,0,14,774,14,3975,8192,1959,9,20,169054.8333,129660.9247,433724,116023,10000000,616.2988723,10000000,10000000,BENIGN
443,11,1,1,0,0,0,0,0,0,0,0,0,0,0,181818.1818,11,0,11,11,0,0,0,0,0,0,0,0,0,0,0,0,0,0,20,20,90909.09091,90909.09091,0,0,0,0,0,0,0,0,0,1,0,0,0,1,0,0,0,20,0,0,0,0,0,0,1,0,1,0,254,1959,0,20,0,0,0,0,0,0,0,0,BENIGN
443,69703853,17,16,1273,5159,582,0,74.88235294,164.1618418,1520,0,322.4375,529.6428946,92.27610416,0.473431505,2178245.406,4076788.115,10000000,1,69700000,4356490.813,4956534.873,10100000,21339,69700000,4643534.8,5031192.918,10100000,206,0,0,0,0,376,404,0.243888957,0.229542548,0,1520,189.1764706,396.2325205,157000.2103,0,0,0,1,0,0,0,0,0,194.9090909,74.88235294,322.4375,376,0,0,0,0,0,0,17,1273,16,5159,8192,118,10,20,187356,285507.364,813513,50311,9743101.857,626552.8042,10000000,8332212,BENIGN
443,65381923,14,16,691,6685,368,0,49.35714286,108.7273281,2276,0,417.8125,704.1696972,112.8140572,0.458842423,2254549.069,4097604.264,10000000,3,60700000,4667180.538,5145789.023,10100000,979,65300000,4355420.333,4921090.886,10100000,3,0,0,0,0,304,404,0.214126464,0.244715959,0,2276,237.9354839,537.3911012,288789.1957,0,0,0,1,0,0,0,0,1,245.8666667,49.35714286,417.8125,304,0,0,0,0,0,0,14,691,16,6685,8192,227,9,20,148297.8333,239727.769,637640,50301,9963926.667,109090.324,10000000,9741605,BENIGN
443,173,2,0,0,0,0,0,0,0,0,0,0,0,0,11560.69364,173,0,173,173,173,173,0,173,173,0,0,0,0,0,0,0,0,0,40,0,11560.69364,0,0,0,0,0,0,0,0,0,0,1,0,0,0,0,0,0,0,40,0,0,0,0,0,0,2,0,0,0,253,-1,0,20,0,0,0,0,0,0,0,0,BENIGN
443,65508565,15,17,787,6749,464,0,52.46666667,127.1578696,1460,0,397,572.6951632,115.0383923,0.488485742,2113179.516,3997256.764,10000000,3,60800000,4344980.286,5092353.394,10100000,296,65500000,4091124.063,4871904.972,10100000,191,0,0,0,0,324,424,0.228977692,0.259508051,0,1460,228.3636364,449.7825737,202304.3636,0,0,0,1,0,0,0,0,1,235.5,52.46666667,397,324,0,0,0,0,0,0,15,787,17,6749,8192,227,9,20,170223.5,293784.7311,769909,50142,9968063.833,106763.9768,10000000,9750133,BENIGN
443,84437833,24,16,11892,5920,1557,0,495.5,511.447307,1460,0,370,483.0006211,210.9480948,0.4737213,2165072.641,9699866.268,60000000,3,84400000,3671210.13,12500000,60000000,224,24400000,1625582.8,3001877.875,8548892,48,0,0,0,0,492,332,0.28423278,0.18948852,0,1557,434.4390244,496.4953197,246507.6024,0,0,0,1,0,0,0,0,0,445.3,495.5,370,492,0,0,0,0,0,0,24,11892,16,5920,8192,513,14,20,1686955,1898731.614,3029561,344349,8444335.5,28398.11544,8464416,8424255,BENIGN
443,60608056,14,15,783,6061,455,0,55.92857143,129.4731717,1460,0,404.0666667,581.4392815,112.9222821,0.478484246,2164573.429,4132654.988,10000000,48,60600000,4662158.154,5122469.925,10100000,10529,60600000,4325485.571,5079947.769,10100000,48,0,0,0,0,304,372,0.230992395,0.247491852,0,1460,228.1333333,450.3799724,202842.1195,0,0,0,1,0,0,0,0,1,236,55.92857143,404.0666667,304,0,0,0,0,0,0,14,783,15,6061,8192,114,8,20,167367.6667,285643.009,750434,50640,9933921.167,130165.3424,10000000,9687340,BENIGN
443,61371412,15,17,1555,6518,678,0,103.6666667,216.6361883,1460,0,383.4117647,540.2277366,131.5433316,0.521415411,1979722.968,3977164.841,10000000,15,61400000,4383672.286,5055059.283,10100000,16524,61300000,3832527.25,4947218.397,10100000,48,0,0,0,0,324,424,0.244413474,0.277001937,0,1460,244.6363636,433.4420245,187871.9886,0,0,0,1,0,0,0,0,1,252.28125,103.6666667,383.4117647,324,0,0,0,0,0,0,15,1555,17,6518,8192,119,10,20,168190.3333,287280.9831,754600,50676,9962978.167,110224.2185,10000000,9738332,BENIGN
443,60922394,14,14,737,4148,413,0,52.64285714,119.1370298,1460,0,296.2857143,533.6460118,80.18397964,0.459601112,2256384.963,4220399.675,10000000,47,60900000,4686338,5165116.29,10100000,5658,60900000,4682444,5176765.884,10100000,47,0,0,0,0,292,364,0.229800556,0.229800556,0,1460,168.4482759,393.3170828,154698.3276,0,0,0,1,0,0,0,0,1,174.4642857,52.64285714,296.2857143,292,0,0,0,0,0,0,14,737,14,4148,8192,114,9,20,74770.33333,59935.66529,197113,50129,10000000,7928.952592,10000000,9996028,BENIGN
443,61162569,17,16,700,6126,370,0,41.17647059,100.9834363,2636,0,382.875,732.364925,111.6042068,0.539545682,1911330.281,3931763.134,10000000,26,61200000,3822660.563,4949405.806,10100000,611,61100000,4074110.333,5022997.894,10100000,269,0,0,0,0,376,404,0.277947776,0.261597906,0,2636,200.7647059,528.3603602,279164.6702,0,0,0,1,0,0,0,0,0,206.8484848,41.17647059,382.875,376,0,0,0,0,0,0,17,700,16,6126,8192,114,9,20,170190.6667,293134.5259,768549,50433,9965449.833,105178.3501,10000000,9751138,BENIGN
443,84568016,53,50,26037,39633,2186,0,491.2641509,690.233521,2413,0,792.66,678.9302994,776.5347126,1.217954552,829098.1961,2413905.301,10000000,35,84600000,1626308,3212661.689,10100000,48,84500000,1724841.469,3313226.187,10100000,47,0,0,0,0,1072,1004,0.626714478,0.591240074,0,2413,631.4423077,697.4297727,486408.2879,0,0,0,1,0,0,0,0,0,637.5728155,491.2641509,792.66,1072,0,0,0,0,0,0,53,26037,50,39633,8192,64240,28,20,2549373.143,4976531.314,13200000,50235,9497566.429,1347006.065,10000000,6442885,BENIGN
443,84568794,56,50,27268,47568,2118,0,486.9285714,687.3568309,2471,0,951.36,778.7816429,884.912702,1.253417425,805417.0857,2370843.176,10000000,17,84600000,1537614.436,3126507.172,10100000,88,84500000,1724862.224,3274417.828,10100000,42,0,0,0,0,1204,1072,0.66218279,0.591234634,0,2471,699.4018692,764.1448033,583917.2804,0,0,0,1,0,0,0,0,0,706,486.9285714,951.36,1204,0,0,0,0,0,0,56,27268,50,47568,8192,326,29,20,2680880.571,5056039.51,13300000,50178,9397278.429,1602060.54,10000000,5764183,BENIGN
443,84568871,52,43,26086,39628,2186,0,501.6538462,719.1461681,2636,0,921.5813953,900.4689845,777.0471478,1.123344783,899668.8404,2508359.924,10000000,16,84600000,1658213.157,3244443.418,10100000,3381,84500000,2012318.238,3507620.132,10100000,49,0,0,0,0,1052,864,0.61488346,0.508461323,0,2636,684.5208333,827.5211173,684791.1996,0,0,0,1,0,0,0,0,0,691.7263158,501.6538462,921.5813953,1052,0,0,0,0,0,0,52,26086,43,39628,8192,64240,27,20,2520097.857,5015489.1,13400000,50704,9542426,1236606.199,10000000,6738071,BENIGN
443,84569746,53,52,26767,41907,2186,0,505.0377358,730.8998922,1874,0,805.9038462,673.0066649,812.0398044,1.241578756,813170.6346,2436778.403,10000000,3,84600000,1626341.269,3278108.993,10100000,3,84500000,1657217.725,3313887.115,10100000,48,0,0,0,0,1096,1124,0.626701658,0.614877098,0,2186,647.8679245,715.0003273,511225.4681,0,0,0,1,0,0,0,0,0,654.0380952,505.0377358,805.9038462,1096,0,0,0,0,0,0,53,26767,52,41907,8192,325,28,20,2336515,4980741.45,13400000,50699,9726057,752395.8848,10000000,8019786,BENIGN
443,84570017,55,47,27897,43046,2242,0,507.2181818,729.2025754,2433,0,915.8723404,776.5774022,838.867042,1.206101212,837326.901,2433917.232,10000000,5,84600000,1566111.426,3180182.397,10100000,3164,84500000,1837344.543,3389096.475,10100000,48,0,0,0,0,1112,944,0.650348693,0.555752519,0,2433,688.7669903,774.3840589,599670.6707,0,0,0,1,0,0,0,0,0,695.5196078,507.2181818,915.8723404,1112,0,0,0,0,0,0,55,27897,47,43046,8192,64240,28,20,2512842.429,5067840.949,13600000,50766,9565356.429,1155618.907,10000000,6944707,BENIGN
1187,21656,2,0,0,0,0,0,0,0,0,0,0,0,0,92.35315848,21656,0,21656,21656,21656,21656,0,21656,21656,0,0,0,0,0,0,0,0,0,52,0,92.35315848,0,0,0,0,0,0,0,0,0,0,1,0,0,0,0,0,0,0,52,0,0,0,0,0,0,2,0,0,0,326,-1,0,20,0,0,0,0,0,0,0,0,BENIGN
1184,22725,2,0,0,0,0,0,0,0,0,0,0,0,0,88.00880088,22725,0,22725,22725,22725,22725,0,22725,22725,0,0,0,0,0,0,0,0,0,40,0,88.00880088,0,0,0,0,0,0,0,0,0,0,1,0,0,0,0,0,0,0,40,0,0,0,0,0,0,2,0,0,0,64240,-1,0,20,0,0,0,0,0,0,0,0,BENIGN
443,60718496,14,15,740,4400,423,0,52.85714286,120.8691964,1460,0,293.3333333,519.960667,84.6529532,0.477613938,2168517.714,4148385.421,10000000,32,60700000,4670653.538,5146617.044,10100000,6113,60700000,4333378,5110363.938,10100000,48,0,0,0,0,304,384,0.230572246,0.247041692,0,1460,171.3333333,390.5820884,152554.3678,0,0,0,1,0,0,0,0,1,177.2413793,52.85714286,293.3333333,304,0,0,0,0,0,0,14,740,15,4400,8192,114,9,20,130114.1667,194113.2501,526346,50655,9967938.833,105656.3951,10000000,9752269,BENIGN
443,60581114,13,13,877,4138,551,0,67.46153846,157.6766815,1622,0,318.3076923,571.7827945,82.78157447,0.429176657,2423244.56,4316030.504,10000000,47,60600000,5048426.167,5162425.11,10100000,15174,60500000,5044153.167,5166556.674,10100000,210,0,0,0,0,284,332,0.214588329,0.214588329,0,1622,185.7407407,423.6472219,179476.9687,0,0,0,1,0,0,0,0,1,192.8846154,67.46153846,318.3076923,284,0,0,0,0,0,0,13,877,13,4138,8192,114,8,20,149353,241447.1865,642205,50724,9947448,108606.4423,10000000,9738780,BENIGN
443,61646943,15,15,762,5765,436,0,50.8,120.9794552,1460,0,384.3333333,590.9226039,105.8771073,0.486642136,2125756.655,4074832.884,10000000,2,61600000,4403353.071,5062173.003,10100000,23936,61600000,4397279,5118890.849,10100000,48,0,0,0,0,312,384,0.243321068,0.243321068,0,1460,210.5483871,446.2323639,199123.3226,0,0,0,1,0,0,0,0,1,217.5666667,50.8,384.3333333,312,0,0,0,0,0,0,15,762,15,5765,8192,114,9,20,229769.3333,355466.4294,955362,84450,9962811.333,111903.3506,10000000,9734390,BENIGN
443,83298594,54,48,31051,38118,2303,0,575.0185185,800.2430171,2464,0,794.125,848.6715934,830.3741597,1.224510464,824738.5545,2408319.202,10000000,9,83300000,1571671.585,3171785.371,10100000,1303,83200000,1771217.638,3342860.067,10100000,49,0,0,0,0,1104,1044,0.648270246,0.576240218,0,2464,671.5436893,825.2593505,681052.9956,0,0,0,1,0,0,0,0,0,678.127451,575.0185185,794.125,1104,0,0,0,0,0,0,54,31051,48,38118,8192,350,28,20,2445171.714,5114291.539,13800000,50466,9406046.571,1600076.067,10000000,5777416,BENIGN
443,83636646,60,60,36534,46164,2235,0,608.9,799.5215879,2301,0,769.4,711.5008058,988.7770966,1.434777765,702828.958,2249699.324,10000000,32,83600000,1417570.271,3058852.172,10100000,48,83600000,1416703.373,3083815.789,10100000,48,0,0,0,0,1212,1204,0.717388882,0.717388882,0,2301,683.4545455,757.333216,573553.6,0,0,0,1,0,0,0,0,1,689.15,608.9,769.4,1212,0,0,0,0,0,0,60,36534,60,46164,8192,65535,32,20,2412706,4852444.601,13000000,50001,9524581.571,1285446.795,10000000,6609469,BENIGN
443,83369777,55,49,30960,38606,2276,0,562.9090909,750.275487,2464,0,787.877551,783.4023985,834.427085,1.247454458,809415.3107,2397469.666,10000000,30,83400000,1543884.759,3163509.013,10100000,47,83300000,1735786.417,3337752.539,10100000,48,0,0,0,0,1112,1064,0.659711492,0.587742966,0,2464,662.5333333,769.6809912,592408.8282,0,0,0,1,0,0,0,0,0,668.9038462,562.9090909,787.877551,1112,0,0,0,0,0,0,55,30960,49,38606,8192,361,30,20,2381010.143,4728752.208,12600000,50742,9480237.143,1402996.72,10000000,6298541,BENIGN
443,83370000,58,52,32972,44459,2267,0,568.4827586,763.9585329,2398,0,854.9807692,800.6351765,928.7633441,1.319419455,764862.3853,2327011.699,10000000,0,83400000,1462631.579,3081943.174,10100000,48,83300000,1633688.137,3229937.647,10100000,47,0,0,0,0,1196,1112,0.695693895,0.623725561,0,2398,697.5765766,790.2845466,624549.6645,0,0,0,1,0,0,0,0,0,703.9181818,568.4827586,854.9807692,1196,0,0,0,0,0,0,58,32972,52,44459,8192,377,30,20,2467614.286,4928359.265,13200000,50456,9442262,1416518.498,10000000,6233793,BENIGN
443,83637357,61,53,36450,42669,2223,0,597.5409836,753.90288,2433,0,805.0754717,865.0481945,945.9768079,1.363027289,740153.6018,2302067.051,10000000,7,83600000,1393955.95,3037135.147,10100000,48,83600000,1607416.846,3239720.711,10100000,48,0,0,0,0,1232,1064,0.729339164,0.633688126,0,2433,687.9913043,809.5545613,655378.5876,0,0,0,1,0,0,0,0,0,694.0263158,597.5409836,805.0754717,1232,0,0,0,0,0,0,61,36450,53,42669,8192,65535,34,20,2407227,4860288.924,13000000,50582,9516676.857,1295532.135,10000000,6578729,BENIGN
443,7,1,1,0,0,0,0,0,0,0,0,0,0,0,285714.2857,7,0,7,7,0,0,0,0,0,0,0,0,0,0,0,0,0,0,20,20,142857.1429,142857.1429,0,0,0,0,0,0,0,0,0,1,0,0,0,1,0,0,0,20,0,0,0,0,0,0,1,0,1,0,256,361,0,20,0,0,0,0,0,0,0,0,BENIGN
443,85570653,55,49,29456,43173,2186,0,535.5636364,746.5288505,2433,0,881.0816327,822.6630496,848.7606142,1.215369947,830783.0388,2444039.006,10000000,46,85600000,1584641.722,3221428.172,10100000,3016,85500000,1781657.625,3394819.297,10100000,48,0,0,0,0,1112,984,0.642743722,0.572626225,0,2433,691.7047619,797.5704565,636118.6332,0,0,0,1,0,0,0,0,0,698.3557692,535.5636364,881.0816327,1112,0,0,0,0,0,0,55,29456,49,43173,8192,64240,29,20,2413146.143,5181328.955,13900000,50495,9722982.857,749630.2389,10000000,8023056,BENIGN
443,61116766,13,14,1009,6074,469,0,77.61538462,157.0204543,1460,0,433.8571429,608.3149307,115.8929123,0.441777302,2350644.846,4201194.104,10000000,1,61100000,5093063.833,5155368.426,10200000,1750,60900000,4686768.077,5181120.061,10200000,1,0,0,0,0,272,352,0.21270759,0.229069712,0,1460,252.9642857,472.5146662,223270.1098,0,0,0,1,0,0,0,0,1,262.3333333,77.61538462,433.8571429,272,0,0,0,0,0,0,13,1009,14,6074,8192,118,8,20,318269.1667,317608.7238,966585,188345,9867832.333,247895.4395,10000000,9386260,BENIGN
443,61118613,14,13,1137,5962,597,0,81.21428571,179.3763463,2301,0,458.6153846,775.0128535,116.151196,0.441763952,2350715.885,4179211.74,10000000,3,61100000,4701431.769,5096861.24,10200000,1746,60900000,5077430.333,5170391.854,10200000,51,0,0,0,0,292,332,0.22906279,0.212701162,0,2301,253.5357143,566.1036734,320473.369,0,0,0,1,0,0,0,0,0,262.9259259,81.21428571,458.6153846,292,0,0,0,0,0,0,14,1137,13,5962,8192,119,8,20,360393.3333,419327.055,1216341,189011,9826022.5,347221.4407,10000000,9138179,BENIGN
123,68016347,2,2,96,96,48,48,48,0,48,48,48,0,2.822850807,0.058809392,22700000,39200000,68000000,16305,68000000,68000000,0,68000000,68000000,68000000,68000000,0,68000000,68000000,0,0,0,0,52,52,0.029404696,0.029404696,48,48,48,0,0,0,0,0,0,0,0,0,0,1,60,48,48,52,0,0,0,0,0,0,2,96,2,96,-1,-1,1,20,16550,0,16550,16550,68000000,0,68000000,68000000,BENIGN
443,79718857,8,8,626,6112,289,0,78.25,116.4556936,1460,0,764,646.2124816,84.52203473,0.200705336,5314590.467,20600000,79600000,48,79700000,11400000,30100000,79600000,259,80013,11430.42857,13780.45785,28031,48,0,0,0,0,172,172,0.100352668,0.100352668,0,1460,396.3529412,562.6940711,316624.6176,0,0,0,1,0,0,0,0,1,421.125,78.25,764,172,0,0,0,0,0,0,8,626,8,6112,8192,980,3,20,0,0,0,0,0,0,0,0,BENIGN
80,79224623,744,822,539,1804967,295,0,0.724462366,14.02605318,4380,0,2195.823601,851.6907591,22789.70769,19.76658191,50622.7623,1990805.093,78800000,-1,79200000,106628.0256,2889282.491,78800000,1,437974,533.4640682,3746.273357,75314,1,0,0,0,0,18408,16452,9.391019759,10.37556215,0,4380,1152.205488,1258.117047,1582858.503,0,0,0,1,0,0,0,0,1,1152.941252,0.724462366,2195.823601,18408,0,0,0,0,0,0,744,539,822,1804967,8192,245,2,20,0,0,0,0,0,0,0,0,BENIGN
80,87106673,27,30,1494,44458,249,0,55.33333333,105.4911589,2920,0,1481.933333,544.2219333,527.5370809,0.654370073,1555476.304,11600000,86900000,2,87100000,3350256.654,17000000,86900000,48,199598,6882.689655,13412.20729,38656,2,0,0,0,0,552,612,0.309964772,0.344405302,0,2920,792.2758621,821.1917483,674355.8875,0,0,0,1,0,0,0,0,1,806.1754386,55.33333333,1481.933333,552,0,0,0,0,0,0,27,1494,30,44458,8192,279,6,20,0,0,0,0,0,0,0,0,BENIGN
80,78157408,5,3,127,665,127,0,25.4,56.79612663,665,0,221.6666667,383.937929,10.13339644,0.10235754,11200000,29500000,78100000,20,78200000,19500000,39000000,78100000,72,24714,12357,15371.08721,23226,1488,0,0,0,0,112,72,0.063973462,0.038384077,0,665,88,220.4138154,48582.25,0,0,0,1,0,0,0,0,0,99,25.4,221.6666667,112,0,0,0,0,0,0,5,127,3,665,8192,913,1,20,0,0,0,0,0,0,0,0,BENIGN
443,80383872,9,8,587,5353,249,0,65.22222222,102.7956441,1460,0,669.125,617.9272813,73.89542022,0.211485209,5023992,20000000,80200000,49,80400000,10000000,28300000,80200000,236,114937,16419.57143,22684.02132,60213,49,0,0,0,0,192,172,0.111962758,0.099522451,0,1460,330,509.7453805,259840.3529,0,0,0,1,0,0,0,0,0,349.4117647,65.22222222,669.125,192,0,0,0,0,0,0,9,587,8,5353,8192,980,3,20,0,0,0,0,0,0,0,0,BENIGN
80,65123629,16,11,7662,7800,1906,0,478.875,622.0728655,1953,0,709.0909091,826.7434251,237.4253437,0.41459606,2504754.962,12700000,64700000,4,65100000,4341575.267,16700000,64700000,4,356090,35609,43695.30832,96642,68,0,0,0,0,332,232,0.245686554,0.168909506,0,1953,552.2142857,701.8857856,492643.6561,0,0,0,1,0,0,0,0,0,572.6666667,478.875,709.0909091,332,0,0,0,0,0,0,16,7662,11,7800,8192,513,9,20,0,0,0,0,0,0,0,0,BENIGN
49460,168,2,1,31,0,31,0,15.5,21.92031022,0,0,0,0,184523.8095,17857.14286,84,26.87005769,103,65,168,168,0,168,168,0,0,0,0,0,1,0,0,0,40,20,11904.7619,5952.380952,0,31,15.5,17.89785834,320.3333333,0,1,0,0,1,0,0,0,0,20.66666667,15.5,0,40,0,0,0,0,0,0,2,31,1,0,980,0,0,20,0,0,0,0,0,0,0,0,BENIGN
80,7,1,1,0,0,0,0,0,0,0,0,0,0,0,285714.2857,7,0,7,7,0,0,0,0,0,0,0,0,0,0,0,0,0,0,20,20,142857.1429,142857.1429,0,0,0,0,0,0,0,0,0,1,0,0,0,1,0,0,0,20,0,0,0,0,0,0,1,0,1,0,254,913,0,20,0,0,0,0,0,0,0,0,BENIGN
49458,3,2,0,31,0,31,0,15.5,21.92031022,0,0,0,0,10300000,666666.6667,3,0,3,3,3,3,0,3,3,0,0,0,0,0,1,0,0,0,40,0,666666.6667,0,0,31,20.66666667,17.89785834,320.3333333,0,1,0,0,1,0,0,0,0,31,15.5,0,40,0,0,0,0,0,0,2,31,0,0,980,-1,0,20,0,0,0,0,0,0,0,0,BENIGN
443,65449680,13,15,696,4490,369,0,53.53846154,112.844004,1460,0,299.3333333,523.9167964,79.23644546,0.427809578,2424062.222,4205168.368,10000000,3,60800000,5063284.583,5173001.717,10100000,12608,65400000,4671357.714,4987051.359,10100000,3,0,0,0,0,272,384,0.198625876,0.229183703,0,1460,178.8275862,398.63688,158911.3621,0,0,0,1,0,0,0,0,1,185.2142857,53.53846154,299.3333333,272,0,0,0,0,0,0,13,696,15,4490,8192,11,9,20,153625.6667,252280.499,668591,50471,9972943.5,86545.37388,10000000,9796732,BENIGN
443,211,2,0,0,0,0,0,0,0,0,0,0,0,0,9478.672986,211,0,211,211,211,211,0,211,211,0,0,0,0,0,0,0,0,0,40,0,9478.672986,0,0,0,0,0,0,0,0,0,0,1,0,0,0,0,0,0,0,40,0,0,0,0,0,0,2,0,0,0,252,-1,0,20,0,0,0,0,0,0,0,0,BENIGN
137,4883051,231,0,15510,0,68,50,67.14285714,3.841583524,0,0,0,0,3176.292855,47.30648932,21230.65652,230556.2241,2875421,1,4883051,21230.65652,230556.2241,2875421,1,0,0,0,0,0,0,0,0,0,4712,0,47.30648932,0,50,68,67.14655172,3.833672434,14.69704433,0,0,0,0,0,0,0,0,0,67.43722944,67.14285714,0,4712,0,0,0,0,0,0,231,15510,0,0,-1,-1,230,0,0,0,0,0,0,0,0,0,BENIGN
137,3,2,0,124,0,62,62,62,0,0,0,0,0,41300000,666666.6667,3,0,3,3,3,3,0,3,3,0,0,0,0,0,0,0,0,0,64,0,666666.6667,0,62,62,62,0,0,0,0,0,0,0,0,0,0,0,93,62,0,64,0,0,0,0,0,0,2,124,0,0,-1,-1,1,32,0,0,0,0,0,0,0,0,BENIGN
443,8343667,11,11,851,3950,267,0,77.36363636,98.15831368,1448,0,359.0909091,569.9183195,575.406473,2.636730349,397317.4762,894944.9441,3591052,3,6044218,604421.8,1136461.139,3686339,179,7251915,725191.5,1208853.409,3591052,3,0,0,0,0,368,360,1.318365174,1.318365174,0,1448,208.7391304,417.0517972,173932.2016,0,0,0,1,0,0,0,0,1,218.2272727,77.36363636,359.0909091,368,0,0,0,0,0,0,11,851,11,3950,29200,252,5,32,0,0,0,0,0,0,0,0,BENIGN
443,4411006,9,11,703,3950,267,0,78.11111111,103.3022803,1448,0,359.0909091,569.9183195,1054.861408,4.53411308,232158.2105,522846.925,2043728,2,2272054,284006.75,455422.8339,1240161,248,4315745,431574.5,674500.3533,2043728,2,0,0,0,0,296,360,2.040350886,2.493762194,0,1448,221.5714286,434.4990876,188789.4571,0,0,0,1,0,0,0,0,1,232.65,78.11111111,359.0909091,296,0,0,0,0,0,0,9,703,11,3950,29200,252,4,32,0,0,0,0,0,0,0,0,BENIGN
80,93951392,13,13,439,1811,430,0,33.76923077,119.0533171,1811,0,139.3076923,502.2810277,23.94855416,0.276738848,3758055.68,4840108.507,10100000,140,90400000,7531689.75,4530004.316,10100000,4916,93900000,7827353.083,4093182.121,10100000,7070,0,0,0,0,272,380,0.138369424,0.138369424,0,1811,83.33333333,355.0260012,126043.4615,0,0,0,1,0,0,0,0,1,86.53846154,33.76923077,139.3076923,272,0,0,0,0,0,0,13,439,13,1811,8192,946,10,20,27162.55556,11808.6941,58649,22930,10000000,18539.73349,10100000,10000000,BENIGN
80,86,2,0,0,0,0,0,0,0,0,0,0,0,0,23255.81395,86,0,86,86,86,86,0,86,86,0,0,0,0,0,0,0,0,0,40,0,23255.81395,0,0,0,0,0,0,0,0,0,0,1,0,0,0,0,0,0,0,40,0,0,0,0,0,0,2,0,0,0,256,-1,0,20,0,0,0,0,0,0,0,0,BENIGN
80,53511234,7,8,481,7544,268,0,68.71428571,118.4211612,2439,0,943,1060.468495,149.9685094,0.280314971,3822231,14000000,52500000,3,1040262,173377,225128.0135,520056,3,53500000,7641062.143,19800000,52500000,50,0,0,0,0,152,172,0.130813653,0.149501318,0,2439,501.5625,859.391255,738553.3292,0,0,0,1,0,0,0,0,1,535,68.71428571,943,152,0,0,0,0,0,0,7,481,8,7544,8192,980,2,20,0,0,0,0,0,0,0,0,BENIGN
80,489,2,0,0,0,0,0,0,0,0,0,0,0,0,4089.97955,489,0,489,489,489,489,0,489,489,0,0,0,0,0,0,0,0,0,40,0,4089.97955,0,0,0,0,0,0,0,0,0,0,1,0,0,0,0,0,0,0,40,0,0,0,0,0,0,2,0,0,0,256,-1,0,20,0,0,0,0,0,0,0,0,BENIGN
80,117142635,18,15,595,768,292,0,33.05555556,94.20595224,384,0,51.2,135.1164577,11.63538792,0.281707851,3660707.344,4746290.285,10100000,81,117000000,6890743.235,4506442.581,10100000,316,112000000,8002813.429,4062525.135,10100000,520,0,0,0,0,372,444,0.153658828,0.128049023,0,384,40.08823529,111.5742361,12448.81016,0,0,0,1,0,0,0,0,0,41.3030303,33.05555556,51.2,372,0,0,0,0,0,0,18,595,15,768,8192,980,13,20,188090.2727,546020.1764,1834403,23325,9997308.636,69496.58276,10100000,9797463,BENIGN
443,5467604,7,4,635,168,517,0,90.71428571,190.7072051,168,0,42,84,146.8650619,2.011850163,546760.4,1588515.979,5063521,33,5467604,911267.3333,2073301.861,5140088,33,367190,122396.6667,159813.3864,303303,400,0,0,0,0,232,136,1.280268286,0.731581878,0,517,66.91666667,150.8487854,22755.35606,0,0,0,1,0,0,0,0,0,73,90.71428571,42,232,0,0,0,0,0,0,7,635,4,168,29200,340,3,32,404050,0,404050,404050,5063521,0,5063521,5063521,BENIGN
443,5479834,7,4,635,168,517,0,90.71428571,190.7072051,168,0,42,84,146.5372856,2.007360077,547983.4,1601647.152,5103401,28,5479834,913305.6667,2091074.838,5179564,28,339237,113079,136774.19,265222,312,0,0,0,0,232,136,1.277410958,0.729949119,0,517,66.91666667,150.8487854,22755.35606,0,0,0,1,0,0,0,0,0,73,90.71428571,42,232,0,0,0,0,0,0,7,635,4,168,29200,340,3,32,376405,0,376405,376405,5103401,0,5103401,5103401,BENIGN
443,5485589,7,4,635,168,517,0,90.71428571,190.7072051,168,0,42,84,146.3835515,2.00525413,548558.9,1667035.183,5292441,25,5485589,914264.8333,2182590.324,5369297,25,154791,51597,44246.26375,77881,513,0,0,0,0,232,136,1.27607081,0.72918332,0,517,66.91666667,150.8487854,22755.35606,0,0,0,1,0,0,0,0,0,73,90.71428571,42,232,0,0,0,0,0,0,7,635,4,168,29200,340,3,32,193123,0,193123,193123,5292441,0,5292441,5292441,BENIGN
48264,3,2,0,0,0,0,0,0,0,0,0,0,0,0,666666.6667,3,0,3,3,3,3,0,3,3,0,0,0,0,0,0,0,0,0,64,0,666666.6667,0,0,0,0,0,0,0,0,0,0,1,0,0,0,0,0,0,0,64,0,0,0,0,0,0,2,0,0,0,340,-1,0,32,0,0,0,0,0,0,0,0,BENIGN
48263,4,2,0,0,0,0,0,0,0,0,0,0,0,0,500000,4,0,4,4,4,4,0,4,4,0,0,0,0,0,0,0,0,0,64,0,500000,0,0,0,0,0,0,0,0,0,0,1,0,0,0,0,0,0,0,64,0,0,0,0,0,0,2,0,0,0,340,-1,0,32,0,0,0,0,0,0,0,0,BENIGN
48262,4,2,0,0,0,0,0,0,0,0,0,0,0,0,500000,4,0,4,4,4,4,0,4,4,0,0,0,0,0,0,0,0,0,64,0,500000,0,0,0,0,0,0,0,0,0,0,1,0,0,0,0,0,0,0,64,0,0,0,0,0,0,2,0,0,0,340,-1,0,32,0,0,0,0,0,0,0,0,BENIGN
443,6008774,7,4,635,168,517,0,90.71428571,190.7072051,168,0,42,84,133.6379102,1.830656304,600877.4,1844526.864,5849989,34,6008774,1001462.333,2413023.295,5926903,34,122040,40680,38927.64627,77910,252,0,0,0,0,232,136,1.164963102,0.665693201,0,517,66.91666667,150.8487854,22755.35606,0,0,0,1,0,0,0,0,0,73,90.71428571,42,232,0,0,0,0,0,0,7,635,4,168,29200,340,3,32,158751,0,158751,158751,5849989,0,5849989,5849989,BENIGN
48266,3,2,0,0,0,0,0,0,0,0,0,0,0,0,666666.6667,3,0,3,3,3,3,0,3,3,0,0,0,0,0,0,0,0,0,64,0,666666.6667,0,0,0,0,0,0,0,0,0,0,1,0,0,0,0,0,0,0,64,0,0,0,0,0,0,2,0,0,0,340,-1,0,32,0,0,0,0,0,0,0,0,BENIGN
443,60665838,13,12,1040,3891,716,0,80,200.5380263,1483,0,324.25,589.5106021,81.28133003,0.412093541,2527743.25,4361221.957,10000000,85,60700000,5055486.5,5158100.436,10100000,1084,60600000,5507316.091,5195449.081,10100000,213,0,0,0,0,272,244,0.214288641,0.1978049,0,1483,189.6538462,434.2814702,188600.3954,0,0,0,1,0,0,0,0,0,197.24,80,324.25,272,0,0,0,0,0,0,13,1040,12,3891,8192,31504,8,20,189686,255791.1414,711817,84954,9921241.333,137770.1393,10000000,9699063,BENIGN
80,115135687,16,14,444,746,433,0,27.75,108.0675715,746,0,53.28571429,199.3768865,10.33563121,0.260562131,3970196.103,4860852.273,10000000,127,115000000,7675712.467,4162673.67,10000000,141,111000000,8504814.077,3762052.256,10100000,19701,0,0,0,0,332,424,0.13896647,0.121595661,0,746,38.38709677,152.5707874,23277.84516,0,0,0,1,0,0,0,0,0,39.66666667,27.75,53.28571429,332,0,0,0,0,0,0,16,444,14,746,8192,343,12,20,60092.63636,78401.04642,296480,36225,9991072.273,39426.74491,10000000,9874295,BENIGN
443,115161582,21,19,755,6659,378,0,35.95238095,93.87996388,1489,0,350.4736842,606.7996529,64.37910865,0.347338056,2952861.077,4539065.998,10000000,3,115000000,5758079.1,4954254.634,10100000,3,111000000,6139470.556,5029154.31,10100000,48,0,0,0,0,432,524,0.182352479,0.164985577,0,1489,180.8292683,442.2740611,195606.3451,0,0,0,1,0,0,0,0,0,185.35,35.95238095,350.4736842,432,0,0,0,0,0,0,21,755,19,6659,8192,123,15,20,39086,26906.30766,120211,30806,10000000,13324.25152,10000000,9999586,BENIGN
1103,305,2,0,0,0,0,0,0,0,0,0,0,0,0,6557.377049,305,0,305,305,305,305,0,305,305,0,0,0,0,0,0,0,0,0,40,0,6557.377049,0,0,0,0,0,0,0,0,0,0,1,0,0,0,0,0,0,0,40,0,0,0,0,0,0,2,0,0,0,123,-1,0,20,0,0,0,0,0,0,0,0,BENIGN
443,115754204,25,23,677,18865,315,0,27.08,75.10432744,2920,0,820.2173913,1136.718401,168.823242,0.414671764,2462855.404,4280634.19,10000000,4,116000000,4823091.833,4998151.073,10000000,4,111000000,5025350.318,5121430.064,10000000,190,0,0,0,0,512,604,0.215974877,0.198696887,0,2920,398.8163265,869.1503675,755422.3614,0,0,0,1,0,0,0,0,0,407.125,27.08,820.2173913,512,0,0,0,0,0,0,25,677,23,18865,8192,980,15,20,43442.75,70174.96634,266277,22871,9602740.583,1394967.799,10000000,5173159,BENIGN
123,64015324,4,4,192,192,48,48,48,0,48,48,48,0,5.998563719,0.124970077,9145046.286,24200000,64000000,2,64000000,21300000,37000000,64000000,3,64000000,21300000,37000000,64000000,2,0,0,0,0,104,104,0.062485039,0.062485039,48,48,48,0,0,0,0,0,0,0,0,0,0,1,54,48,48,104,0,0,0,0,0,0,4,192,4,192,-1,-1,3,20,109,0,109,109,64000000,0,64000000,64000000,BENIGN
137,5140984,252,0,16920,0,68,50,67.14285714,3.840887774,0,0,0,0,3291.198728,49.01785339,20482.00797,227525.2776,3003362,1,5140984,20482.00797,227525.2776,3003362,1,0,0,0,0,0,0,0,0,0,5904,0,49.01785339,0,50,68,67.14624506,3.833638152,14.69678148,0,0,0,0,0,0,0,0,0,67.41269841,67.14285714,0,5904,0,0,0,0,0,0,252,16920,0,0,-1,-1,251,20,0,0,0,0,0,0,0,0,BENIGN
138,23,12,0,2820,0,235,235,235,0,0,0,0,0,123000000,521739.1304,2.090909091,2.34326889,9,1,23,2.090909091,2.34326889,9,1,0,0,0,0,0,0,0,0,0,384,0,521739.1304,0,235,235,235,0,0,0,0,0,0,0,0,0,0,0,254.5833333,235,0,384,0,0,0,0,0,0,12,2820,0,0,-1,-1,11,32,0,0,0,0,0,0,0,0,BENIGN
138,22,12,0,2820,0,235,235,235,0,0,0,0,0,128000000,545454.5455,2,1.732050808,7,1,22,2,1.732050808,7,1,0,0,0,0,0,0,0,0,0,384,0,545454.5455,0,235,235,235,0,0,0,0,0,0,0,0,0,0,0,254.5833333,235,0,384,0,0,0,0,0,0,12,2820,0,0,-1,-1,11,32,0,0,0,0,0,0,0,0,BENIGN
137,3,2,0,124,0,62,62,62,0,0,0,0,0,41300000,666666.6667,3,0,3,3,3,3,0,3,3,0,0,0,0,0,0,0,0,0,64,0,666666.6667,0,62,62,62,0,0,0,0,0,0,0,0,0,0,0,93,62,0,64,0,0,0,0,0,0,2,124,0,0,-1,-1,1,32,0,0,0,0,0,0,0,0,BENIGN
80,46397288,6,8,468,4800,234,0,78,120.8370804,1460,0,600,670.8638354,113.541119,0.301741774,3569022.154,12700000,46000000,0,397212,79442.4,124714.8552,298803,36,46400000,6626027.714,17400000,46000000,3,0,0,0,0,132,172,0.129317903,0.172423871,0,1460,351.2,553.5469008,306414.1714,0,0,0,1,0,0,0,0,1,376.2857143,78,600,132,0,0,0,0,0,0,6,468,8,4800,8192,31,2,20,0,0,0,0,0,0,0,0,BENIGN
80,3,2,0,0,0,0,0,0,0,0,0,0,0,0,666666.6667,3,0,3,3,3,3,0,3,3,0,0,0,0,0,0,0,0,0,40,0,666666.6667,0,0,0,0,0,0,0,0,0,0,1,0,0,0,0,0,0,0,40,0,0,0,0,0,0,2,0,0,0,256,-1,0,20,0,0,0,0,0,0,0,0,BENIGN
443,117106635,22,22,673,11333,315,0,30.59090909,79.15786463,1868,0,515.1363636,731.9989784,102.5219451,0.375725936,2723410.116,4389656.278,10100000,2,117000000,5576506.429,4906102.408,10100000,48,112000000,5341662.952,5057693.856,10100000,49,0,0,0,0,464,584,0.187862968,0.187862968,0,1868,266.8,564.8669433,319074.6636,0,0,0,1,0,0,0,0,1,272.8636364,30.59090909,515.1363636,464,0,0,0,0,0,0,22,673,22,11333,8192,123,15,20,187987.9091,525602.8161,1772740,29395,10000000,19304.03225,10100000,9999032,BENIGN
443,118927175,32,37,1526,41126,402,0,47.6875,121.2883627,4380,0,1111.513514,1214.90943,358.6396465,0.580186993,1748929.044,3696984.078,10000000,3,119000000,3834768.871,4753257.697,10100000,231,119000000,3302157.611,4624590.201,10100000,48,0,0,0,0,664,884,0.269072228,0.311114764,0,4380,609.3142857,1031.311372,1063603.146,0,0,0,1,0,0,0,0,1,618.1449275,47.6875,1111.513514,664,0,0,0,0,0,0,32,1526,37,41126,8192,1047,16,20,822197.7273,2563255.887,8550705,49178,9984878.182,83775.73337,10000000,9734515,BENIGN
443,4,2,0,31,0,31,0,15.5,21.92031022,0,0,0,0,7750000,500000,4,0,4,4,4,4,0,4,4,0,0,0,0,0,1,0,0,0,40,0,500000,0,0,31,20.66666667,17.89785834,320.3333333,0,1,0,0,1,0,0,0,0,31,15.5,0,40,0,0,0,0,0,0,2,31,0,0,253,-1,0,20,0,0,0,0,0,0,0,0,BENIGN
443,118473594,31,43,1237,34755,571,0,39.90322581,120.8424194,1848,0,808.255814,706.8230429,303.7976547,0.624611759,1622925.945,3614123.957,10100000,1,118000000,3949119.8,4799608.735,10100000,1,114000000,2702992.19,4430920.287,10100000,1,0,0,0,0,644,1004,0.261661683,0.362950076,0,1848,479.8933333,660.5608504,436340.6371,0,0,0,1,0,0,0,0,1,486.3783784,39.90322581,808.255814,644,0,0,0,0,0,0,31,1237,43,34755,8192,32,16,20,318305.2727,1005625.757,3350381,14933,10000000,81519.9225,10100000,9768329,BENIGN
1114,1995,2,0,0,0,0,0,0,0,0,0,0,0,0,1002.506266,1995,0,1995,1995,1995,1995,0,1995,1995,0,0,0,0,0,0,0,0,0,40,0,1002.506266,0,0,0,0,0,0,0,0,0,0,1,0,0,0,0,0,0,0,40,0,0,0,0,0,0,2,0,0,0,32,-1,0,20,0,0,0,0,0,0,0,0,BENIGN
1122,1,2,0,0,0,0,0,0,0,0,0,0,0,0,2000000,1,0,1,1,1,1,0,1,1,0,0,0,0,0,0,0,0,0,40,0,2000000,0,0,0,0,0,0,0,0,0,0,1,0,0,0,0,0,0,0,40,0,0,0,0,0,0,2,0,0,0,123,-1,0,20,0,0,0,0,0,0,0,0,BENIGN
80,112142451,34,24,5228,11144,435,0,153.7647059,210.8299701,796,0,464.3333333,400.8736835,145.9928854,0.517199325,1967411.421,3589098.534,10000000,47,112000000,3397543.364,4200143.604,10000000,715,112000000,4874721.043,4350387.012,10000000,578,0,0,0,0,716,588,0.303185811,0.214013514,0,796,277.4915254,337.2873722,113762.7715,0,0,0,1,0,0,0,0,0,282.2758621,153.7647059,464.3333333,716,0,0,0,0,0,0,34,5228,24,11144,8192,311,20,20,1168448.091,2022699.509,5552665,23502,9024182,1677918.585,10000000,5883891,BENIGN
443,116369552,23,22,839,11151,465,0,36.47826087,105.5082373,2021,0,506.8636364,722.1043517,103.0338245,0.386699091,2644762.545,4366261.017,10100000,4,116000000,5289525.091,4969210.96,10100000,4,111000000,5278446.714,5114293.734,10100000,48,0,0,0,0,484,584,0.197646202,0.189052889,0,2021,260.6521739,552.8201322,305610.0986,0,0,0,1,0,0,0,0,0,266.4444444,36.47826087,506.8636364,484,0,0,0,0,0,0,23,839,22,11151,8192,123,15,20,84806.41667,186347.1662,676538,30817,9612655.917,1299638.5,10100000,5490735,BENIGN
443,118100049,23,22,869,9125,496,0,37.7826087,111.2033177,1460,0,414.7727273,602.0525157,84.62316557,0.381032865,2684092.023,4353477.775,10000000,3,118000000,5368184.045,4893555.35,10000000,3,112000000,5355705,5037109.846,10000000,47,0,0,0,0,484,584,0.194750131,0.186282734,0,1460,217.2608696,460.1979494,211782.1527,0,0,0,1,0,0,0,0,0,222.0888889,37.7826087,414.7727273,484,0,0,0,0,0,0,23,869,22,9125,8192,980,15,20,220546.6667,683581.4418,2391209,22982,9621123.833,1265650.411,10000000,5606988,BENIGN
443,118100073,22,21,873,8867,500,0,39.68181818,114.2742676,1460,0,422.2380952,615.8759538,82.47242997,0.364097997,2811906.5,4431089.823,10100000,3,118000000,5623813,4887916.041,10100000,3,113000000,5628885.85,5021601.671,10100000,49,0,0,0,0,452,564,0.186282696,0.177815301,0,1460,221.3636364,469.6074606,220531.167,0,0,0,1,0,0,0,0,0,226.5116279,39.68181818,422.2380952,452,0,0,0,0,0,0,22,873,21,8867,8192,980,15,20,203082.9167,623293.0161,2182304,22987,9638589.583,1303755.478,10100000,5499203,BENIGN
443,115229050,26,26,704,21380,330,0,27.07692308,77.23259575,2920,0,822.3076923,1015.880063,191.6530597,0.451275091,2259393.137,4154502.848,10100000,14,115000000,4609162,4993450.027,10100000,49,111000000,4424406.4,5080294.611,10100000,49,0,0,0,0,532,664,0.225637545,0.225637545,0,2920,416.6792453,812.7290866,660528.5682,0,0,0,1,0,0,0,0,1,424.6923077,27.07692308,822.3076923,532,0,0,0,0,0,0,26,704,26,21380,8192,123,15,20,45248.81818,51993.68925,202015,29388,10000000,27772.42156,10100000,9994186,BENIGN
443,118687228,166,258,1562,456046,446,0,9.409638554,57.28642256,4380,0,1767.620155,827.4620068,3855.579136,3.572414717,280584.4634,1613202.163,10000000,2,119000000,719130.1636,2533210.059,10000000,98,119000000,461697.4514,2057859.898,10100000,2,0,0,0,0,3344,5304,1.398634064,2.173780653,0,4380,1076.724706,1074.9294,1155473.214,0,0,0,1,0,0,0,0,1,1079.264151,9.409638554,1767.620155,3344,0,0,0,0,0,0,166,1562,258,456046,8192,131,16,20,774569.6364,2466138.187,8210256,30774,10000000,10420.51971,10000000,9999685,BENIGN
443,3,2,0,31,0,31,0,15.5,21.92031022,0,0,0,0,10300000,666666.6667,3,0,3,3,3,3,0,3,3,0,0,0,0,0,1,0,0,0,40,0,666666.6667,0,0,31,20.66666667,17.89785834,320.3333333,0,1,0,0,1,0,0,0,0,31,15.5,0,40,0,0,0,0,0,0,2,31,0,0,633,-1,0,20,0,0,0,0,0,0,0,0,BENIGN
1142,3,2,0,0,0,0,0,0,0,0,0,0,0,0,666666.6667,3,0,3,3,3,3,0,3,3,0,0,0,0,0,0,0,0,0,40,0,666666.6667,0,0,0,0,0,0,0,0,0,0,1,0,0,0,0,0,0,0,40,0,0,0,0,0,0,2,0,0,0,123,-1,0,20,0,0,0,0,0,0,0,0,BENIGN
1131,220,2,0,0,0,0,0,0,0,0,0,0,0,0,9090.909091,220,0,220,220,220,220,0,220,220,0,0,0,0,0,0,0,0,0,40,0,9090.909091,0,0,0,0,0,0,0,0,0,0,1,0,0,0,0,0,0,0,40,0,0,0,0,0,0,2,0,0,0,123,-1,0,20,0,0,0,0,0,0,0,0,BENIGN
1087,384,2,0,0,0,0,0,0,0,0,0,0,0,0,5208.333333,384,0,384,384,384,384,0,384,384,0,0,0,0,0,0,0,0,0,40,0,5208.333333,0,0,0,0,0,0,0,0,0,0,1,0,0,0,0,0,0,0,40,0,0,0,0,0,0,2,0,0,0,131,-1,0,20,0,0,0,0,0,0,0,0,BENIGN
80,113203518,37,28,5228,14328,435,0,141.2972973,206.2903651,796,0,511.7142857,388.408229,172.750815,0.574187103,1768804.969,3469820.485,10000000,3,113000000,3143885.389,4162187.658,10000000,597,113000000,4191831.704,4377836.979,10000000,1565,0,0,0,0,824,668,0.326844966,0.247342136,0,796,296.3030303,348.2106776,121250.676,0,0,0,1,0,0,0,0,0,300.8615385,141.2972973,511.7142857,824,0,0,0,0,0,0,37,5228,28,14328,8192,311,20,20,1133796.455,1959156.642,5436762,23477,9155283,1432844.313,10000000,6472068,BENIGN
443,116179590,23,22,1128,6368,771,0,49.04347826,163.9968066,1460,0,289.4545455,539.6509213,64.52079922,0.387331372,2640445.227,4355134.971,10000000,3,116000000,5280890.455,4973457.472,10100000,3,111000000,5293069.714,5100563.493,10100000,48,0,0,0,0,496,584,0.197969368,0.189362004,0,1460,162.9565217,405.0903853,164098.2203,0,0,0,1,0,0,0,0,0,166.5777778,49.04347826,289.4545455,496,0,0,0,0,0,0,23,1128,22,6368,8192,125,15,20,116764,220498.5517,781592,50084,9988173.364,64319.00998,10000000,9795586,BENIGN
1145,4,3,0,31,0,31,0,10.33333333,17.89785834,0,0,0,0,7750000,750000,2,2.828427125,4,0,4,2,2.828427125,4,0,0,0,0,0,0,0,0,0,0,60,0,750000,0,0,31,7.75,15.5,240.25,0,0,0,0,1,0,0,0,0,10.33333333,10.33333333,0,60,0,0,0,0,0,0,3,31,0,0,125,-1,1,20,0,0,0,0,0,0,0,0,BENIGN
443,61767166,72,111,1286,166998,302,0,17.86111111,52.4778439,4380,0,1504.486486,873.115736,2724.489578,2.962739136,339380.033,4384602.885,59100000,1,61800000,869960.0845,7017360.558,59100000,48,61700000,561262.6909,5643043.955,59200000,1,0,0,0,0,1476,2232,1.165667857,1.797071279,0,4380,914.5869565,995.6484572,991315.8503,0,0,0,1,0,0,0,0,1,919.5846995,17.86111111,1504.486486,1476,0,0,0,0,0,0,72,1286,111,166998,8192,12501,10,20,2576279,0,2576279,2576279,59100000,0,59100000,59100000,BENIGN
443,67572556,463,788,8336,1113432,564,0,18.00431965,47.02163984,4380,0,1412.984772,860.561731,16600.94077,18.51343318,54058.0448,1648334.134,58100000,0,67600000,146260.9351,2710682.753,58100000,48,67500000,85825.17154,2078535.568,58100000,0,0,0,0,0,9308,15772,6.851894133,11.66153904,0,4380,895.9808307,959.690051,921004.994,0,0,0,1,0,0,0,0,1,896.6970424,18.00431965,1412.984772,9308,0,0,0,0,0,0,463,8336,788,1113432,8192,12501,76,20,9400589,0,9400589,9400589,58100000,0,58100000,58100000,BENIGN
443,116372845,21,19,774,5830,405,0,36.85714286,98.16989646,1460,0,306.8421053,529.3074367,56.7486341,0.343722799,2983919.103,4538216.339,10000000,48,116000000,5818642.25,4907893.028,10000000,48,111000000,6148722.722,5006854.369,10000000,49,0,0,0,0,432,524,0.180454469,0.163268329,0,1460,161.0731707,386.9570642,149735.7695,0,0,0,1,0,0,0,0,0,165.1,36.85714286,306.8421053,432,0,0,0,0,0,0,21,774,19,5830,8192,980,15,20,68501.16667,157035.0463,567153,22856,9629231.917,1247420.196,10000000,5672731,BENIGN
443,116179697,22,21,1488,4728,485,0,67.63636364,146.2143063,1460,0,225.1428571,471.3559468,53.50332425,0.370116304,2766183.262,4414989.669,10000000,2,116000000,5532366.524,4918234.87,10000000,4,111000000,5569409.15,5071702.877,10100000,2,0,0,0,0,452,432,0.18936183,0.180754474,0,1460,141.2727273,347.0623135,120452.2495,0,0,0,1,0,0,0,0,0,144.5581395,67.63636364,225.1428571,452,0,0,0,0,0,0,22,1488,21,4728,8192,5120,16,20,137567,362273.6247,1229863,28205,9988654.182,50438.13178,10000000,9837247,BENIGN
443,116634327,22,20,1309,5844,470,0,59.5,141.6171062,1460,0,292.2,508.5847857,61.32842864,0.360099819,2844739.683,4460564.578,10000000,3,117000000,5554015.571,4923266.177,10000000,3,111000000,5854419.316,5041508.275,10100000,48,0,0,0,0,452,544,0.188623715,0.171476104,0,1460,166.3488372,375.7938824,141221.0421,0,0,0,1,0,0,0,0,0,170.3095238,59.5,292.2,452,0,0,0,0,0,0,22,1309,20,5844,8192,1013,16,20,111530.75,306262.3126,1084044,22966,9607996.25,1333266.824,10000000,5377100,BENIGN
443,116634393,22,20,774,6734,405,0,35.18181818,96.12572936,2920,0,336.7,700.5469367,64.37209306,0.360099615,2844741.293,4465540.605,10000000,4,117000000,5554018.714,4932264.099,10000000,4,111000000,5843766.053,5025229.3,10000000,203,0,0,0,0,476,544,0.188623608,0.171476007,0,2920,174.6046512,500.0531943,250053.1971,0,0,0,1,0,0,0,0,0,178.7619048,35.18181818,336.7,476,0,0,0,0,0,0,22,774,20,6734,8192,980,15,20,96040,252722.3141,898541,22899,9623492.417,1274607.399,10000000,5579631,BENIGN
443,117054040,24,22,2042,4729,517,0,85.08333333,173.9844862,1460,0,214.9545455,433.3807825,57.84507737,0.392980883,2601200.889,4320936.416,10000000,49,117000000,5089306.087,4947144.289,10000000,49,112000000,5319056.143,5084438.749,10100000,252,0,0,0,0,492,444,0.205033504,0.187947379,0,1460,144.0638298,324.8820792,105548.3654,0,0,0,1,0,0,0,0,0,147.1956522,85.08333333,214.9545455,492,0,0,0,0,0,0,24,2042,22,4729,8192,40958,17,20,155816.4167,406743.9783,1447402,38298,9598682.833,1350213.956,10000000,5315281,BENIGN
443,117054260,25,22,2194,4665,629,0,87.76,188.5058089,1460,0,212.0454545,430.9160207,58.59675675,0.401523191,2544657.826,4284569.876,10000000,3,117000000,4877260.833,4939226.594,10100000,3,112000000,5333146.19,5070649.778,10100000,3,0,0,0,0,512,444,0.213576165,0.187947026,0,1460,142.8958333,324.6570196,105402.1804,0,0,0,1,0,0,0,0,0,145.9361702,87.76,212.0454545,512,0,0,0,0,0,0,25,2194,22,4665,8192,40958,17,20,176769.4167,480720.5208,1703262,37827,9577752,1436201.528,10000000,5019745,BENIGN
1181,4,2,0,0,0,0,0,0,0,0,0,0,0,0,500000,4,0,4,4,4,4,0,4,4,0,0,0,0,0,0,0,0,0,40,0,500000,0,0,0,0,0,0,0,0,0,0,1,0,0,0,0,0,0,0,40,0,0,0,0,0,0,2,0,0,0,5114,-1,0,20,0,0,0,0,0,0,0,0,BENIGN
1155,229,2,0,0,0,0,0,0,0,0,0,0,0,0,8733.624454,229,0,229,229,229,229,0,229,229,0,0,0,0,0,0,0,0,0,40,0,8733.624454,0,0,0,0,0,0,0,0,0,0,1,0,0,0,0,0,0,0,40,0,0,0,0,0,0,2,0,0,0,40921,-1,0,20,0,0,0,0,0,0,0,0,BENIGN
1154,4,2,0,0,0,0,0,0,0,0,0,0,0,0,500000,4,0,4,4,4,4,0,4,4,0,0,0,0,0,0,0,0,0,40,0,500000,0,0,0,0,0,0,0,0,0,0,1,0,0,0,0,0,0,0,40,0,0,0,0,0,0,2,0,0,0,40921,-1,0,20,0,0,0,0,0,0,0,0,BENIGN
443,60321692,13,12,813,3638,482,0,62.53846154,140.6417526,1588,0,303.1666667,588.6849494,73.78771802,0.414444608,2513403.833,4403007.966,10000000,96,60300000,5026807.667,5217040.032,10100000,1538,60300000,5479102.545,5219195.493,10100000,211,0,0,0,0,272,312,0.215511196,0.198933412,0,1588,171.1923077,421.4830027,177647.9215,0,0,0,1,0,0,0,0,0,178.04,62.53846154,303.1666667,272,0,0,0,0,0,0,13,813,12,3638,8192,123,8,20,74732.16667,57601.4089,192309,50934,9978838.167,58458.99378,10000000,9860341,BENIGN
80,119258001,37,26,6098,11940,435,0,164.8108108,213.7068134,796,0,459.2307692,401.049853,151.2519064,0.528266443,1923516.145,3526423.24,10000000,21,119000000,3312062.667,4128253.722,10000000,10136,119000000,4769369.16,4301939.944,10000000,769,0,0,0,0,764,628,0.310251721,0.218014723,0,796,281.84375,334.9840185,112214.2927,0,0,0,1,0,0,0,0,0,286.3174603,164.8108108,459.2307692,764,0,0,0,0,0,0,37,6098,26,11940,8192,315,22,20,1638699.727,2736397.82,6543514,23523,9200778.091,1541112.548,10000000,5371860,BENIGN
80,115231702,36,28,5228,13532,435,0,145.2222222,207.8107808,796,0,483.2857143,395.8885793,162.8024205,0.555402714,1829074.635,3488274.79,10000000,26,115000000,3291656.171,4163452.336,10000000,656,115000000,4266946.37,4353080.786,10000000,967,0,0,0,0,792,668,0.312414026,0.242988687,0,796,288.6153846,345.2298914,119183.6779,0,0,0,1,0,0,0,0,0,293.125,145.2222222,483.2857143,792,0,0,0,0,0,0,36,5228,28,13532,8192,311,20,20,2023630.2,4661712.861,14400000,23489,9497166.4,1184336.097,10000000,6220217,BENIGN
80,115605989,34,25,5663,11144,435,0,166.5588235,214.3849824,796,0,445.76,403.2717529,145.3817414,0.510354182,1993206.707,3558657.246,10000000,51,116000000,3502498.939,4148635.95,10000000,585,116000000,4815907.625,4277629.434,10000000,949,0,0,0,0,704,608,0.29410241,0.216251772,0,796,280.1166667,335.0344324,112248.0709,0,0,0,1,0,0,0,0,0,284.8644068,166.5588235,445.76,704,0,0,0,0,0,0,34,5663,25,11144,8192,313,21,20,1538631.636,2795012.12,7419482,23483,8968865.182,1747453.747,10000000,5300054,BENIGN
443,119398056,41,47,1058,65699,366,0,25.80487805,81.96469347,4380,0,1397.851064,1209.342778,559.1129557,0.737030425,1372391.448,3370086.737,10000000,1,119000000,2984951.4,4498054.913,10000000,3,114000000,2477548.848,4305602.097,10000000,48,0,0,0,0,844,1084,0.343389175,0.39364125,0,4380,750.0786517,1114.653964,1242453.46,0,0,0,1,0,0,0,0,1,758.6022727,25.80487805,1397.851064,844,0,0,0,0,0,0,41,1058,47,65699,8192,1013,16,20,327180.5833,1053779.848,3673381,22829,9622657.167,1327406.932,10000000,5407617,BENIGN
443,116071276,26,25,722,22519,357,0,27.76923077,80.76053873,3440,0,900.76,1149.478841,200.230417,0.439385193,2321425.52,4189685.88,10100000,0,116000000,4642851.04,4981349.585,10100000,3,111000000,4613261.792,5098044.187,10100000,47,0,0,0,0,532,644,0.224000294,0.215384898,0,3440,446.9423077,905.2263592,819434.7613,0,0,0,1,0,0,0,0,0,455.7058824,27.76923077,900.76,532,0,0,0,0,0,0,26,722,25,22519,8192,980,15,20,57282,118749.2546,434361,22879,9615324.083,1350309.051,10100000,5329638,BENIGN
443,117044101,35,38,1051,40520,354,0,30.02857143,87.38639203,2920,0,1066.315789,1008.963238,355.1738161,0.623696533,1625612.514,3635996.473,10000000,3,117000000,3442473.559,4706102.024,10000000,3,112000000,3021611.27,4623456.945,10000000,48,0,0,0,0,724,904,0.299032584,0.324663949,0,2920,561.7702703,889.906976,791934.426,0,0,0,1,0,0,0,0,1,569.4657534,30.02857143,1066.315789,724,0,0,0,0,0,0,35,1051,38,40520,8192,1013,16,20,147668.0833,431729.0856,1518592,22899,9606006.75,1380988.802,10000000,5220843,BENIGN
443,115645277,20,17,918,4737,557,0,45.9,130.2244621,1460,0,278.6470588,533.4026318,48.89953266,0.319943892,3212368.806,4634055.028,10000000,3,116000000,6086593.526,4854258.177,10000000,3,111000000,6911779.437,4781545.364,10100000,49,0,0,0,0,412,484,0.172942644,0.147001248,0,1460,148.8157895,381.8531524,145811.83,0,0,0,1,0,0,0,0,0,152.8378378,45.9,278.6470588,412,0,0,0,0,0,0,20,918,17,4737,8192,62,15,20,60726.66667,129287.3405,471269,23251,9576379.5,1431582.987,10000000,5033325,BENIGN
443,116071960,25,27,803,24470,438,0,32.12,96.11378673,4380,0,906.2962963,1155.434611,217.7356185,0.447997949,2275920.784,4164710.927,10100000,23,116000000,4836331.667,4999613.591,10100000,48,111000000,4254213.346,5051673.642,10100000,49,0,0,0,0,512,684,0.215383629,0.23261432,0,4380,476.8490566,931.1275505,866998.5152,0,0,0,1,0,0,0,0,1,486.0192308,32.12,906.2962963,512,0,0,0,0,0,0,25,803,27,24470,8192,980,15,20,45251.5,77053.52001,289929,22869,9627407.833,1319240.388,10100000,5439389,BENIGN
443,116761358,22,24,728,12493,354,0,33.09090909,87.4261098,1460,0,520.5416667,685.7846651,113.2309544,0.393965956,2594696.844,4342217.186,10000000,1,117000000,5560064.667,4949421.351,10000000,48,111000000,4829563.826,5095321.872,10000000,1,0,0,0,0,452,624,0.188418501,0.205547455,0,1460,281.2978723,547.436751,299686.9963,0,0,0,1,0,0,0,0,1,287.4130435,33.09090909,520.5416667,452,0,0,0,0,0,0,22,728,24,12493,8192,123,15,20,90602.83333,206616.4189,746698,30845,9639506.333,1256259.772,10000000,5650374,BENIGN
443,116763075,22,19,664,5599,307,0,30.18181818,77.6982174,1507,0,294.6842105,551.5021963,53.63853256,0.351138406,2919076.875,4510436.058,10100000,3,117000000,5560146.429,4949379.693,10100000,3,111000000,6183341.111,4979864.243,10100000,49,0,0,0,0,464,524,0.18841573,0.162722676,0,1507,149.1190476,393.1612468,154575.766,0,0,0,1,0,0,0,0,0,152.7560976,30.18181818,294.6842105,464,0,0,0,0,0,0,22,664,19,5599,8192,980,15,20,92095.75,238995.0828,851007,22880,9638160.25,1322369.239,10100000,5439886,BENIGN
443,116761921,28,26,15898,4544,4380,0,567.7857143,1199.586545,1460,0,174.7692308,402.7132288,175.0742008,0.462479544,2203055.113,4097218.784,10000000,16,117000000,4324515.593,4916675.69,10000000,48,111000000,4447572.12,5033682.332,10000000,48,0,0,0,0,596,664,0.239804208,0.222675336,0,4380,371.6727273,914.1960251,835754.3724,0,0,0,1,0,0,0,0,0,378.5555556,567.7857143,174.7692308,596,0,0,0,0,0,0,28,15898,26,4544,8192,61,21,20,104625.0833,309894.4343,1088672,14983,9625531,1282241.112,10000000,5557369,BENIGN
1224,4,2,0,0,0,0,0,0,0,0,0,0,0,0,500000,4,0,4,4,4,4,0,4,4,0,0,0,0,0,0,0,0,0,40,0,500000,0,0,0,0,0,0,0,0,0,0,1,0,0,0,0,0,0,0,40,0,0,0,0,0,0,2,0,0,0,61,-1,0,20,0,0,0,0,0,0,0,0,BENIGN
1244,18,3,0,31,0,31,0,10.33333333,17.89785834,0,0,0,0,1722222.222,166666.6667,9,8.485281374,15,3,18,9,8.485281374,15,3,0,0,0,0,0,0,0,0,0,60,0,166666.6667,0,0,31,7.75,15.5,240.25,0,0,0,0,1,0,0,0,0,10.33333333,10.33333333,0,60,0,0,0,0,0,0,3,31,0,0,980,-1,1,20,0,0,0,0,0,0,0,0,BENIGN
1255,174,3,0,31,0,31,0,10.33333333,17.89785834,0,0,0,0,178160.9195,17241.37931,87,121.6223664,173,1,174,87,121.6223664,173,1,0,0,0,0,0,0,0,0,0,60,0,17241.37931,0,0,31,7.75,15.5,240.25,0,0,0,0,1,0,0,0,0,10.33333333,10.33333333,0,60,0,0,0,0,0,0,3,31,0,0,62,-1,1,20,0,0,0,0,0,0,0,0,BENIGN
1225,458,2,0,0,0,0,0,0,0,0,0,0,0,0,4366.812227,458,0,458,458,458,458,0,458,458,0,0,0,0,0,0,0,0,0,40,0,4366.812227,0,0,0,0,0,0,0,0,0,0,1,0,0,0,0,0,0,0,40,0,0,0,0,0,0,2,0,0,0,123,-1,0,20,0,0,0,0,0,0,0,0,BENIGN
443,116130535,21,21,844,6525,486,0,40.19047619,112.9653128,1460,0,310.7142857,502.9982249,63.45445666,0.361661987,2832452.073,4458087.762,10100000,37,116000000,5806526.75,4890879.21,10100000,48,111000000,5557634.05,5061381.287,10100000,53,0,0,0,0,456,564,0.180830993,0.180830993,0,1460,171.372093,381.5338107,145568.0487,0,0,0,1,0,0,0,0,1,175.452381,40.19047619,310.7142857,456,0,0,0,0,0,0,21,844,21,6525,8192,980,15,20,109070,284906.3876,968095,23059,9995708.818,67051.74493,10100000,9804511,BENIGN
80,115032828,22,18,2176,3730,433,0,98.90909091,185.450522,746,0,207.2222222,343.8228948,51.34186565,0.347726825,2949559.692,4487671.824,10100000,43,115000000,5475986.19,4911564.276,10100000,28962,115000000,6764438.765,4623915.173,10100000,19759,0,0,0,0,452,504,0.191249754,0.156477071,0,746,144.0487805,267.8284853,71732.09756,0,0,0,1,0,0,0,0,0,147.65,98.90909091,207.2222222,452,0,0,0,0,0,0,22,2176,18,3730,8192,377,16,20,469708.9091,1434028.01,4793466,37046,9984446.545,78435.13407,10100000,9757241,BENIGN
80,37334,1,1,0,0,0,0,0,0,0,0,0,0,0,53.57047196,37334,0,37334,37334,0,0,0,0,0,0,0,0,0,0,0,0,0,0,20,20,26.78523598,26.78523598,0,0,0,0,0,0,0,0,0,1,1,0,0,1,0,0,0,20,0,0,0,0,0,0,1,0,1,0,255,377,0,20,0,0,0,0,0,0,0,0,BENIGN
443,68440813,42,65,20714,65814,5520,0,493.1904762,1273.139987,2860,0,1012.523077,855.665715,1264.274871,1.563394637,645668.0472,5707907.206,58100000,1,68400000,1669288.122,9166839.374,58200000,4,68400000,1068805.531,7343114.961,58200000,1,0,0,0,0,864,1312,0.613668923,0.949725714,0,5520,801.1851852,1062.724309,1129382.956,0,0,0,1,0,0,0,0,1,808.6728972,493.1904762,1012.523077,864,0,0,0,0,0,0,42,20714,65,65814,8192,683,16,20,365966,315180.1198,588832,143100,33700000,34500000,58100000,9304347,BENIGN
80,115776820,16,14,450,795,439,0,28.125,109.5675591,795,0,56.78571429,212.4726873,10.75344788,0.259119226,3992304.138,4857988.053,10000000,39,116000000,7718454.667,4117762.416,10100000,37823,111000000,8515785.538,3733935.321,10100000,449,0,0,0,0,332,424,0.138196921,0.120922306,0,795,40.16129032,160.7022291,25825.20645,0,0,0,1,0,0,0,0,0,41.5,28.125,56.78571429,332,0,0,0,0,0,0,16,450,14,795,8192,946,12,20,75260.54545,123867.5752,448735,37693,9988855.818,63132.1383,10000000,9799270,BENIGN
443,118617697,26,27,1355,19556,374,0,52.11538462,112.5199811,2920,0,724.2962963,905.3874995,176.2890406,0.446813598,2281109.558,4122128.797,10000000,4,119000000,4744707.88,4912707.675,10000000,4,113000000,4342478.962,4978747.583,10000000,49,0,0,0,0,544,684,0.219191576,0.227622022,0,2920,387.2407407,723.8103039,523901.356,0,0,0,1,0,0,0,0,1,394.5471698,52.11538462,724.2962963,544,0,0,0,0,0,0,26,1355,27,19556,8192,1047,17,20,235132.75,734967.5024,2568968,22821,9649675,1247577.674,10000000,5688158,BENIGN
443,116502859,24,25,3067,5286,837,0,127.7916667,251.6018212,1460,0,211.44,420.6862528,71.6978113,0.420590537,2427142.896,4223400.3,10000000,1,117000000,5065341.696,4940492.574,10000000,11,112000000,4650743.792,5059856.057,10000000,1,0,0,0,0,492,512,0.206003528,0.214587009,0,1460,167.06,344.5666554,118726.18,0,0,0,1,0,0,0,0,1,170.4693878,127.7916667,211.44,492,0,0,0,0,0,0,24,3067,25,5286,8192,5120,18,20,159832.2727,436018.0103,1474476,28215,9987271.545,59652.90873,10000000,9808234,BENIGN
1285,211,2,0,0,0,0,0,0,0,0,0,0,0,0,9478.672986,211,0,211,211,211,211,0,211,211,0,0,0,0,0,0,0,0,0,40,0,9478.672986,0,0,0,0,0,0,0,0,0,0,1,0,0,0,0,0,0,0,40,0,0,0,0,0,0,2,0,0,0,5114,-1,0,20,0,0,0,0,0,0,0,0,BENIGN
5353,90870439,429,0,41106,0,227,37,95.81818182,55.25141809,0,0,0,0,452.3583296,4.721007235,212314.1098,1444030.873,21400000,0,90900000,212314.1098,1444030.873,21400000,0,0,0,0,0,0,0,0,0,0,10920,0,4.721007235,0,37,227,95.78139535,55.19225671,3046.185201,0,0,0,0,0,0,0,0,0,96.004662,95.81818182,0,10920,0,0,0,0,0,0,429,41106,0,0,-1,-1,428,20,9840443.25,12600000,26300000,19,12900000,6597642.645,21400000,5663306,BENIGN
443,69886376,1191,1870,52697,3144080,1682,0,44.24601175,246.9412289,7150,0,1681.326203,893.6459892,45742.49207,43.79966705,22838.68497,1055963.65,58400000,0,69900000,58728.04706,1695516.786,58400000,3,69800000,37372.67202,1352041.269,58400000,1,0,0,0,0,24300,37412,17.0419482,26.75771884,0,7150,1044.016003,1071.782481,1148717.686,0,0,0,1,0,0,0,0,1,1044.357073,44.24601175,1681.326203,24300,0,0,0,0,0,0,1191,52697,1870,3144080,8192,1388,93,20,11300000,0,11300000,11300000,58400000,0,58400000,58400000,BENIGN
443,67939667,61,82,1903,121535,391,0,31.19672131,78.46672749,4230,0,1482.134146,1099.881394,1816.87673,2.104808668,478448.3592,4884418.769,58100000,3,67900000,1132327.783,7500840.812,58100000,47,67900000,838487.1605,6463817.454,58100000,3,0,0,0,0,1256,1652,0.897855446,1.206953222,0,4230,857.2083333,1099.067455,1207949.271,0,0,0,1,0,0,0,0,1,863.2027972,31.19672131,1482.134146,1256,0,0,0,0,0,0,61,1903,82,121535,8192,140,11,20,9755980,0,9755980,9755980,58100000,0,58100000,58100000,BENIGN
80,112549334,32,22,4449,10769,444,0,139.03125,208.900267,979,0,489.5,501.0192231,135.2118174,0.479789601,2123572.34,3789263.345,10000000,110,113000000,3629625.355,4405986.913,10000000,9265,113000000,5358016.952,4481585.094,10000000,2484,0,0,0,0,664,560,0.284319763,0.195469837,0,979,276.6909091,392.134183,153769.2175,0,0,0,1,0,0,0,0,0,281.8148148,139.03125,489.5,664,0,0,0,0,0,0,32,4449,22,10769,8192,156,19,20,1450284.4,3640186.053,11500000,30782,9801554.2,569999.4709,10000000,8189990,BENIGN
80,112549420,32,24,4449,12727,444,0,139.03125,208.900267,979,0,530.2916667,498.2888528,152.6085163,0.497559206,2046353.091,3793947.635,10000000,74,113000000,3629627.258,4488298.172,10000000,9311,113000000,4892105.652,4630416.153,10000000,3317,0,0,0,0,688,600,0.284319546,0.21323966,0,979,301.3333333,406.5402955,165275.0119,0,0,0,1,0,0,0,0,0,306.7142857,139.03125,530.2916667,688,0,0,0,0,0,0,32,4449,24,12727,8192,156,19,20,1319044.8,3053008.016,9431803,30873,9932799.7,164568.344,10000000,9502923,BENIGN
445,90008267,10,10,8,2,1,0,0.8,0.421637021,1,0,0.2,0.421637021,0.111100906,0.222201812,4737277.211,11200000,30000000,3,90000000,10000000,15000000,30000000,3,90000000,10000000,15000000,30000000,3,0,0,0,0,224,296,0.111100906,0.111100906,0,1,0.523809524,0.511766316,0.261904762,0,0,0,0,1,0,0,0,1,0.55,0.8,0.2,224,0,0,0,0,0,0,10,8,10,2,253,2047,7,20,18070.66667,31183.26565,54078,63,30000000,30422.55383,30000000,29900000,BENIGN
443,114469099,27,24,3589,6883,942,0,132.9259259,266.1891933,1460,0,286.7916667,441.0732936,91.48320456,0.445535087,2289381.98,4129761.84,10000000,39,114000000,4401731.654,4892497.353,10000000,5497,114000000,4975877.826,4948099.636,10100000,220,0,0,0,0,576,624,0.235871517,0.20966357,0,1460,201.3846154,361.3423315,130568.2805,0,0,0,1,0,0,0,0,0,205.3333333,132.9259259,286.7916667,576,0,0,0,0,0,0,27,3589,24,6883,8192,73,18,20,431664.0909,1008830.447,3254210,24019,9972428.909,78356.57796,10000000,9777308,BENIGN
443,110690246,19,18,870,3966,541,0,45.78947368,130.2977696,1460,0,220.3333333,470.1620497,43.68948643,0.334266129,3074729.056,4649059.245,10000000,54,111000000,6147512.222,4991890.063,10000000,18874,111000000,6509135.118,4900836.223,10000000,216,0,0,0,0,404,504,0.171650174,0.162615954,0,1460,127.2631579,343.3428421,117884.3073,0,0,0,1,0,0,0,0,0,130.7027027,45.78947368,220.3333333,404,0,0,0,0,0,0,19,870,18,3966,8192,62,14,20,74523,130513.6886,468036,34906,9985042.455,65338.61543,10000000,9789364,BENIGN
443,115348824,20,17,730,4786,368,0,36.5,92.69730025,1460,0,281.5294118,518.8908987,47.82016677,0.320766166,3204134,4647849.375,10000000,3,115000000,6070990.737,4889433.172,10000000,3,110000000,6899150.5,4794947.832,10000000,49,0,0,0,0,412,484,0.173387117,0.147379049,0,1460,145.1578947,369.2425063,136340.0284,0,0,0,1,0,0,0,0,0,149.0810811,36.5,281.5294118,412,0,0,0,0,0,0,20,730,17,4786,8192,62,15,20,29320.45455,19557.77162,88288,23201,10000000,4790.818387,10000000,9991402,BENIGN
1330,344,3,0,31,0,31,0,10.33333333,17.89785834,0,0,0,0,90116.27907,8720.930233,172,239.002092,341,3,344,172,239.002092,341,3,0,0,0,0,0,0,0,0,0,60,0,8720.930233,0,0,31,7.75,15.5,240.25,0,0,0,0,1,0,0,0,0,10.33333333,10.33333333,0,60,0,0,0,0,0,0,3,31,0,0,62,-1,1,20,0,0,0,0,0,0,0,0,BENIGN
80,115886937,17,15,881,1592,435,0,51.82352941,144.2230197,796,0,106.1333333,280.0851571,21.33976498,0.276131209,3738288.29,4804523.182,10000000,56,116000000,7242933.562,4407323.715,10000000,23629,111000000,7902028,4236181.667,10100000,790,0,0,0,0,352,444,0.146694705,0.129436504,0,796,74.93939394,213.6270025,45636.49621,0,0,0,1,0,0,0,0,0,77.28125,51.82352941,106.1333333,352,0,0,0,0,0,0,17,881,15,1592,8192,290,13,20,65239.27273,137709.8209,480450,23689,9991872.636,50225.85835,10000000,9840436,BENIGN
443,115962978,21,18,1085,2424,485,0,51.66666667,129.7279204,1496,0,134.6666667,394.3714284,30.25965753,0.336314233,3051657.316,4567889.763,10000000,4,116000000,5798148.9,4911627.707,10000000,4,111000000,6512018.353,4917344.835,10100000,4,0,0,0,0,432,368,0.181092279,0.155221954,0,1496,87.725,279.8919194,78339.48654,0,0,0,1,0,0,0,0,0,89.97435897,51.66666667,134.6666667,432,0,0,0,0,0,0,21,1085,18,2424,8192,5161,15,20,67305.5,154032.7176,556425,22717,9596275.667,1374035.866,10000000,5235807,BENIGN
443,115914506,20,19,1201,3811,597,0,60.05,152.7428093,1460,0,200.5789474,464.6769865,43.23876427,0.33645487,3050381.737,4562423.501,10000000,2,116000000,6100763.474,4845263.349,10000000,3,111000000,6153586.5,5009118.437,10100000,2,0,0,0,0,412,392,0.172540959,0.163913911,0,1460,125.3,341.1310148,116370.3692,0,0,0,1,0,0,0,0,0,128.5128205,60.05,200.5789474,412,0,0,0,0,0,0,20,1201,19,3811,8192,40958,15,20,76860.25,168102.0908,610656,28189,9582681.667,1405756.014,10000000,5121624,BENIGN
1338,4,2,0,0,0,0,0,0,0,0,0,0,0,0,500000,4,0,4,4,4,4,0,4,4,0,0,0,0,0,0,0,0,0,40,0,500000,0,0,0,0,0,0,0,0,0,0,1,0,0,0,0,0,0,0,40,0,0,0,0,0,0,2,0,0,0,5214,-1,0,20,0,0,0,0,0,0,0,0,BENIGN
1340,17,2,0,0,0,0,0,0,0,0,0,0,0,0,117647.0588,17,0,17,17,17,17,0,17,17,0,0,0,0,0,0,0,0,0,40,0,117647.0588,0,0,0,0,0,0,0,0,0,0,1,0,0,0,0,0,0,0,40,0,0,0,0,0,0,2,0,0,0,40905,-1,0,20,0,0,0,0,0,0,0,0,BENIGN
80,118834108,21,18,1743,2984,433,0,83,173.9681005,746,0,165.7777778,319.1333034,39.77814181,0.328188604,3127213.368,4489195.622,10100000,72,119000000,5939876.45,4693717.535,10100000,29177,119000000,6988102.765,4377195.414,10100000,19863,0,0,0,0,432,504,0.176716941,0.151471663,0,746,118.175,248.9680123,61985.07115,0,0,0,1,0,0,0,0,0,121.2051282,83,165.7777778,432,0,0,0,0,0,0,21,1743,18,2984,8192,368,15,20,833919.4545,1781134.756,4773324,36253,9965855.909,106802.2206,10100000,9749957,BENIGN
443,118145503,16,13,1041,6520,316,0,65.0625,93.80580561,2460,0,501.5384615,781.5933102,63.99735756,0.245460041,4219482.25,15300000,58700000,50,118000000,7876366.867,20600000,58700000,150,118000000,9825906.917,22800000,58700000,50,0,0,0,0,344,272,0.135426229,0.110033811,0,2460,252.0333333,553.8201802,306716.792,0,0,0,1,0,0,0,0,0,260.7241379,65.0625,501.5384615,344,0,0,0,0,0,0,16,1041,13,6520,8192,1023,8,20,443781,275395.4639,638515,249047,58500000,259681.4299,58700000,58300000,BENIGN
443,116019418,20,18,799,4474,410,0,39.95,102.0415163,1460,0,248.5555556,506.0128134,45.4492885,0.327531379,3135659.946,4609507.58,10000000,4,116000000,6106285.158,4882887.58,10000000,4,111000000,6516255,4931645.77,10100000,48,0,0,0,0,412,372,0.172384936,0.155146443,0,1460,135.2051282,362.0733554,131097.1147,0,0,0,1,0,0,0,0,0,138.7631579,39.95,248.5555556,412,0,0,0,0,0,0,20,799,18,4474,8192,23,15,20,61439.16667,66309.88375,272001,42113,9606845.333,1387587.578,10000000,5200792,BENIGN
443,115688168,20,19,814,5476,448,0,40.7,108.4887091,1460,0,288.2105263,516.0760688,54.37029654,0.337113126,3044425.474,4561374.08,10000000,3,116000000,6088850.947,4844841.657,10000000,3,111000000,6156619.833,5007331.88,10100000,48,0,0,0,0,412,524,0.172878526,0.1642346,0,1460,157.25,380.2804464,144613.2179,0,0,0,1,0,0,0,0,0,161.2820513,40.7,288.2105263,412,0,0,0,0,0,0,20,814,19,5476,8192,980,15,20,81725.72727,194286.771,667522,22933,9992756,54623.29647,10000000,9828686,BENIGN
443,116297198,21,19,1082,3721,485,0,51.52380952,129.5648946,1380,0,195.8421053,459.7278498,41.29936131,0.343946378,2981979.436,4536596.048,10000000,3,116000000,5814859.9,4906798.891,10000000,3,111000000,6148849.778,5005450.78,10000000,212,0,0,0,0,432,388,0.180571848,0.163374529,0,1380,117.1463415,330.2218619,109046.478,0,0,0,1,0,0,0,0,0,120.075,51.52380952,195.8421053,432,0,0,0,0,0,0,21,1082,19,3721,8192,5158,15,20,69155.5,160341.4972,578308,22674,9622277.417,1269532.754,10000000,5595015,BENIGN
1338,1000042,2,0,0,0,0,0,0,0,0,0,0,0,0,1.999916004,1000042,0,1000042,1000042,1000042,1000042,0,1000042,1000042,0,0,0,0,0,0,0,0,0,40,0,1.999916004,0,0,0,0,0,0,0,0,0,0,1,0,0,0,0,0,0,0,40,0,0,0,0,0,0,2,0,0,0,5214,-1,0,20,0,0,0,0,0,0,0,0,BENIGN
1349,3,2,0,0,0,0,0,0,0,0,0,0,0,0,666666.6667,3,0,3,3,3,3,0,3,3,0,0,0,0,0,0,0,0,0,40,0,666666.6667,0,0,0,0,0,0,0,0,0,0,1,0,0,0,0,0,0,0,40,0,0,0,0,0,0,2,0,0,0,5211,-1,0,20,0,0,0,0,0,0,0,0,BENIGN
1351,3,2,0,0,0,0,0,0,0,0,0,0,0,0,666666.6667,3,0,3,3,3,3,0,3,3,0,0,0,0,0,0,0,0,0,40,0,666666.6667,0,0,0,0,0,0,0,0,0,0,1,0,0,0,0,0,0,0,40,0,0,0,0,0,0,2,0,0,0,23,-1,0,20,0,0,0,0,0,0,0,0,BENIGN
443,66734369,19,21,1501,5235,552,0,79,138.1271556,1460,0,249.2857143,437.5057877,100.9374944,0.599391297,1711137.667,9447383.9,58900000,1,66700000,3707464.944,13800000,58900000,25,66700000,3334649.05,13200000,58900000,1,0,0,0,0,404,432,0.284710866,0.314680431,0,1460,164.2926829,334.9837492,112214.1122,0,0,0,1,0,0,0,0,1,168.4,79,249.2857143,404,0,0,0,0,0,0,19,1501,21,5235,8192,136,8,20,703232.5,926254.0219,1358193,48272,32500000,37300000,58900000,6160884,BENIGN
53,14760626,2,2,108,234,55,53,54,1.414213562,118,116,117,1.414213562,23.16974903,0.270991217,4920208.667,8468443.57,14700000,30468,14700000,14700000,0,14700000,14700000,14700000,14700000,0,14700000,14700000,0,0,0,0,40,40,0.135495608,0.135495608,53,118,79,34.70590728,1204.5,0,0,0,0,0,0,0,0,1,98.75,54,117,40,0,0,0,0,0,0,2,108,2,234,-1,-1,1,20,30468,0,30468,30468,14700000,0,14700000,14700000,BENIGN
443,119550385,23,21,1836,7284,627,0,79.82608696,176.2721687,1460,0,346.8571429,532.7425537,76.2858271,0.368045657,2780241.512,4446550.273,10000000,48,120000000,5433069.273,4966818.923,10000000,3024,120000000,5976371.8,4936023.765,10100000,48,0,0,0,0,484,564,0.192387503,0.175658155,0,1460,202.6666667,404.087693,163286.8636,0,0,0,1,0,0,0,0,0,207.2727273,79.82608696,346.8571429,484,0,0,0,0,0,0,23,1836,21,7284,8192,1053,16,20,132701.25,303021.0696,1060710,22833,9827925.75,561538.4013,10000000,8054600,BENIGN
443,3,2,0,31,0,31,0,15.5,21.92031022,0,0,0,0,10300000,666666.6667,3,0,3,3,3,3,0,3,3,0,0,0,0,0,1,0,0,0,40,0,666666.6667,0,0,31,20.66666667,17.89785834,320.3333333,0,1,0,0,1,0,0,0,0,31,15.5,0,40,0,0,0,0,0,0,2,31,0,0,252,-1,0,20,0,0,0,0,0,0,0,0,BENIGN
443,115644982,20,18,1236,3561,629,0,61.8,158.8513373,1400,0,197.8333333,431.3561719,41.48039904,0.328591862,3125540.054,4601568.289,10000000,48,116000000,6086578,4871171.776,10000000,48,111000000,6506647.294,4915712.25,10000000,49,0,0,0,0,424,500,0.172943085,0.155648777,0,1400,123,317.6160376,100879.9474,0,0,0,1,0,0,0,0,0,126.2368421,61.8,197.8333333,424,0,0,0,0,0,0,20,1236,18,3561,8192,14467,15,20,61620.54545,89981.60365,332925,34371,9994090.636,43957.9673,10000000,9863288,BENIGN
443,119526646,23,21,2089,5534,661,0,90.82608696,189.1381535,1400,0,263.5238095,455.6947025,63.77657414,0.368118754,2779689.442,4366196.186,10000000,4,119000000,5431435.773,4835438.756,10000000,35236,119000000,5974573.25,4779151.555,10100000,4,0,0,0,0,496,560,0.192425712,0.175693042,0,1400,169.4,346.9642633,120384.2,0,0,0,1,0,0,0,0,0,173.25,90.82608696,263.5238095,496,0,0,0,0,0,0,23,2089,21,5534,8192,19830,16,20,360580.1667,921239.0434,3208516,34958,9597052.083,1370549.315,10000000,5249118,BENIGN
443,3,2,0,53,0,53,0,26.5,37.4766594,0,0,0,0,17700000,666666.6667,3,0,3,3,3,3,0,3,3,0,0,0,0,0,1,0,0,0,40,0,666666.6667,0,0,53,35.33333333,30.59956427,936.3333333,0,1,0,0,1,0,0,0,0,53,26.5,0,40,0,0,0,0,0,0,2,53,0,0,64240,-1,0,20,0,0,0,0,0,0,0,0,BENIGN
1349,998966,2,0,0,0,0,0,0,0,0,0,0,0,0,2.002070141,998966,0,998966,998966,998966,998966,0,998966,998966,0,0,0,0,0,0,0,0,0,40,0,2.002070141,0,0,0,0,0,0,0,0,0,0,1,0,0,0,0,0,0,0,40,0,0,0,0,0,0,2,0,0,0,5211,-1,0,20,0,0,0,0,0,0,0,0,BENIGN
1388,350,2,0,0,0,0,0,0,0,0,0,0,0,0,5714.285714,350,0,350,350,350,350,0,350,350,0,0,0,0,0,0,0,0,0,40,0,5714.285714,0,0,0,0,0,0,0,0,0,0,1,0,0,0,0,0,0,0,40,0,0,0,0,0,0,2,0,0,0,14467,-1,0,20,0,0,0,0,0,0,0,0,BENIGN
1322,532,2,0,0,0,0,0,0,0,0,0,0,0,0,3759.398496,532,0,532,532,532,532,0,532,532,0,0,0,0,0,0,0,0,0,40,0,3759.398496,0,0,0,0,0,0,0,0,0,0,1,0,0,0,0,0,0,0,40,0,0,0,0,0,0,2,0,0,0,19830,-1,0,20,0,0,0,0,0,0,0,0,BENIGN
53,60965,2,2,58,430,29,29,29,0,215,215,215,0,8004.592799,65.61141639,20321.66667,35153.99907,60914,3,3,3,0,3,3,48,48,0,48,48,0,0,0,0,40,64,32.80570819,32.80570819,29,215,103.4,101.8763957,10378.8,0,0,0,0,0,0,0,0,1,129.25,29,215,40,0,0,0,0,0,0,2,58,2,430,-1,-1,1,20,0,0,0,0,0,0,0,0,BENIGN
53,382,2,2,76,652,38,38,38,0,326,326,326,0,1905759.162,10471.20419,127.3333333,214.4862078,375,3,3,3,0,3,3,4,4,0,4,4,0,0,0,0,40,40,5235.602094,5235.602094,38,326,153.2,157.7440966,24883.2,0,0,0,0,0,0,0,0,1,191.5,38,326,40,0,0,0,0,0,0,2,76,2,652,-1,-1,1,20,0,0,0,0,0,0,0,0,BENIGN
443,116142474,21,19,808,5308,446,0,38.47619048,105.4303652,1460,0,279.3684211,510.5930333,52.65946031,0.34440458,2978012.154,4530562.982,10000000,3,116000000,5807123.7,4900991.959,10000000,3,111000000,6161967.5,4997574.646,10100000,153,0,0,0,0,432,524,0.180812405,0.163592176,0,1460,149.1707317,371.3708997,137916.3451,0,0,0,1,0,0,0,0,0,152.9,38.47619048,279.3684211,432,0,0,0,0,0,0,21,808,19,5308,8192,980,15,20,83893.41667,209353.1847,748674,23010,9594645.833,1383355.507,10000000,5203976,BENIGN
443,116555891,21,20,925,4111,453,0,44.04761905,111.9635995,1380,0,205.55,451.7611706,43.20673933,0.351762572,2913897.275,4472220.051,10000000,3,117000000,5827794.55,4919578.387,10100000,3,112000000,5879901.947,5080540.461,10100000,48,0,0,0,0,432,408,0.180171073,0.171591499,0,1380,119.9047619,327.9764871,107568.5761,0,0,0,1,0,0,0,0,0,122.8292683,44.04761905,205.55,432,0,0,0,0,0,0,21,925,20,4111,8192,5001,15,20,170402.8182,258553.3979,949965,91859,9985847.455,54540.10712,10000000,9821787,BENIGN
443,116308415,20,19,819,5275,454,0,40.95,109.6009388,1564,0,277.6315789,556.2640471,52.39517708,0.335315377,3060747.763,4577853.098,10000000,1,116000000,6121495.526,4855020.822,10000000,1,111000000,6153831.222,4996492.64,10000000,4,0,0,0,0,412,524,0.171956603,0.163358773,0,1564,152.35,404.0688282,163271.6179,0,0,0,1,0,0,0,0,0,156.2564103,40.95,277.6315789,412,0,0,0,0,0,0,20,819,19,5275,8192,980,15,20,62288.58333,135917.0582,493883,22911,9630079.25,1295574.339,10000000,5516124,BENIGN
1394,1,2,0,0,0,0,0,0,0,0,0,0,0,0,2000000,1,0,1,1,1,1,0,1,1,0,0,0,0,0,0,0,0,0,40,0,2000000,0,0,0,0,0,0,0,0,0,0,1,0,0,0,0,0,0,0,40,0,0,0,0,0,0,2,0,0,0,5054,-1,0,20,0,0,0,0,0,0,0,0,BENIGN
53,31514,2,2,88,226,44,44,44,0,113,113,113,0,9963.825601,126.9277147,10504.66667,18031.18,31325,1,188,188,0,188,188,1,1,0,1,1,0,0,0,0,40,64,63.46385733,63.46385733,44,113,71.6,37.79285647,1428.3,0,0,0,0,0,0,0,0,1,89.5,44,113,40,0,0,0,0,0,0,2,88,2,226,-1,-1,1,20,0,0,0,0,0,0,0,0,BENIGN
123,65971110,6,6,288,288,48,48,48,0,48,48,48,0,8.731094565,0.181897803,5997373.636,19200000,64000000,300,65900000,13200000,28400000,64000000,28532,65900000,13200000,28400000,64000000,28537,0,0,0,0,132,120,0.090948902,0.090948902,48,48,48,0,0,0,0,0,0,0,0,0,0,1,52,48,48,132,0,0,0,0,0,0,6,288,6,288,-1,-1,5,20,1972934,0,1972934,1972934,64000000,0,64000000,64000000,BENIGN
443,119856505,39,48,8838,15511,1481,0,226.6153846,362.7449166,1852,0,323.1458333,479.1328155,203.1512599,0.725867987,1393680.291,3277658.155,10000000,3,120000000,3153508.079,4370162.486,10000000,8700,120000000,2549645.596,4120335.024,10000000,3,0,0,0,0,804,1092,0.325389098,0.400478889,0,1852,276.6931818,429.753133,184687.7554,0,0,0,1,0,0,0,0,1,279.8735632,226.6153846,323.1458333,804,0,0,0,0,0,0,39,8838,48,15511,8192,1512,24,20,648586.4167,1456484.908,3797612,23003,9337522.5,1568329.744,10000000,5663967,BENIGN
443,110365757,20,21,2958,1757,913,0,147.9,303.3311375,580,0,83.66666667,167.4841286,42.72158438,0.371492038,2759143.925,4382592.853,10000000,1,110000000,5807243.421,4815264.428,10000000,23250,110000000,5517127.35,4868498.868,10000000,1,0,0,0,0,412,552,0.181215628,0.19027641,0,913,112.2619048,240.1412247,57667.80778,0,0,0,1,0,0,0,0,1,115,147.9,83.66666667,412,0,0,0,0,0,0,20,2958,21,1757,8192,1102,15,20,320144.5455,977628.2099,3267745,23026,9710548.636,983875.2642,10000000,6744054,BENIGN
443,116266389,20,18,959,5496,517,0,47.95,124.7449925,1460,0,305.3333333,556.854295,55.51905461,0.326835643,3142334.838,4563833.589,10000000,4,116000000,6119283.632,4880348.189,10100000,4,112000000,6581222.059,4947516.894,10100000,47,0,0,0,0,412,504,0.172018759,0.154816883,0,1460,165.5128205,404.6717235,163759.2038,0,0,0,1,0,0,0,0,0,169.8684211,47.95,305.3333333,412,0,0,0,0,0,0,20,959,18,5496,8192,510,15,20,186299.0909,221280.237,853482,119177,9984757,71659.71347,10000000,9769174,BENIGN
1394,999967,2,0,0,0,0,0,0,0,0,0,0,0,0,2.000066002,999967,0,999967,999967,999967,999967,0,999967,999967,0,0,0,0,0,0,0,0,0,40,0,2.000066002,0,0,0,0,0,0,0,0,0,0,1,0,0,0,0,0,0,0,40,0,0,0,0,0,0,2,0,0,0,5054,-1,0,20,0,0,0,0,0,0,0,0,BENIGN
1425,3,2,0,0,0,0,0,0,0,0,0,0,0,0,666666.6667,3,0,3,3,3,3,0,3,3,0,0,0,0,0,0,0,0,0,40,0,666666.6667,0,0,0,0,0,0,0,0,0,0,1,0,0,0,0,0,0,0,40,0,0,0,0,0,0,2,0,0,0,510,-1,0,20,0,0,0,0,0,0,0,0,BENIGN
443,117003049,22,21,1827,6494,645,0,83.04545455,190.1967596,1460,0,309.2380952,511.2632301,71.1178048,0.36751179,2785786.881,4403145.868,10000000,4,117000000,5571573.762,4940160.826,10100000,4,112000000,5598890.2,5101190.882,10100000,48,0,0,0,0,452,432,0.188029288,0.179482502,0,1460,189.1136364,390.9967713,152878.4752,0,0,0,1,0,0,0,0,0,193.5116279,83.04545455,309.2380952,452,0,0,0,0,0,0,22,1827,21,6494,8192,8760,16,20,197391.8182,353433.8663,1262816,87610,9982453.727,76180.21208,10000000,9752936,BENIGN
443,116342066,22,22,1840,6355,853,0,83.63636364,204.9026588,1460,0,288.8636364,549.4412136,70.43883852,0.378195106,2705629.442,4377500.299,10000000,2,116000000,5540098.381,4956506.516,10100000,3,112000000,5309729.429,5129258.714,10100000,2,0,0,0,0,452,444,0.189097553,0.189097553,0,1460,182.1111111,418.8323717,175420.5556,0,0,0,1,0,0,0,0,1,186.25,83.63636364,288.8636364,452,0,0,0,0,0,0,22,1840,22,6355,8192,40958,16,20,151635.2727,246398.6226,894555,77121,9985119.818,65905.0648,10000000,9787578,BENIGN
443,115726666,21,19,795,6300,429,0,37.85714286,102.4686712,1742,0,331.5789474,588.8684361,61.30825544,0.345642032,2967350.41,4529958.043,10000000,3,116000000,5786333.3,4920779.785,10000000,3,111000000,6139666.444,4997686.659,10000000,49,0,0,0,0,444,524,0.181462067,0.164179965,0,1742,173.0487805,428.4579297,183576.1976,0,0,0,1,0,0,0,0,0,177.375,37.85714286,331.5789474,444,0,0,0,0,0,0,21,795,19,6300,8192,123,15,20,61191.41667,104943.9129,394433,30769,9582697.167,1387526.891,10000000,5181404,BENIGN
1458,3,2,0,0,0,0,0,0,0,0,0,0,0,0,666666.6667,3,0,3,3,3,3,0,3,3,0,0,0,0,0,0,0,0,0,40,0,666666.6667,0,0,0,0,0,0,0,0,0,0,1,0,0,0,0,0,0,0,40,0,0,0,0,0,0,2,0,0,0,123,-1,0,20,0,0,0,0,0,0,0,0,BENIGN
1453,233,2,0,0,0,0,0,0,0,0,0,0,0,0,8583.690987,233,0,233,233,233,233,0,233,233,0,0,0,0,0,0,0,0,0,40,0,8583.690987,0,0,0,0,0,0,0,0,0,0,1,0,0,0,0,0,0,0,40,0,0,0,0,0,0,2,0,0,0,40905,-1,0,20,0,0,0,0,0,0,0,0,BENIGN
1434,5221,3,0,0,0,0,0,0,0,0,0,0,0,0,574.6025666,2610.5,3686.14765,5217,4,5221,2610.5,3686.14765,5217,4,0,0,0,0,0,0,0,0,0,60,0,574.6025666,0,0,0,0,0,0,0,0,0,0,1,0,0,0,0,0,0,0,60,0,0,0,0,0,0,3,0,0,0,8760,-1,0,20,0,0,0,0,0,0,0,0,BENIGN
443,115705065,20,19,731,5914,370,0,36.55,92.98527048,1336,0,311.2631579,547.3791944,57.43050229,0.337063896,3044870.132,4556639.062,10000000,4,116000000,6089740.263,4900073.953,10100000,4,111000000,6180957,5034700.808,10100000,48,0,0,0,0,412,524,0.17285328,0.164210616,0,1336,166.125,402.5921896,162080.4712,0,0,0,1,0,0,0,0,0,170.3846154,36.55,311.2631579,412,0,0,0,0,0,0,20,731,19,5914,8192,5680,15,20,108192.3636,100543.0722,411341,77721,10000000,7658.090251,10000000,9999552,BENIGN
1495,6106,2,0,0,0,0,0,0,0,0,0,0,0,0,327.5466754,6106,0,6106,6106,6106,6106,0,6106,6106,0,0,0,0,0,0,0,0,0,40,0,327.5466754,0,0,0,0,0,0,0,0,0,0,1,0,0,0,0,0,0,0,40,0,0,0,0,0,0,2,0,0,0,5680,-1,0,20,0,0,0,0,0,0,0,0,BENIGN
123,62016609,2,2,96,96,48,48,48,0,48,48,48,0,3.09594483,0.064498851,20700000,35800000,62000000,16486,62000000,62000000,0,62000000,62000000,62000000,62000000,0,62000000,62000000,0,0,0,0,40,52,0.032249425,0.032249425,48,48,48,0,0,0,0,0,0,0,0,0,0,1,60,48,48,40,0,0,0,0,0,0,2,96,2,96,-1,-1,1,20,16486,0,16486,16486,62000000,0,62000000,62000000,BENIGN
443,110454406,21,23,1689,5910,472,0,80.42857143,163.5468041,1460,0,256.9565217,470.6554886,68.79761772,0.398354412,2568707.116,4347541.63,10000000,10,110000000,5521575.5,4984836.046,10000000,11255,110000000,5019601.364,5057598.521,10000000,47,0,0,0,0,432,592,0.190123697,0.208230716,0,1460,168.8666667,362.4272717,131353.5273,0,0,0,1,0,0,0,0,1,172.7045455,80.42857143,256.9565217,432,0,0,0,0,0,0,21,1689,23,5910,8192,1047,15,20,147396.3636,315978.1567,1048312,22900,9891831.818,319651.3708,10000000,8944195,BENIGN
80,112277572,17,17,875,4998,434,0,51.47058824,143.2284529,2497,0,294,706.2611946,52.3078643,0.302820941,3402350.667,4751795.828,10000000,108,112000000,7015903.063,4627778.985,10000000,24251,112000000,7015842.938,4634594.936,10000000,163,0,0,0,0,352,484,0.15141047,0.15141047,0,2497,167.8,509.8462167,259943.1647,0,0,0,1,0,0,0,0,1,172.7352941,51.47058824,294,352,0,0,0,0,0,0,17,875,17,4998,8192,980,13,20,198501.9091,536899.7795,1812413,22929,10000000,5090.05222,10000000,9991809,BENIGN
80,112293046,17,18,875,4998,434,0,51.47058824,143.2284529,1460,0,277.6666667,544.19244,52.30065627,0.311684483,3302736.647,4717286.275,10000000,47,112000000,7016871.063,4630876.824,10000000,24177,112000000,6604063,4802124.866,10000000,47,0,0,0,0,352,504,0.151389606,0.160294877,0,1460,163.1388889,408.39065,166782.923,0,0,0,1,0,0,0,0,1,167.8,51.47058824,277.6666667,352,0,0,0,0,0,0,17,875,18,4998,8192,980,13,20,197604.9091,551590.2181,1858981,22949,10000000,2499.744267,10000000,10000000,BENIGN
443,115758606,66,61,858,68318,481,0,13,65.78145635,2836,0,1119.967213,632.3248365,597.5883987,1.097110655,918719.0952,2855632.407,10000000,2,116000000,1780901.631,3806559.721,10000000,34,111000000,1847590.733,3917390.577,10000000,2,0,0,0,0,2120,1960,0.570151994,0.526958661,0,2836,540.4375,706.6117417,499300.1535,0,0,0,1,0,0,0,0,0,544.6929134,13,1119.967213,2120,0,0,0,0,0,0,66,858,61,68318,29200,357,4,32,68833,104649.4941,384363,37123,10000000,4424.48196,10000000,9996140,BENIGN
443,116414161,23,19,773,5004,393,0,33.60869565,93.08927247,1418,0,263.3684211,489.0914718,49.62454697,0.36078085,2839369.78,4475996.421,10000000,4,116000000,5291552.773,4993659.438,10100000,4,111000000,6164452.444,5010074.624,10100000,4,0,0,0,0,744,616,0.197570466,0.163210385,0,1418,134.3488372,347.2399255,120575.5659,0,0,0,1,0,0,0,0,0,137.547619,33.60869565,263.3684211,744,0,0,0,0,0,0,23,773,19,5004,29200,357,4,32,72710.75,124620.231,468433,36560,9628467.167,1326260.975,10000000,5417074,BENIGN
443,5043448,3,1,32,0,31,0,10.66666667,17.61628035,0,0,0,0,6.344865655,0.793108207,1681149.333,2891676.639,5020143,44,5043448,2521724,3566194.056,5043404,44,0,0,0,0,0,0,0,0,0,60,32,0.594831155,0.198277052,0,31,6.6,13.6491758,186.3,0,0,0,0,1,0,0,0,0,8.25,10.66666667,0,60,0,0,0,0,0,0,3,32,1,0,256,1102,1,20,23261,0,23261,23261,5020143,0,5020143,5020143,BENIGN
443,116821421,22,17,1070,5002,469,0,48.63636364,124.5428002,2760,0,294.2352941,730.7934497,51.97676888,0.333842883,3074247.921,4541165.135,10000000,3,117000000,5562924.81,4929331.411,10100000,3,112000000,6986073.5,4725916.583,10100000,195,0,0,0,0,452,352,0.188321626,0.145521257,0,2760,151.8,492.839767,242891.0359,0,0,0,1,0,0,0,0,0,155.6923077,48.63636364,294.2352941,452,0,0,0,0,0,0,22,1070,17,5002,8192,5146,15,20,175653.7273,367476.2,1283636,64576,9985963.727,63218.85176,10000000,9796818,BENIGN
443,116705852,23,23,1336,4973,526,0,58.08695652,143.3003562,1460,0,216.2173913,456.2065876,54.05898583,0.394153328,2593463.378,4309520.004,10000000,3,117000000,5304811.455,4944547.594,10100000,3,112000000,5084766.455,5099965.795,10100000,48,0,0,0,0,472,468,0.197076664,0.197076664,0,1460,134.2340426,340.6029955,116010.4006,0,0,0,1,0,0,0,0,1,137.1521739,58.08695652,216.2173913,472,0,0,0,0,0,0,23,1336,23,4973,8192,5674,16,20,184793.0909,413979.7936,1432989,59740,9984729.364,73034.81189,10000000,9765578,BENIGN
443,5059872,3,1,32,0,31,0,10.66666667,17.61628035,0,0,0,0,6.324270653,0.790533832,1686624,2901374.095,5036816,47,5059872,2529936,3577803.335,5059825,47,0,0,0,0,0,0,0,0,0,60,32,0.592900374,0.197633458,0,31,6.6,13.6491758,186.3,0,0,0,0,1,0,0,0,0,8.25,10.66666667,0,60,0,0,0,0,0,0,3,32,1,0,253,1512,1,20,23009,0,23009,23009,5036816,0,5036816,5036816,BENIGN
443,5929145,9,6,350,3045,193,0,38.88888889,71.12918607,1483,0,507.5,747.09484,572.5952055,2.529875724,423510.3571,1428494.644,5381964,41,5929145,741143.125,1877752.343,5381964,49,462353,92470.6,115944.0192,284813,216,0,0,0,0,192,124,1.517925434,1.01195029,0,1483,212.1875,494.6244661,244653.3625,0,0,0,1,0,0,0,0,0,226.3333333,38.88888889,507.5,192,0,0,0,0,0,0,9,350,6,3045,8192,30016,3,20,547132,0,547132,547132,5381964,0,5381964,5381964,BENIGN
443,5988408,8,6,356,3694,199,0,44.5,76.15397935,1460,0,615.6666667,682.7174135,676.3066244,2.33785006,460646.7692,1570444.7,5684206,48,5988408,855486.8571,2130870.147,5684206,48,71564,14312.8,18061.1258,37393,49,0,0,0,0,172,132,1.33591432,1.00193574,0,1460,270,504.814393,254837.5714,0,0,0,1,0,0,0,0,0,289.2857143,44.5,615.6666667,172,0,0,0,0,0,0,8,356,6,3694,8192,119,3,20,304154,0,304154,304154,5684206,0,5684206,5684206,BENIGN
1540,3,2,0,0,0,0,0,0,0,0,0,0,0,0,666666.6667,3,0,3,3,3,3,0,3,3,0,0,0,0,0,0,0,0,0,40,0,666666.6667,0,0,0,0,0,0,0,0,0,0,1,0,0,0,0,0,0,0,40,0,0,0,0,0,0,2,0,0,0,5705,-1,0,20,0,0,0,0,0,0,0,0,BENIGN
1536,4,2,0,0,0,0,0,0,0,0,0,0,0,0,500000,4,0,4,4,4,4,0,4,4,0,0,0,0,0,0,0,0,0,40,0,500000,0,0,0,0,0,0,0,0,0,0,1,1,0,0,0,0,0,0,40,0,0,0,0,0,0,2,0,0,0,5199,-1,0,20,0,0,0,0,0,0,0,0,BENIGN
1647,3,2,0,31,0,31,0,15.5,21.92031022,0,0,0,0,10300000,666666.6667,3,0,3,3,3,3,0,3,3,0,0,0,0,0,1,0,0,0,40,0,666666.6667,0,0,31,20.66666667,17.89785834,320.3333333,0,1,0,0,1,0,0,0,0,31,15.5,0,40,0,0,0,0,0,0,2,31,0,0,30016,-1,0,20,0,0,0,0,0,0,0,0,BENIGN
80,115862737,16,14,441,1780,430,0,27.5625,107.3175778,1780,0,127.1428571,475.7250106,19.16923471,0.258927079,3995266.793,4882406.757,10000000,50,116000000,7724182.467,4142907.89,10000000,23314,110000000,8497216.154,3740795.722,10000000,2957,0,0,0,0,332,424,0.138094442,0.120832637,0,1780,71.64516129,326.3018591,106472.9032,0,0,0,1,0,0,0,0,0,74.03333333,27.5625,127.1428571,332,0,0,0,0,0,0,16,441,14,1780,8192,946,12,20,35601.90909,41456.08656,160596,22910,10000000,3551.818402,10000000,9995870,BENIGN
1540,999965,2,0,0,0,0,0,0,0,0,0,0,0,0,2.000070002,999965,0,999965,999965,999965,999965,0,999965,999965,0,0,0,0,0,0,0,0,0,40,0,2.000070002,0,0,0,0,0,0,0,0,0,0,1,0,0,0,0,0,0,0,40,0,0,0,0,0,0,2,0,0,0,5705,-1,0,20,0,0,0,0,0,0,0,0,BENIGN
123,64005425,4,4,192,192,48,48,48,0,48,48,48,0,5.999491449,0.124989405,9143632.143,24200000,64000000,4,64000000,21300000,37000000,64000000,4,64000000,21300000,37000000,64000000,47,0,0,0,0,104,104,0.062494703,0.062494703,48,48,48,0,0,0,0,0,0,0,0,0,0,1,54,48,48,104,0,0,0,0,0,0,4,192,4,192,-1,-1,3,20,144,0,144,144,64000000,0,64000000,64000000,BENIGN
80,115085270,21,17,1679,7065,417,0,79.95238095,167.5301394,1767,0,415.5882353,772.2704399,75.97844624,0.330189954,3110412.703,4566658.932,10000000,12,115000000,5753119,4874041.987,10000000,23339,115000000,7191379.125,4371037.512,10000000,2671,0,0,0,0,432,484,0.182473396,0.147716558,0,1767,224.2051282,543.228031,295096.6937,0,0,0,1,0,0,0,0,0,230.1052632,79.95238095,415.5882353,432,0,0,0,0,0,0,21,1679,17,7065,8192,1047,15,20,452690.9091,1424896.672,4748916,22879,10000000,498.0125227,10000000,10000000,BENIGN
443,115309291,20,19,830,6195,477,0,41.5,113.3594655,1460,0,326.0526316,570.8401677,60.92310463,0.338220794,3034455.026,4573560.227,10000000,4,115000000,6068910.053,4889201.112,10000000,4,111000000,6139016.5,5024605.847,10000000,92,0,0,0,0,412,524,0.173446561,0.164774233,0,1460,175.625,421.541292,177697.0609,0,0,0,1,0,0,0,0,0,180.1282051,41.5,326.0526316,412,0,0,0,0,0,0,20,830,19,6195,8192,123,15,20,41112.90909,37720.0952,154837,29417,10000000,6497.719884,10000000,9999907,BENIGN
123,64007212,4,4,192,192,48,48,48,0,48,48,48,0,5.999323951,0.124985916,9143887.429,24200000,64000000,3,64000000,21300000,37000000,64000000,3,64000000,21300000,37000000,64000000,3,0,0,0,0,80,80,0.062492958,0.062492958,48,48,48,0,0,0,0,0,0,0,0,0,0,1,54,48,48,80,0,0,0,0,0,0,4,192,4,192,-1,-1,3,20,94,0,94,94,64000000,0,64000000,64000000,BENIGN
80,22965,1,1,0,0,0,0,0,0,0,0,0,0,0,87.08904855,22965,0,22965,22965,0,0,0,0,0,0,0,0,0,0,0,0,0,0,20,20,43.54452428,43.54452428,0,0,0,0,0,0,0,0,0,1,1,0,0,1,0,0,0,20,0,0,0,0,0,0,1,0,1,0,256,1047,0,20,0,0,0,0,0,0,0,0,BENIGN
1585,1001,2,0,0,0,0,0,0,0,0,0,0,0,0,1998.001998,1001,0,1001,1001,1001,1001,0,1001,1001,0,0,0,0,0,0,0,0,0,40,0,1998.001998,0,0,0,0,0,0,0,0,0,0,1,0,0,0,0,0,0,0,40,0,0,0,0,0,0,2,0,0,0,123,-1,0,20,0,0,0,0,0,0,0,0,BENIGN
443,78207207,46,70,3191,10837,737,0,69.36956522,116.5226461,1430,0,154.8142857,276.9300279,179.3696583,1.483239262,680062.6696,5524339.942,58900000,1,78200000,1737937.933,8799667.439,59000000,540,78000000,1130056.217,7122588.588,58900000,1,0,0,0,0,932,1412,0.588181087,0.895058175,0,1430,119.8974359,229.6882214,52756.67905,0,0,0,1,0,0,0,0,1,120.9310345,69.36956522,154.8142857,932,0,0,0,0,0,0,46,3191,70,10837,8192,409,28,20,6151242,4537371.279,9359648,2942836,32800000,36900000,58900000,6774488,BENIGN
443,110852984,105,150,9125,252330,1307,0,86.9047619,291.7695852,4254,0,1682.2,955.6187426,2358.574308,2.30034403,436429.0709,2016439.207,10000000,1,111000000,1065543.587,3060464.327,10000000,1,111000000,743466.3826,2604731.112,10100000,1,1,0,0,0,3360,4800,0.947200483,1.353143547,0,4254,1026.398437,1088.599167,1185048.147,0,1,0,0,1,0,0,0,1,1030.423529,86.9047619,1682.2,3360,0,0,0,0,0,0,105,9125,150,252330,4217,672,8,32,183686.3636,253899.7126,650597,36253,9890543.909,270145.9255,10000000,9340496,BENIGN
443,110366291,253,406,4104,701891,1370,0,16.22134387,148.373558,4254,0,1728.795567,760.4067463,6396.835425,5.971026063,167729.9255,1277767.927,10000000,0,110000000,437815.2421,2044077.985,10000000,1,110000000,272417.9259,1626835.576,10000000,1,1,0,0,0,8096,12992,2.292366607,3.678659456,0,4254,1071.759091,1028.401062,1057608.745,0,1,0,0,1,0,0,0,1,1073.385432,16.22134387,1728.795567,8096,0,0,0,0,0,0,253,4104,406,701891,2610,529,2,32,70812.90909,58418.94394,164069,36609,9959136.273,112365.3027,10000000,9727023,BENIGN
443,4774900,3,1,32,0,31,0,10.66666667,17.61628035,0,0,0,0,6.701711031,0.837713879,1591633.333,2736962.75,4751978,3,4774900,2387450,3376359.927,4774897,3,0,0,0,0,0,0,0,0,0,60,32,0.628285409,0.20942847,0,31,6.6,13.6491758,186.3,0,0,0,0,1,0,0,0,0,8.25,10.66666667,0,60,0,0,0,0,0,0,3,32,1,0,255,1047,1,20,0,0,0,0,0,0,0,0,BENIGN
80,15180212,3,2,2,0,1,0,0.666666667,0.577350269,0,0,0,0,0.131750466,0.329376164,3795053,4786694.381,10000000,30998,15200000,7590106,3473565.896,10000000,5133924,10000000,10000000,0,10000000,10000000,0,0,0,0,60,64,0.197625699,0.131750466,0,1,0.5,0.547722558,0.3,0,0,0,0,1,0,0,0,0,0.6,0.666666667,0,60,0,0,0,0,0,0,3,2,2,0,256,156,1,20,30998,0,30998,30998,10000000,0,10000000,10000000,BENIGN
80,15180272,3,2,2,0,1,0,0.666666667,0.577350269,0,0,0,0,0.131749945,0.329374862,3795068,4781426.668,9999710,30898,15200000,7590136,3451569.218,10000000,5149508,10000000,10000000,0,10000000,10000000,0,0,0,0,60,64,0.197624917,0.131749945,0,1,0.5,0.547722558,0.3,0,0,0,0,1,0,0,0,0,0.6,0.666666667,0,60,0,0,0,0,0,0,3,2,2,0,256,156,1,20,31054,0,31054,31054,9999710,0,9999710,9999710,BENIGN
443,116240357,21,20,896,5503,540,0,42.66666667,123.6047464,1460,0,275.15,484.8653937,55.04972769,0.35271743,2906008.925,4501204.472,10000000,3,116000000,5812017.85,4906006.329,10000000,3,111000000,5823075.263,5042635.744,10000000,49,0,0,0,0,456,544,0.180660147,0.172057283,0,1460,152.3571429,361.2243287,130483.0157,0,0,0,1,0,0,0,0,0,156.0731707,42.66666667,275.15,456,0,0,0,0,0,0,21,896,20,5503,8192,980,15,20,68995.33333,158435.3467,572094,22891,9617700.833,1273949.073,10000000,5578740,BENIGN
53,256,2,2,68,132,34,34,34,0,66,66,66,0,781250,15625,85.33333333,141.740373,249,3,4,4,0,4,4,3,3,0,3,3,0,0,0,0,64,64,7812.5,7812.5,34,66,46.8,17.52712184,307.2,0,0,0,0,0,0,0,0,1,58.5,34,66,64,0,0,0,0,0,0,2,68,2,132,-1,-1,1,32,0,0,0,0,0,0,0,0,BENIGN
80,110595913,18,15,1305,2238,435,0,72.5,166.8148851,746,0,149.2,308.8733444,32.03554186,0.29838354,3456122.281,4779691.607,10000000,43,111000000,6503495.824,4860229.671,10100000,3392,111000000,7897085.714,4167444.048,10100000,20342,0,0,0,0,584,488,0.162754658,0.135628882,0,746,104.2058824,237.921655,56606.7139,0,0,0,1,0,0,0,0,0,107.3636364,72.5,149.2,584,0,0,0,0,0,0,18,1305,15,2238,29200,357,3,32,97437.81818,195504.2092,686619,36335,9953419.364,189669.1994,10000000,9381705,BENIGN
80,4915220,2,1,1,0,1,0,0.5,0.707106781,0,0,0,0,0.203449693,0.610349079,2457610,3443130.606,4892271,22949,4915220,4915220,0,4915220,4915220,0,0,0,0,0,0,0,0,0,40,32,0.406899386,0.203449693,0,1,0.5,0.577350269,0.333333333,0,0,0,0,1,0,0,0,0,0.666666667,0.5,0,40,0,0,0,0,0,0,2,1,1,0,256,980,0,20,0,0,0,0,0,0,0,0,BENIGN
443,116194076,21,22,740,5871,373,0,35.23809524,92.0602546,1460,0,266.8636364,531.6351502,56.89618806,0.370070502,2766525.619,4425685.221,10000000,3,116000000,5809703.8,4906985.71,10000000,3,111000000,5276674.095,5124424.31,10000000,49,0,0,0,0,432,448,0.180732105,0.189338396,0,1460,150.25,394.8619497,155915.9593,0,0,0,1,0,0,0,0,1,153.744186,35.23809524,266.8636364,432,0,0,0,0,0,0,21,740,22,5871,8192,5078,15,20,88527,174989.1543,644192,37807,9594312.417,1340704.309,10000000,5345155,BENIGN
443,116028842,20,19,815,5311,457,0,40.75,109.6851355,1460,0,279.5263158,532.8291751,52.79721744,0.336123324,3053390.579,4566282.617,10000000,2,116000000,6106781.158,4842358.096,10000000,3,111000000,6146948.389,5009704.498,10000000,2,0,0,0,0,412,524,0.172370935,0.163752388,0,1460,153.15,389.5588926,151756.1308,0,0,0,1,0,0,0,0,0,157.0769231,40.75,279.5263158,412,0,0,0,0,0,0,20,815,19,5311,8192,980,15,20,68747.91667,158588.5155,572334,22815,9600322,1337013.383,10000000,5360500,BENIGN
443,115424958,21,19,721,5737,360,0,34.33333333,89.14669558,1833,0,301.9473684,587.8831586,55.94977128,0.346545502,2959614.308,4529847.734,10000000,3,115000000,5771247.9,4921438.835,10000000,3,110000000,6137648.778,4995547.275,10000000,50,0,0,0,0,444,524,0.181936388,0.164609113,0,1833,157.5121951,421.8908106,177991.8561,0,0,0,1,0,0,0,0,0,161.45,34.33333333,301.9473684,444,0,0,0,0,0,0,21,721,19,5737,8192,131,15,20,57044.27273,110769.2453,391026,23457,9986410.545,68605.28674,10000000,9779558,BENIGN
80,4900299,2,1,1,0,1,0,0.5,0.707106781,0,0,0,0,0.20406918,0.612207541,2450149.5,3432247.526,4877115,23184,4900299,4900299,0,4900299,4900299,0,0,0,0,0,0,0,0,0,40,32,0.408138361,0.20406918,0,1,0.5,0.577350269,0.333333333,0,0,0,0,1,0,0,0,0,0.666666667,0.5,0,40,0,0,0,0,0,0,2,1,1,0,256,980,0,20,0,0,0,0,0,0,0,0,BENIGN
443,115951885,21,20,825,6292,462,0,39.28571429,108.606235,1460,0,314.6,555.1671536,61.37890729,0.353594942,2898797.125,4491834.436,10000000,48,116000000,5797594.25,4897515.861,10000000,48,111000000,5826751.526,5032162.15,10000000,243,0,0,0,0,444,544,0.181109604,0.172485337,0,1460,169.452381,410.1691622,168238.7416,0,0,0,1,0,0,0,0,0,173.5853659,39.28571429,314.6,444,0,0,0,0,0,0,21,825,20,6292,8192,980,15,20,79584.33333,195288.9627,699710,23085,9583068.75,1376745.66,10000000,5220268,BENIGN
1621,48,2,0,0,0,0,0,0,0,0,0,0,0,0,41666.66667,48,0,48,48,48,48,0,48,48,0,0,0,0,0,0,0,0,0,40,0,41666.66667,0,0,0,0,0,0,0,0,0,0,1,0,0,0,0,0,0,0,40,0,0,0,0,0,0,2,0,0,0,131,-1,0,20,0,0,0,0,0,0,0,0,BENIGN
1604,10,2,0,0,0,0,0,0,0,0,0,0,0,0,200000,10,0,10,10,10,10,0,10,10,0,0,0,0,0,0,0,0,0,40,0,200000,0,0,0,0,0,0,0,0,0,0,1,0,0,0,0,0,0,0,40,0,0,0,0,0,0,2,0,0,0,5109,-1,0,20,0,0,0,0,0,0,0,0,BENIGN
443,119578193,29,19,9274,6490,935,0,319.7931034,448.6153602,649,0,341.5789474,332.9299753,131.830057,0.401410983,2544216.872,4142741.448,10000000,20,120000000,4270649.75,4671345.709,10100000,52829,120000000,6640282.222,4268430.675,10100000,207740,1,0,0,0,928,608,0.242519136,0.158891847,0,935,340.6122449,407.8804367,166366.4507,0,1,0,0,1,0,0,0,0,347.7083333,319.7931034,341.5789474,928,0,0,0,0,0,0,29,9274,19,6490,905,742,9,32,489364.5,828282.7575,2092660,36662,9470980.5,996431.5824,10000000,7432522,BENIGN
443,5467032,9,7,349,4265,192,0,38.77777778,70.85862294,1460,0,609.2857143,648.4655515,843.9679885,2.926633684,364468.8,1318997.796,5128342,4,5467032,683379,1797886.93,5128342,4,307344,51224,91480.70888,235040,57,0,0,0,0,204,152,1.646231447,1.280402237,0,1460,271.4117647,495.1676558,245191.0074,0,0,0,1,0,0,0,0,0,288.375,38.77777778,609.2857143,204,0,0,0,0,0,0,9,349,7,4265,8192,119,3,20,338686,0,338686,338686,5128342,0,5128342,5128342,BENIGN
443,110404396,15,13,1839,1298,920,0,122.6,323.5406356,649,0,99.84615385,243.7214415,28.41372367,0.25361309,4089051.704,4963819.113,10000000,52,110000000,7883361.071,4194277.086,10000000,53257,110000000,9197262.417,2787843.165,10100000,359268,0,0,0,0,480,416,0.135864155,0.117748935,0,920,108.1724138,279.9251263,78358.07635,0,0,0,0,1,0,0,0,0,112.0357143,122.6,99.84615385,480,0,0,0,0,0,0,15,1839,13,1298,267,447,2,32,71330.54545,107976.2768,396567,37056,9962038.091,172652.6157,10000000,9441971,BENIGN
123,64094256,2,2,96,96,48,48,48,0,48,48,48,0,2.995588247,0.062408088,21400000,36800000,63900000,93920,64000000,64000000,0,64000000,64000000,64000000,64000000,0,64000000,64000000,0,0,0,0,52,52,0.031204044,0.031204044,48,48,48,0,0,0,0,0,0,0,0,0,0,1,60,48,48,52,0,0,0,0,0,0,2,96,2,96,-1,-1,1,20,93920,0,93920,93920,63900000,0,63900000,63900000,BENIGN
53,8916132,4,4,186,250,49,44,46.5,2.886751346,65,60,62.5,2.886751346,48.90012844,0.897250063,1273733.143,3369833.412,8915797,3,8916001,2972000.333,5147607.946,8915946,3,8915983,2971994.333,5147600.152,8915931,3,0,0,0,0,80,80,0.448625032,0.448625032,44,65,53.88888889,8.579691784,73.61111111,0,0,0,0,0,0,0,0,1,60.625,46.5,62.5,80,0,0,0,0,0,0,4,186,4,250,-1,-1,3,20,152,0,152,152,8915797,0,8915797,8915797,BENIGN
53,8646839,2,2,92,242,55,37,46,12.72792206,122,120,121,1.414213562,38.6268323,0.462596794,2882279.667,4939126.779,8585492,30281,8616558,8616558,0,8616558,8616558,8615773,8615773,0,8615773,8615773,0,0,0,0,40,40,0.231298397,0.231298397,37,122,77.8,40.12106679,1609.7,0,0,0,0,0,0,0,0,1,97.25,46,121,40,0,0,0,0,0,0,2,92,2,242,-1,-1,1,20,31066,0,31066,31066,8585492,0,8585492,8585492,BENIGN
123,64006542,4,4,192,192,48,48,48,0,48,48,48,0,5.99938675,0.124987224,9143791.714,24200000,64000000,3,64000000,21300000,37000000,64000000,3,64000000,21300000,37000000,64000000,3,0,0,0,0,80,80,0.062493612,0.062493612,48,48,48,0,0,0,0,0,0,0,0,0,0,1,54,48,48,80,0,0,0,0,0,0,4,192,4,192,-1,-1,3,20,151,0,151,151,64000000,0,64000000,64000000,BENIGN
138,55,12,0,2796,0,233,233,233,0,0,0,0,0,50800000,218181.8182,5,10.04987562,35,1,55,5,10.04987562,35,1,0,0,0,0,0,0,0,0,0,240,0,218181.8182,0,233,233,233,0,0,0,0,0,0,0,0,0,0,0,252.4166667,233,0,240,0,0,0,0,0,0,12,2796,0,0,-1,-1,11,20,0,0,0,0,0,0,0,0,BENIGN
123,65094342,2,2,96,96,48,48,48,0,48,48,48,0,2.94956511,0.061449273,21700000,37400000,64900000,93966,65000000,65000000,0,65000000,65000000,65000000,65000000,0,65000000,65000000,0,0,0,0,64,52,0.030724637,0.030724637,48,48,48,0,0,0,0,0,0,0,0,0,0,1,60,48,48,64,0,0,0,0,0,0,2,96,2,96,-1,-1,1,32,93966,0,93966,93966,64900000,0,64900000,64900000,BENIGN
443,119595123,24,25,13143,800,2920,0,547.625,1015.639221,156,0,32,62.49333298,116.5850216,0.409715704,2491565.063,4269198.355,10000000,3,120000000,5199787.957,4998082.572,10100000,35,120000000,4979561.625,5047408.052,10100000,3,0,0,0,0,492,504,0.200677079,0.209038624,0,2920,278.86,744.4166326,554156.1229,0,0,0,1,0,0,0,0,1,284.5510204,547.625,32,492,0,0,0,0,0,0,24,13143,25,800,8192,55480,18,20,170150.5,235467.4508,893014,85235,9796086.667,503185.239,10000000,8246612,BENIGN
443,110583870,26,27,21734,3812,4272,0,835.9230769,1392.57442,1521,0,141.1851852,393.7552966,231.0101826,0.479274238,2126612.885,4033390.265,10000000,3,110000000,4419940.24,4965943.286,10100000,49,110000000,4249939.885,4988650.902,10100000,3,0,0,0,0,532,672,0.235115664,0.244158574,0,4272,473.0740741,1056.281406,1115730.41,0,0,0,1,0,0,0,0,1,482,835.9230769,141.1851852,532,0,0,0,0,0,0,26,21734,27,3812,8192,281,20,20,217898.7273,373995.3886,1330323,85122,9827420,468504.4125,10000000,8438188,BENIGN
443,110653065,24,27,22342,3812,4552,0,930.9166667,1605.293713,1521,0,141.1851852,393.7552966,236.3603756,0.460900021,2213061.3,4098059.71,10000000,4,111000000,4807290.739,5007217.838,10100000,49,111000000,4252597.192,4997547.679,10100000,4,0,0,0,0,492,544,0.216894128,0.244005894,0,4552,502.9615385,1183.909012,1401640.548,0,0,0,1,0,0,0,0,1,512.8235294,930.9166667,141.1851852,492,0,0,0,0,0,0,24,22342,27,3812,8192,64240,19,20,208586.8182,343844.4909,1227922,85386,9843021.091,423734.9151,10000000,8589626,BENIGN
443,378361,2,2,1,31,1,0,0.5,0.707106781,31,0,15.5,21.92031022,84.57531299,10.57191412,126120.3333,150556.79,292906,251,378361,378361,0,378361,378361,292906,292906,0,292906,292906,0,0,0,0,40,52,5.285957062,5.285957062,0,31,6.6,13.6491758,186.3,0,0,0,0,1,0,0,0,1,8.25,0.5,15.5,40,0,0,0,0,0,0,2,1,2,31,253,281,0,20,0,0,0,0,0,0,0,0,BENIGN
443,191605,2,2,1,31,1,0,0.5,0.707106781,31,0,15.5,21.92031022,167.0102555,20.87628193,63868.33333,56084.57519,105810,164,191605,191605,0,191605,191605,105810,105810,0,105810,105810,0,0,0,0,40,40,10.43814097,10.43814097,0,31,6.6,13.6491758,186.3,0,0,0,0,1,0,0,0,1,8.25,0.5,15.5,40,0,0,0,0,0,0,2,1,2,31,63409,64240,0,20,0,0,0,0,0,0,0,0,BENIGN
443,2494816,9,11,703,3950,267,0,78.11111111,103.3022803,1448,0,359.0909091,569.9183195,1865.067404,8.01662327,131306.1053,241177.1556,898066,4,1943475,242934.375,370455.7687,993127,182,2399469,239946.9,300249.0038,898066,4,0,0,0,0,296,360,3.607480472,4.409142799,0,1448,221.5714286,434.4990876,188789.4571,0,0,0,1,0,0,0,0,1,232.65,78.11111111,359.0909091,296,0,0,0,0,0,0,9,703,11,3950,29200,252,4,32,0,0,0,0,0,0,0,0,BENIGN
123,66000126,4,4,192,192,48,48,48,0,48,48,48,0,5.818170711,0.12121189,9428589.429,24900000,66000000,3,66000000,22000000,38100000,66000000,3,66000000,22000000,38100000,66000000,3,0,0,0,0,104,104,0.060605945,0.060605945,48,48,48,0,0,0,0,0,0,0,0,0,0,1,54,48,48,104,0,0,0,0,0,0,4,192,4,192,-1,-1,3,20,174,0,174,174,66000000,0,66000000,66000000,BENIGN
443,3006095,9,10,703,3950,267,0,78.11111111,103.3022803,2896,0,395,900.5946184,1547.855274,6.3204922,167005.2778,319823.079,1167246,4,2417180,302147.5,481806.371,1262434,101,2910784,323420.4444,404813.5952,1167246,4,0,0,0,0,296,328,2.993917358,3.326574842,0,2896,232.65,645.5372528,416718.3447,0,0,0,1,0,0,0,0,1,244.8947368,78.11111111,395,296,0,0,0,0,0,0,9,703,10,3950,29200,252,4,32,0,0,0,0,0,0,0,0,BENIGN
123,66028041,2,2,96,96,48,48,48,0,48,48,48,0,2.907855467,0.060580322,22000000,38100000,66000000,27654,66000000,66000000,0,66000000,66000000,66000000,66000000,0,66000000,66000000,0,0,0,0,64,64,0.030290161,0.030290161,48,48,48,0,0,0,0,0,0,0,0,0,0,1,60,48,48,64,0,0,0,0,0,0,2,96,2,96,-1,-1,1,32,27654,0,27654,27654,66000000,0,66000000,66000000,BENIGN
123,66000227,4,4,192,192,48,48,48,0,48,48,48,0,5.818161807,0.121211704,9428603.857,24900000,66000000,3,66000000,22000000,38100000,66000000,3,66000000,22000000,38100000,66000000,49,0,0,0,0,104,104,0.060605852,0.060605852,48,48,48,0,0,0,0,0,0,0,0,0,0,1,54,48,48,104,0,0,0,0,0,0,4,192,4,192,-1,-1,3,20,189,0,189,189,66000000,0,66000000,66000000,BENIGN
123,68016110,2,2,96,96,48,48,48,0,48,48,48,0,2.822860643,0.058809597,22700000,39200000,68000000,16186,68000000,68000000,0,68000000,68000000,68000000,68000000,0,68000000,68000000,0,0,0,0,52,52,0.029404798,0.029404798,48,48,48,0,0,0,0,0,0,0,0,0,0,1,60,48,48,52,0,0,0,0,0,0,2,96,2,96,-1,-1,1,20,16405,0,16405,16405,68000000,0,68000000,68000000,BENIGN
123,64036789,2,2,96,96,48,48,48,0,48,48,48,0,2.998276506,0.062464094,21300000,36900000,64000000,36651,64000000,64000000,0,64000000,64000000,64000000,64000000,0,64000000,64000000,0,0,0,0,64,40,0.031232047,0.031232047,48,48,48,0,0,0,0,0,0,0,0,0,0,1,60,48,48,64,0,0,0,0,0,0,2,96,2,96,-1,-1,1,32,36651,0,36651,36651,64000000,0,64000000,64000000,BENIGN
137,1569788,36,0,1800,0,50,50,50,0,0,0,0,0,1146.65165,22.933033,44851.08571,184901.9097,804979,1,1569788,44851.08571,184901.9097,804979,1,0,0,0,0,0,0,0,0,0,864,0,22.933033,0,50,50,50,0,0,0,0,0,0,0,0,0,0,0,51.38888889,50,0,864,0,0,0,0,0,0,36,1800,0,0,-1,-1,35,20,0,0,0,0,0,0,0,0,BENIGN
123,66016560,2,2,96,96,48,48,48,0,48,48,48,0,2.908361175,0.060590858,22000000,38100000,66000000,16294,66000000,66000000,0,66000000,66000000,66000000,66000000,0,66000000,66000000,0,0,0,0,40,52,0.030295429,0.030295429,48,48,48,0,0,0,0,0,0,0,0,0,0,1,60,48,48,40,0,0,0,0,0,0,2,96,2,96,-1,-1,1,20,16294,0,16294,16294,66000000,0,66000000,66000000,BENIGN
138,199,13,0,3029,0,233,233,233,0,0,0,0,0,15200000,65326.63317,16.58333333,50.8517602,178,1,199,16.58333333,50.8517602,178,1,0,0,0,0,0,0,0,0,0,260,0,65326.63317,0,233,233,233,0,0,0,0,0,0,0,0,0,0,0,250.9230769,233,0,260,0,0,0,0,0,0,13,3029,0,0,-1,-1,12,20,0,0,0,0,0,0,0,0,BENIGN
123,68016528,2,2,96,96,48,48,48,0,48,48,48,0,2.822843295,0.058809235,22700000,39200000,68000000,16219,68000000,68000000,0,68000000,68000000,68000000,68000000,0,68000000,68000000,0,0,0,0,40,40,0.029404618,0.029404618,48,48,48,0,0,0,0,0,0,0,0,0,0,1,60,48,48,40,0,0,0,0,0,0,2,96,2,96,-1,-1,1,20,16219,0,16219,16219,68000000,0,68000000,68000000,BENIGN
123,67022458,2,2,96,96,48,48,48,0,48,48,48,0,2.864711408,0.059681488,22300000,38700000,67000000,22573,67000000,67000000,0,67000000,67000000,67000000,67000000,0,67000000,67000000,0,0,0,0,52,52,0.029840744,0.029840744,48,48,48,0,0,0,0,0,0,0,0,0,0,1,60,48,48,52,0,0,0,0,0,0,2,96,2,96,-1,-1,1,20,22595,0,22595,22595,67000000,0,67000000,67000000,BENIGN
80,115634998,112,174,308,357384,297,0,2.75,28.05608925,4380,0,2053.931034,1082.751086,3093.284959,2.473299649,405736.8351,1951996.521,10000000,1,116000000,1041756.739,3034325.181,10000000,182,110000000,638375.9711,2454407.787,10000000,1,0,0,0,0,2252,3624,0.968564898,1.504734752,0,4380,1246.313589,1310.461462,1717309.244,0,0,0,1,0,0,0,0,1,1250.671329,2.75,2053.931034,2252,0,0,0,0,0,0,112,308,174,357384,8192,946,12,20,29732,32309.80337,127148,19761,10000000,1886.038272,10000000,10000000,BENIGN
123,64094114,2,2,96,96,48,48,48,0,48,48,48,0,2.995594884,0.062408227,21400000,36800000,63900000,94088,64000000,64000000,0,64000000,64000000,64000000,64000000,0,64000000,64000000,0,0,0,0,64,52,0.031204113,0.031204113,48,48,48,0,0,0,0,0,0,0,0,0,0,1,60,48,48,64,0,0,0,0,0,0,2,96,2,96,-1,-1,1,32,94088,0,94088,94088,63900000,0,63900000,63900000,BENIGN
123,66022398,2,2,96,96,48,48,48,0,48,48,48,0,2.908104004,0.0605855,22000000,38100000,66000000,22259,66000000,66000000,0,66000000,66000000,66000000,66000000,0,66000000,66000000,0,0,0,0,40,40,0.03029275,0.03029275,48,48,48,0,0,0,0,0,0,0,0,0,0,1,60,48,48,40,0,0,0,0,0,0,2,96,2,96,-1,-1,1,20,22259,0,22259,22259,66000000,0,66000000,66000000,BENIGN
80,35600066,5,4,4,0,1,0,0.8,0.447213595,0,0,0,0,0.112359342,0.25280852,4450008.25,4949225.236,10000000,36304,35600000,8900016.5,2282244.083,10000000,5476668,30100000,10000000,9117.96739,10000000,10000000,0,0,0,0,100,128,0.140449178,0.112359342,0,1,0.5,0.527046277,0.277777778,0,0,0,0,1,0,0,0,0,0.555555556,0.8,0,100,0,0,0,0,0,0,5,4,4,0,258,368,3,20,36439.33333,123.8399505,36547,36304,10000000,9062.391756,10000000,9994229,BENIGN
123,68044292,2,2,96,96,48,48,48,0,48,48,48,0,2.821691495,0.058785239,22700000,39200000,68000000,42400,68000000,68000000,0,68000000,68000000,68000000,68000000,0,68000000,68000000,0,0,0,0,40,40,0.02939262,0.02939262,48,48,48,0,0,0,0,0,0,0,0,0,0,1,60,48,48,40,0,0,0,0,0,0,2,96,2,96,-1,-1,1,20,42400,0,42400,42400,68000000,0,68000000,68000000,BENIGN
123,67022237,2,2,96,96,48,48,48,0,48,48,48,0,2.864720854,0.059681684,22300000,38700000,67000000,22239,67000000,67000000,0,67000000,67000000,67000000,67000000,0,67000000,67000000,0,0,0,0,52,64,0.029840842,0.029840842,48,48,48,0,0,0,0,0,0,0,0,0,0,1,60,48,48,52,0,0,0,0,0,0,2,96,2,96,-1,-1,1,20,22382,0,22382,22382,67000000,0,67000000,67000000,BENIGN
123,68059037,2,2,96,96,48,48,48,0,48,48,48,0,2.821080175,0.058772504,22700000,39200000,67900000,59035,68000000,68000000,0,68000000,68000000,68000000,68000000,0,68000000,68000000,0,0,0,0,52,40,0.029386252,0.029386252,48,48,48,0,0,0,0,0,0,0,0,0,0,1,60,48,48,52,0,0,0,0,0,0,2,96,2,96,-1,-1,1,20,60360,0,60360,60360,67900000,0,67900000,67900000,BENIGN
445,90010552,10,10,8,2,1,0,0.8,0.421637021,1,0,0.2,0.421637021,0.111098085,0.222196171,4737397.474,11200000,30000000,3,90000000,10000000,15000000,30000000,3,90000000,10000000,15000000,30000000,3,0,0,0,0,224,296,0.111098085,0.111098085,0,1,0.523809524,0.511766316,0.261904762,0,0,0,0,1,0,0,0,1,0.55,0.8,0.2,224,0,0,0,0,0,0,10,8,10,2,253,2049,7,20,1908.666667,3195.082837,5598,51,30000000,8467.428555,30000000,30000000,BENIGN
123,66092936,2,2,96,96,48,48,48,0,48,48,48,0,2.905000317,0.06052084,22000000,38000000,65900000,92933,66000000,66000000,0,66000000,66000000,66000000,66000000,0,66000000,66000000,0,0,0,0,52,40,0.03026042,0.03026042,48,48,48,0,0,0,0,0,0,0,0,0,0,1,60,48,48,52,0,0,0,0,0,0,2,96,2,96,-1,-1,1,20,93650,0,93650,93650,65900000,0,65900000,65900000,BENIGN
123,66016441,2,2,96,96,48,48,48,0,48,48,48,0,2.908366417,0.060590967,22000000,38100000,66000000,16422,66000000,66000000,0,66000000,66000000,66000000,66000000,0,66000000,66000000,0,0,0,0,52,64,0.030295484,0.030295484,48,48,48,0,0,0,0,0,0,0,0,0,0,1,60,48,48,52,0,0,0,0,0,0,2,96,2,96,-1,-1,1,20,16422,0,16422,16422,66000000,0,66000000,66000000,BENIGN
123,67028355,2,2,96,96,48,48,48,0,48,48,48,0,2.864459377,0.059676237,22300000,38700000,67000000,27723,67000000,67000000,0,67000000,67000000,67000000,67000000,0,67000000,67000000,0,0,0,0,52,52,0.029838119,0.029838119,48,48,48,0,0,0,0,0,0,0,0,0,0,1,60,48,48,52,0,0,0,0,0,0,2,96,2,96,-1,-1,1,20,27723,0,27723,27723,67000000,0,67000000,67000000,BENIGN
123,68016050,2,2,96,96,48,48,48,0,48,48,48,0,2.822863133,0.058809649,22700000,39200000,68000000,15923,68000000,68000000,0,68000000,68000000,68000000,68000000,0,68000000,68000000,0,0,0,0,40,40,0.029404824,0.029404824,48,48,48,0,0,0,0,0,0,0,0,0,0,1,60,48,48,40,0,0,0,0,0,0,2,96,2,96,-1,-1,1,20,15923,0,15923,15923,68000000,0,68000000,68000000,BENIGN
123,67036692,2,2,96,96,48,48,48,0,48,48,48,0,2.864103139,0.059668815,22300000,38600000,67000000,36714,67000000,67000000,0,67000000,67000000,67000000,67000000,0,67000000,67000000,0,0,0,0,52,52,0.029834408,0.029834408,48,48,48,0,0,0,0,0,0,0,0,0,0,1,60,48,48,52,0,0,0,0,0,0,2,96,2,96,-1,-1,1,20,36884,0,36884,36884,67000000,0,67000000,67000000,BENIGN
53,31277,1,1,50,131,50,50,50,0,131,131,131,0,5787.000032,63.94475173,31277,0,31277,31277,0,0,0,0,0,0,0,0,0,0,0,0,0,0,20,32,31.97237587,31.97237587,50,131,77,46.7653718,2187,0,0,0,0,0,0,0,0,1,115.5,50,131,20,0,0,0,0,0,0,1,50,1,131,-1,-1,0,20,0,0,0,0,0,0,0,0,BENIGN
123,69072203,2,2,96,96,48,48,48,0,48,48,48,0,2.779699961,0.057910416,23000000,39800000,68900000,71987,69000000,69000000,0,69000000,69000000,69000000,69000000,0,69000000,69000000,0,0,0,0,40,52,0.028955208,0.028955208,48,48,48,0,0,0,0,0,0,0,0,0,0,1,60,48,48,40,0,0,0,0,0,0,2,96,2,96,-1,-1,1,20,71987,0,71987,71987,68900000,0,68900000,68900000,BENIGN
123,66093961,2,2,96,96,48,48,48,0,48,48,48,0,2.904955265,0.060519901,22000000,38000000,65900000,93904,66000000,66000000,0,66000000,66000000,66000000,66000000,0,66000000,66000000,0,0,0,0,64,40,0.030259951,0.030259951,48,48,48,0,0,0,0,0,0,0,0,0,0,1,60,48,48,64,0,0,0,0,0,0,2,96,2,96,-1,-1,1,32,93987,0,93987,93987,65900000,0,65900000,65900000,BENIGN
123,66088011,2,2,96,96,48,48,48,0,48,48,48,0,2.905216802,0.06052535,22000000,38000000,65900000,87186,66000000,66000000,0,66000000,66000000,66000000,66000000,0,66000000,66000000,0,0,0,0,64,52,0.030262675,0.030262675,48,48,48,0,0,0,0,0,0,0,0,0,0,1,60,48,48,64,0,0,0,0,0,0,2,96,2,96,-1,-1,1,32,87186,0,87186,87186,65900000,0,65900000,65900000,BENIGN
123,69016386,2,2,96,96,48,48,48,0,48,48,48,0,2.781948043,0.057957251,23000000,39800000,69000000,16261,69000000,69000000,0,69000000,69000000,69000000,69000000,0,69000000,69000000,0,0,0,0,40,40,0.028978625,0.028978625,48,48,48,0,0,0,0,0,0,0,0,0,0,1,60,48,48,40,0,0,0,0,0,0,2,96,2,96,-1,-1,1,20,16261,0,16261,16261,69000000,0,69000000,69000000,BENIGN
123,65093986,2,2,96,96,48,48,48,0,48,48,48,0,2.949581241,0.061449609,21700000,37400000,64900000,94005,65000000,65000000,0,65000000,65000000,65000000,65000000,0,65000000,65000000,0,0,0,0,64,64,0.030724805,0.030724805,48,48,48,0,0,0,0,0,0,0,0,0,0,1,60,48,48,64,0,0,0,0,0,0,2,96,2,96,-1,-1,1,32,95972,0,95972,95972,64900000,0,64900000,64900000,BENIGN
443,118090389,15,18,852,10648,234,0,56.8,81.97752305,1460,0,591.5555556,674.0854565,97.38303089,0.279446958,3690324.656,14400000,58600000,1,118000000,8435027.786,21200000,58700000,4,118000000,6932748.412,19400000,58600000,1,0,0,0,0,312,372,0.127021345,0.152425614,0,1460,338.2352941,558.0351384,311403.2157,0,0,0,1,0,0,0,0,1,348.4848485,56.8,591.5555556,312,0,0,0,0,0,0,15,852,18,10648,8192,292,7,20,451652.5,314247.4459,673859,229446,58500000,165525.9193,58600000,58400000,BENIGN
443,5,1,2,64,31,64,64,64,0,31,0,15.5,21.92031022,19000000,600000,2.5,0.707106781,3,2,0,0,0,0,0,2,2,0,2,2,1,0,0,0,20,40,200000,400000,0,64,39.75,30.72865113,944.25,0,1,0,0,1,0,0,0,2,53,64,15.5,20,0,0,0,0,0,0,1,64,2,31,292,292,0,20,0,0,0,0,0,0,0,0,BENIGN
443,439,3,0,46,0,46,0,15.33333333,26.55811238,0,0,0,0,104783.5991,6833.712984,219.5,36.06244584,245,194,439,219.5,36.06244584,245,194,0,0,0,0,0,0,0,0,0,60,0,6833.712984,0,0,46,11.5,23,529,0,0,0,0,1,0,0,0,0,15.33333333,15.33333333,0,60,0,0,0,0,0,0,3,46,0,0,255,-1,1,20,0,0,0,0,0,0,0,0,BENIGN
123,67091062,2,2,96,96,48,48,48,0,48,48,48,0,2.861782096,0.05962046,22400000,38600000,66900000,89894,67000000,67000000,0,67000000,67000000,67000000,67000000,0,67000000,67000000,0,0,0,0,40,52,0.02981023,0.02981023,48,48,48,0,0,0,0,0,0,0,0,0,0,1,60,48,48,40,0,0,0,0,0,0,2,96,2,96,-1,-1,1,20,89894,0,89894,89894,66900000,0,66900000,66900000,BENIGN
123,65093968,2,2,96,96,48,48,48,0,48,48,48,0,2.949582057,0.061449626,21700000,37400000,64900000,93952,65000000,65000000,0,65000000,65000000,65000000,65000000,0,65000000,65000000,0,0,0,0,52,40,0.030724813,0.030724813,48,48,48,0,0,0,0,0,0,0,0,0,0,1,60,48,48,52,0,0,0,0,0,0,2,96,2,96,-1,-1,1,20,94668,0,94668,94668,64900000,0,64900000,64900000,BENIGN
123,68028968,2,2,96,96,48,48,48,0,48,48,48,0,2.8223271,0.058798481,22700000,39200000,68000000,29018,68000000,68000000,0,68000000,68000000,68000000,68000000,0,68000000,68000000,0,0,0,0,40,52,0.029399241,0.029399241,48,48,48,0,0,0,0,0,0,0,0,0,0,1,60,48,48,40,0,0,0,0,0,0,2,96,2,96,-1,-1,1,20,29124,0,29124,29124,68000000,0,68000000,68000000,BENIGN
123,66028958,2,2,96,96,48,48,48,0,48,48,48,0,2.907815083,0.060579481,22000000,38100000,66000000,28920,66000000,66000000,0,66000000,66000000,66000000,66000000,0,66000000,66000000,0,0,0,0,40,40,0.03028974,0.03028974,48,48,48,0,0,0,0,0,0,0,0,0,0,1,60,48,48,40,0,0,0,0,0,0,2,96,2,96,-1,-1,1,20,28996,0,28996,28996,66000000,0,66000000,66000000,BENIGN
389,52130699,402,251,54456,252194,1448,0,135.4626866,211.5982639,3357,0,1004.756972,1029.152922,5882.330486,12.52620841,79955.05982,1577712.277,39000000,0,52100000,130001.7431,2011121.988,39000000,0,52100000,208522.1,2545799.834,39000000,1,0,0,0,0,12888,8048,7.711387104,4.814821301,0,3357,468.883792,782.3967371,612144.6542,0,0,0,1,0,0,0,0,0,469.6018377,135.4626866,1004.756972,12888,0,0,0,0,0,0,402,54456,251,252194,65535,2076,186,32,1541239.5,2121602.479,3041439,41040,24500000,20500000,39000000,10000000,BENIGN
3268,51684602,120,61,15214,15426,1305,0,126.7833333,201.6626763,2910,0,252.8852459,428.8610924,592.826467,3.502010134,287136.6778,2999373.332,39000000,3,51700000,434324.3866,3685426.744,39000000,3,51700000,861406.7833,5176051.845,39000000,3,0,0,0,0,3864,1968,2.321774675,1.18023546,0,2910,168.3516484,302.3515342,91416.45025,0,0,0,1,0,0,0,0,0,169.281768,126.7833333,252.8852459,3864,0,0,0,0,0,0,120,15214,61,15426,65535,2076,58,32,1280322,1781619.175,2540117,20527,24600000,20400000,39000000,10100000,BENIGN
3268,16776050,8,4,1604,288,403,0,200.5,214.3488478,72,72,72,0,112.779826,0.71530545,1525095.455,5057892.787,16800000,3,16800000,2396578.571,6340383.141,16800000,3,16800000,5591879.333,9685413.053,16800000,3,1,0,0,0,256,128,0.4768703,0.23843515,0,403,176.5384615,187.3519929,35100.76923,0,1,0,0,1,0,0,0,0,191.25,200.5,72,256,0,0,0,0,0,0,8,1604,4,288,341,2078,3,32,420,0,420,420,16800000,0,16800000,16800000,BENIGN
389,16775823,8,4,1604,1264,403,0,200.5,214.3488478,316,316,316,0,170.9603159,0.715315129,1525074.818,5057866.133,16800000,3,16800000,2396546.143,6340352.903,16800000,3,16800000,5591813,9685298.16,16800000,3,1,0,0,0,256,128,0.476876753,0.238438376,0,403,251.6153846,178.4234376,31834.92308,0,1,0,0,1,0,0,0,0,272.5833333,200.5,316,256,0,0,0,0,0,0,8,1604,4,1264,752,2076,3,32,382,0,382,382,16800000,0,16800000,16800000,BENIGN
123,69085881,2,2,96,96,48,48,48,0,48,48,48,0,2.779149621,0.05789895,23000000,39700000,68900000,85920,69000000,69000000,0,69000000,69000000,69000000,69000000,0,69000000,69000000,0,0,0,0,52,52,0.028949475,0.028949475,48,48,48,0,0,0,0,0,0,0,0,0,0,1,60,48,48,52,0,0,0,0,0,0,2,96,2,96,-1,-1,1,20,85920,0,85920,85920,68900000,0,68900000,68900000,BENIGN
443,118970776,14,13,574,4654,188,0,41,63.67223764,1430,0,358,586.5814806,43.94356476,0.22694649,4575799.077,15900000,58600000,4,119000000,9151598.154,21900000,58600000,7562,119000000,9894783.167,22800000,58800000,4,0,0,0,0,292,272,0.117675958,0.109270532,0,1430,186.7142857,425.7960612,181302.2857,0,0,0,1,0,0,0,0,0,193.6296296,41,358,292,0,0,0,0,0,0,14,574,13,4654,8192,351,6,20,928651,982895.3964,1623663,233639,58400000,157693.2975,58600000,58300000,BENIGN
443,109229100,14,9,927,6509,311,0,66.21428571,116.5775929,1460,0,723.2222222,590.1035455,68.07709667,0.210566598,4964959.091,23200000,109000000,4,109000000,8402238.462,30200000,109000000,49,283598,35449.75,55830.98266,157724,49,0,0,0,0,292,192,0.128170973,0.082395625,0,1460,309.8333333,485.7699103,235972.4058,0,0,0,1,0,0,0,0,0,323.3043478,66.21428571,723.2222222,292,0,0,0,0,0,0,14,927,9,6509,65535,1013,4,20,0,0,0,0,0,0,0,0,BENIGN
49491,4,2,0,31,0,31,0,15.5,21.92031022,0,0,0,0,7750000,500000,4,0,4,4,4,4,0,4,4,0,0,0,0,0,1,0,0,0,40,0,500000,0,0,31,20.66666667,17.89785834,320.3333333,0,1,0,0,1,0,0,0,0,31,15.5,0,40,0,0,0,0,0,0,2,31,0,0,1013,-1,0,20,0,0,0,0,0,0,0,0,BENIGN
123,68072319,2,2,96,96,48,48,48,0,48,48,48,0,2.820529737,0.058761036,22700000,39200000,67900000,71926,68000000,68000000,0,68000000,68000000,68000000,68000000,0,68000000,68000000,0,0,0,0,52,64,0.029380518,0.029380518,48,48,48,0,0,0,0,0,0,0,0,0,0,1,60,48,48,52,0,0,0,0,0,0,2,96,2,96,-1,-1,1,20,71926,0,71926,71926,67900000,0,67900000,67900000,BENIGN
443,34695731,6,4,31,0,31,0,5.166666667,12.655697,0,0,0,0,0.893481679,0.288219897,3855081.222,4838357.827,10000000,73,34700000,6939146.2,4550903.911,10000000,73,30100000,10000000,94.50396817,10000000,10000000,0,0,0,0,192,128,0.172931938,0.115287959,0,31,2.818181818,9.346851682,87.36363636,0,0,0,0,1,0,0,0,0,3.1,5.166666667,0,192,0,0,0,0,0,0,6,31,4,0,288,447,1,32,37199,125.6940731,37342,37106,10000000,128.2861385,10000000,10000000,BENIGN
123,69016683,2,2,96,96,48,48,48,0,48,48,48,0,2.781936072,0.057957001,23000000,39800000,69000000,16514,69000000,69000000,0,69000000,69000000,69000000,69000000,0,69000000,69000000,0,0,0,0,52,52,0.028978501,0.028978501,48,48,48,0,0,0,0,0,0,0,0,0,0,1,60,48,48,52,0,0,0,0,0,0,2,96,2,96,-1,-1,1,20,16514,0,16514,16514,69000000,0,69000000,69000000,BENIGN
123,68022553,2,2,96,96,48,48,48,0,48,48,48,0,2.822593266,0.058804026,22700000,39200000,68000000,22371,68000000,68000000,0,68000000,68000000,68000000,68000000,0,68000000,68000000,0,0,0,0,52,52,0.029402013,0.029402013,48,48,48,0,0,0,0,0,0,0,0,0,0,1,60,48,48,52,0,0,0,0,0,0,2,96,2,96,-1,-1,1,20,22371,0,22371,22371,68000000,0,68000000,68000000,BENIGN
123,68028906,2,2,96,96,48,48,48,0,48,48,48,0,2.822329673,0.058798535,22700000,39200000,68000000,28848,68000000,68000000,0,68000000,68000000,68000000,68000000,0,68000000,68000000,0,0,0,0,40,52,0.029399267,0.029399267,48,48,48,0,0,0,0,0,0,0,0,0,0,1,60,48,48,40,0,0,0,0,0,0,2,96,2,96,-1,-1,1,20,28879,0,28879,28879,68000000,0,68000000,68000000,BENIGN
443,62974747,7,6,169,184,46,0,24.14285714,23.19790631,46,0,30.66666667,23.75429786,5.605421487,0.206431953,5247895.583,16800000,58400000,3,63000000,10500000,23500000,58400000,3,58500000,11700000,26100000,58400000,210,1,0,0,0,164,120,0.111155667,0.095276286,0,46,28.5,22.39076046,501.3461538,0,1,0,0,1,0,0,0,0,30.69230769,24.14285714,30.66666667,164,0,0,0,0,0,0,7,169,6,184,627,12501,3,20,65725,0,65725,65725,58400000,0,58400000,58400000,BENIGN
1116,13525,4,0,0,0,0,0,0,0,0,0,0,0,0,295.7486137,4508.333333,7339.085592,12977,3,13525,4508.333333,7339.085592,12977,3,0,0,0,0,0,0,0,0,0,80,0,295.7486137,0,0,0,0,0,0,0,0,0,0,1,0,0,0,0,0,0,0,80,0,0,0,0,0,0,4,0,0,0,12498,-1,0,20,0,0,0,0,0,0,0,0,BENIGN
443,119387940,22,25,1055,12691,203,0,47.95454545,71.83411928,2014,0,507.64,661.6957936,115.1372576,0.393674604,2595390,12000000,58500000,1,119000000,5685140,17500000,58500000,4,119000000,4973523.5,16500000,58500000,1,0,0,0,0,476,512,0.184273219,0.209401385,0,2014,286.375,529.4134701,280278.6223,0,0,0,1,0,0,0,0,1,292.4680851,47.95454545,507.64,476,0,0,0,0,0,0,22,1055,25,12691,8192,294,9,20,1153196.5,1283976.514,2061105,245288,58400000,124559.6879,58500000,58300000,BENIGN
443,119401875,18,18,1099,5690,254,0,61.05555556,89.91072188,1410,0,316.1111111,453.6332918,56.85840361,0.301502803,3411482.143,13800000,58500000,1,119000000,7023639.706,19400000,58500000,4,119000000,7022343.294,19400000,58500000,1,0,0,0,0,420,372,0.150751402,0.150751402,0,1410,183.4864865,343.8274455,118217.3123,0,0,0,1,0,0,0,0,1,188.5833333,61.05555556,316.1111111,420,0,0,0,0,0,0,18,1099,18,5690,8192,127,8,20,1198338.5,1560863.973,2302036,94641,58500000,39458.67971,58500000,58400000,BENIGN
443,119168663,22,28,2023,6594,566,0,91.95454545,159.7669366,1430,0,235.5,417.2051187,72.30927815,0.419573391,2432013.531,11600000,58300000,1,119000000,5674698.238,17500000,58300000,25,119000000,4405012.481,15500000,58300000,1,0,0,0,0,464,572,0.184612292,0.234961099,0,1430,168.9607843,332.2238378,110372.6784,0,0,0,1,0,0,0,0,1,172.34,91.95454545,235.5,464,0,0,0,0,0,0,22,2023,28,6594,8192,378,12,20,1294566.5,1436322.67,2310200,278933,58200000,177483.095,58300000,58000000,BENIGN
443,118869801,20,22,1206,5376,301,0,60.3,90.17007322,1430,0,244.3636364,435.3322262,55.37150685,0.353327756,2899263.439,12700000,58500000,1,119000000,6256305.316,18400000,58600000,3,119000000,5658709.714,17500000,58500000,1,0,0,0,0,436,452,0.168251312,0.185076443,0,1430,153.0697674,327.806374,107457.0188,0,0,0,1,0,0,0,0,1,156.7142857,60.3,244.3636364,436,0,0,0,0,0,0,20,1206,22,5376,8192,368,10,20,892371,874764.6274,1510923,273819,58400000,144734.8586,58500000,58300000,BENIGN
443,117394909,15,14,1038,4653,406,0,69.2,112.1276059,1430,0,332.3571429,520.107771,48.47740033,0.247029452,4192675.321,15300000,58300000,4,117000000,8385350.643,21100000,58300000,20,117000000,9010014.231,21900000,58600000,4,0,0,0,0,312,292,0.127773854,0.119255597,0,1430,189.7,381.9811469,145909.5966,0,0,0,1,0,0,0,0,0,196.2413793,69.2,332.3571429,312,0,0,0,0,0,0,15,1038,14,4653,8192,180,8,20,365389,164631.4292,481801,248977,58200000,182208.6896,58300000,58100000,BENIGN
123,66078237,2,2,96,96,48,48,48,0,48,48,48,0,2.905646529,0.060534303,22000000,38000000,65900000,52667,66000000,66000000,0,66000000,66000000,66000000,66000000,0,66000000,66000000,0,0,0,0,52,64,0.030267151,0.030267151,48,48,48,0,0,0,0,0,0,0,0,0,0,1,60,48,48,52,0,0,0,0,0,0,2,96,2,96,-1,-1,1,20,52667,0,52667,52667,65900000,0,65900000,65900000,BENIGN
443,4503704,5,1,123,46,46,0,24.6,23.27659769,46,46,46,0,37.52466858,1.332236754,900740.8,1870860.328,4243867,4,4503704,1125926,2081812.41,4243867,4,0,0,0,0,0,1,0,0,0,100,20,1.110197295,0.222039459,0,46,30.71428571,21.68497395,470.2380952,0,1,0,0,1,0,0,0,0,35.83333333,24.6,46,100,0,0,0,0,0,0,5,123,1,46,256,351,2,20,0,0,0,0,0,0,0,0,BENIGN
443,63986420,7,6,169,184,46,0,24.14285714,23.19790631,46,0,30.66666667,23.75429786,5.516795595,0.20316811,5332201.667,16800000,58400000,3,64000000,10700000,23500000,58400000,3,58500000,11700000,26100000,58400000,3,1,0,0,0,164,120,0.109398213,0.093769897,0,46,28.5,22.39076046,501.3461538,0,1,0,0,1,0,0,0,0,30.69230769,24.14285714,30.66666667,164,0,0,0,0,0,0,7,169,6,184,1283,12501,3,20,81125.5,9939.800023,88154,74097,31900000,37500000,58400000,5418750,BENIGN
1079,10404,4,0,0,0,0,0,0,0,0,0,0,0,0,384.4675125,3468,6003.288182,10400,1,10404,3468,6003.288182,10400,1,0,0,0,0,0,0,0,0,0,80,0,384.4675125,0,0,0,0,0,0,0,0,0,0,1,0,0,0,0,0,0,0,80,0,0,0,0,0,0,4,0,0,0,12498,-1,0,20,0,0,0,0,0,0,0,0,BENIGN
1134,222,2,0,0,0,0,0,0,0,0,0,0,0,0,9009.009009,222,0,222,222,222,222,0,222,222,0,0,0,0,0,0,0,0,0,40,0,9009.009009,0,0,0,0,0,0,0,0,0,0,1,0,0,0,0,0,0,0,40,0,0,0,0,0,0,2,0,0,0,351,-1,0,20,0,0,0,0,0,0,0,0,BENIGN
123,68022198,2,2,96,96,48,48,48,0,48,48,48,0,2.822607996,0.058804333,22700000,39200000,68000000,22031,68000000,68000000,0,68000000,68000000,68000000,68000000,0,68000000,68000000,0,0,0,0,40,40,0.029402167,0.029402167,48,48,48,0,0,0,0,0,0,0,0,0,0,1,60,48,48,40,0,0,0,0,0,0,2,96,2,96,-1,-1,1,20,22031,0,22031,22031,68000000,0,68000000,68000000,BENIGN
443,110533589,21,20,2385,4541,1021,0,113.5714286,306.0244388,1418,0,227.05,450.2025831,62.65968619,0.370927972,2763339.725,4473117.59,10000000,7,110000000,5524573.3,5041235.099,10100000,215,110000000,5815346,5013655.001,10100000,47,0,0,0,0,680,648,0.189987498,0.180940474,0,1418,164.9047619,378.8221675,143506.2346,0,0,0,1,0,0,0,0,0,168.9268293,113.5714286,227.05,680,0,0,0,0,0,0,21,2385,20,4541,29200,391,4,32,113085.8182,231345.4659,810499,41727,9931592.909,252416.3266,10000000,9170822,BENIGN
443,119160051,23,27,2521,8083,826,0,109.6086957,213.9315394,1430,0,299.3703704,438.3634028,88.98955574,0.419603714,2431837.776,11700000,58900000,1,119000000,5416365.955,17200000,58900000,46,119000000,4574089.385,15900000,58900000,1,0,0,0,0,484,552,0.193017709,0.226586006,0,1430,207.9215686,360.4004907,129888.5137,0,0,0,1,0,0,0,0,1,212.08,109.6086957,299.3703704,484,0,0,0,0,0,0,23,2521,27,8083,8192,390,12,20,880072,839644.0478,1473790,286354,58600000,396380.727,58900000,58300000,BENIGN
443,117719196,18,19,1138,4855,358,0,63.22222222,101.4022598,1460,0,255.5263158,449.9253479,50.90928416,0.314307277,3269977.667,13500000,58300000,16,118000000,6924658.588,19300000,58300000,162,118000000,6539113.333,18800000,58400000,16,0,0,0,0,408,392,0.152906243,0.161401034,0,1460,157.7105263,336.3540532,113134.0491,0,0,0,1,0,0,0,0,1,161.972973,63.22222222,255.5263158,408,0,0,0,0,0,0,18,1138,19,4855,8192,33,8,20,581253,477797.7089,919107,243399,58200000,267984.2777,58300000,58000000,BENIGN
443,117860820,15,15,1460,5152,838,0,97.33333333,213.6832324,1430,0,343.4666667,543.2133055,56.10006786,0.254537513,4064166.207,15100000,58500000,1,118000000,8418630,21200000,58500000,45,118000000,8401933.643,21300000,58600000,1,0,0,0,0,312,312,0.127268756,0.127268756,0,1430,213.2903226,419.1955942,175724.9462,0,0,0,1,0,0,0,0,1,220.4,97.33333333,343.4666667,312,0,0,0,0,0,0,15,1460,15,5152,8192,373,8,20,389457.5,204022.2267,533723,245192,58400000,113284.8703,58500000,58300000,BENIGN
443,119571924,29,37,1013,34964,202,0,34.93103448,63.0662526,2820,0,944.972973,835.8069117,300.8816685,0.551969039,1839568.062,10200000,58800000,3,120000000,4270425.857,15400000,58800000,3,120000000,3320473.556,13600000,58900000,3,0,0,0,0,628,752,0.242531851,0.309437189,0,2820,536.9701493,768.8721171,591164.3324,0,0,0,1,0,0,0,0,1,545.1060606,34.93103448,944.972973,628,0,0,0,0,0,0,29,1013,37,34964,8192,123,9,20,1081732.5,1352745.477,2038268,125197,58600000,250636.1199,58800000,58500000,BENIGN
123,67000167,4,4,192,192,48,48,48,0,48,48,48,0,5.731328998,0.119402687,9571452.429,25300000,67000000,3,67000000,22300000,38700000,67000000,3,67000000,22300000,38700000,67000000,3,0,0,0,0,104,104,0.059701344,0.059701344,48,48,48,0,0,0,0,0,0,0,0,0,0,1,54,48,48,104,0,0,0,0,0,0,4,192,4,192,-1,-1,3,20,181,0,181,181,67000000,0,67000000,67000000,BENIGN
443,119867269,22,25,1387,5147,265,0,63.04545455,85.22601731,1727,0,205.88,437.8258139,54.51029338,0.392100366,2605810.196,12000000,58500000,1,120000000,5707965.19,17500000,58600000,3,120000000,4983399.875,16500000,58600000,1,0,0,0,0,452,512,0.183536341,0.208564024,0,1727,136.125,326.5159489,106612.6649,0,0,0,1,0,0,0,0,1,139.0212766,63.04545455,205.88,452,0,0,0,0,0,0,22,1387,25,5147,8192,377,12,20,1381115,1578761.553,2497468,264762,58400000,129742.0735,58500000,58300000,BENIGN
443,117915643,14,14,915,7534,304,0,65.35714286,95.11095314,1460,0,538.1428571,651.9954999,71.65291886,0.237457892,4367246.037,15600000,58600000,2,118000000,9070434.077,21900000,58700000,18,118000000,9052416.154,22000000,58600000,4,0,0,0,0,292,292,0.118728946,0.118728946,0,1460,291.3448276,510.4785063,260588.3054,0,0,0,1,0,0,0,0,1,301.75,65.35714286,538.1428571,292,0,0,0,0,0,0,14,915,14,7534,8192,64,7,20,360530.5,179600.1727,487527,233534,58500000,171005.2897,58600000,58400000,BENIGN
123,68071955,2,2,96,96,48,48,48,0,48,48,48,0,2.820544819,0.05876135,22700000,39200000,67900000,71765,68000000,68000000,0,68000000,68000000,68000000,68000000,0,68000000,68000000,0,0,0,0,40,40,0.029380675,0.029380675,48,48,48,0,0,0,0,0,0,0,0,0,0,1,60,48,48,40,0,0,0,0,0,0,2,96,2,96,-1,-1,1,20,71765,0,71765,71765,67900000,0,67900000,67900000,BENIGN
123,68027751,2,2,96,96,48,48,48,0,48,48,48,0,2.822377591,0.058799533,22700000,39200000,68000000,27782,68000000,68000000,0,68000000,68000000,68000000,68000000,0,68000000,68000000,0,0,0,0,40,52,0.029399767,0.029399767,48,48,48,0,0,0,0,0,0,0,0,0,0,1,60,48,48,40,0,0,0,0,0,0,2,96,2,96,-1,-1,1,20,27782,0,27782,27782,68000000,0,68000000,68000000,BENIGN
443,4417365,3,5,46,187,46,0,15.33333333,26.55811238,64,0,37.4,23.95412282,52.74637708,1.811034406,631052.1429,1565064.515,4176042,1,241319,120659.5,159635.7198,233539,7780,4394119,1098529.75,2054314.129,4176144,1,1,0,0,0,72,100,0.679137902,1.131896504,0,64,31,24.67792536,609,0,1,0,0,1,0,0,0,1,34.875,15.33333333,37.4,72,0,0,0,0,0,0,3,46,5,187,256,294,0,20,0,0,0,0,0,0,0,0,BENIGN
443,532,3,0,46,0,46,0,15.33333333,26.55811238,0,0,0,0,86466.16541,5639.097744,266,131.5218613,359,173,532,266,131.5218613,359,173,0,0,0,0,0,0,0,0,0,60,0,5639.097744,0,0,46,11.5,23,529,0,0,0,0,1,0,0,0,0,15.33333333,15.33333333,0,60,0,0,0,0,0,0,3,46,0,0,255,-1,1,20,0,0,0,0,0,0,0,0,BENIGN
443,4493125,5,1,123,46,46,0,24.6,23.27659769,46,46,46,0,37.61301989,1.335373487,898625,1871803.691,4244053,4,4493125,1123281.25,2083241.027,4244053,4,0,0,0,0,0,1,0,0,0,100,20,1.112811239,0.222562248,0,46,30.71428571,21.68497395,470.2380952,0,1,0,0,1,0,0,0,0,35.83333333,24.6,46,100,0,0,0,0,0,0,5,123,1,46,258,368,2,20,0,0,0,0,0,0,0,0,BENIGN
443,63975988,9,4,169,184,46,0,18.77777778,22.7364123,46,46,46,0,5.51769517,0.203201239,5331332.333,16700000,58200000,3,64000000,7996998.5,20400000,58200000,3,58700000,19600000,33500000,58200000,241243,1,0,0,0,204,80,0.140677781,0.062523458,0,46,28.5,22.39076046,501.3461538,0,1,0,0,1,0,0,0,0,30.69230769,18.77777778,46,204,0,0,0,0,0,0,9,169,4,184,256,683,3,20,279029,1156.826694,279847,278211,31700000,37500000,58200000,5212024,BENIGN
1239,4,2,0,0,0,0,0,0,0,0,0,0,0,0,500000,4,0,4,4,4,4,0,4,4,0,0,0,0,0,0,0,0,0,40,0,500000,0,0,0,0,0,0,0,0,0,0,1,0,0,0,0,0,0,0,40,0,0,0,0,0,0,2,0,0,0,368,-1,0,20,0,0,0,0,0,0,0,0,BENIGN
1102,3,2,0,0,0,0,0,0,0,0,0,0,0,0,666666.6667,3,0,3,3,3,3,0,3,3,0,0,0,0,0,0,0,0,0,40,0,666666.6667,0,0,0,0,0,0,0,0,0,0,1,0,0,0,0,0,0,0,40,0,0,0,0,0,0,2,0,0,0,683,-1,0,20,0,0,0,0,0,0,0,0,BENIGN
123,68016185,2,2,96,96,48,48,48,0,48,48,48,0,2.82285753,0.058809532,22700000,39200000,68000000,16209,68000000,68000000,0,68000000,68000000,68000000,68000000,0,68000000,68000000,0,0,0,0,40,52,0.029404766,0.029404766,48,48,48,0,0,0,0,0,0,0,0,0,0,1,60,48,48,40,0,0,0,0,0,0,2,96,2,96,-1,-1,1,20,16321,0,16321,16321,68000000,0,68000000,68000000,BENIGN
123,67088628,2,2,96,96,48,48,48,0,48,48,48,0,2.861885922,0.059622623,22400000,38600000,66900000,88589,67000000,67000000,0,67000000,67000000,67000000,67000000,0,67000000,67000000,0,0,0,0,52,40,0.029811312,0.029811312,48,48,48,0,0,0,0,0,0,0,0,0,0,1,60,48,48,52,0,0,0,0,0,0,2,96,2,96,-1,-1,1,20,88589,0,88589,88589,66900000,0,66900000,66900000,BENIGN
443,5513754,4,5,92,169,46,0,23,26.55811238,46,0,33.8,19.97998999,47.3361706,1.632281745,689219.25,1902430.518,5397102,3,5513718,1837906,3082566.752,5397102,22105,5491327,1372831.75,2697730.418,5419108,3,1,0,0,0,92,100,0.725458553,0.906823192,0,46,30.7,21.68486415,470.2333333,0,1,0,0,1,0,0,0,1,34.11111111,23,33.8,92,0,0,0,0,0,0,4,92,5,169,254,127,1,20,94511,0,94511,94511,5397102,0,5397102,5397102,BENIGN
443,5523618,5,1,123,46,46,0,24.6,23.27659769,46,46,46,0,30.59588842,1.086244559,1104723.6,2306280.179,5227600,4,5523618,1380904.5,2567178.633,5227600,4,0,0,0,0,0,1,0,0,0,100,20,0.905203799,0.18104076,0,46,30.71428571,21.68497395,470.2380952,0,1,0,0,1,0,0,0,0,35.83333333,24.6,46,100,0,0,0,0,0,0,5,123,1,46,255,180,2,20,264612,0,264612,264612,5227600,0,5227600,5227600,BENIGN
443,4509907,5,1,123,46,46,0,24.6,23.27659769,46,46,46,0,37.47305654,1.330404374,901981.4,1861560.03,4228720,2,4509907,1127476.75,2070452.622,4228720,2,0,0,0,0,0,1,0,0,0,100,20,1.108670312,0.221734062,0,46,30.71428571,21.68497395,470.2380952,0,1,0,0,1,0,0,0,0,35.83333333,24.6,46,100,0,0,0,0,0,0,5,123,1,46,256,373,2,20,0,0,0,0,0,0,0,0,BENIGN
443,4510303,5,1,123,46,46,0,24.6,23.27659769,46,46,46,0,37.46976644,1.330287566,902060.6,1861145.959,4228311,48,4510303,1127575.75,2070110.285,4228311,48,0,0,0,0,0,1,0,0,0,100,20,1.108572972,0.221714594,0,46,30.71428571,21.68497395,470.2380952,0,1,0,0,1,0,0,0,0,35.83333333,24.6,46,100,0,0,0,0,0,0,5,123,1,46,258,390,2,20,0,0,0,0,0,0,0,0,BENIGN
443,4510742,5,2,123,92,46,0,24.6,23.27659769,46,46,46,0,47.66399852,1.551851115,751790.3333,1764213.824,4352344,3,4510742,1127685.5,2150429.031,4352344,3,90405,90405,0,90405,90405,1,0,0,0,112,40,1.108465082,0.443386033,0,46,32.625,20.79105233,432.2678571,0,1,0,0,1,0,0,0,0,37.28571429,24.6,46,112,0,0,0,0,0,0,5,123,2,92,256,123,2,20,0,0,0,0,0,0,0,0,BENIGN
443,5525030,5,1,123,46,46,0,24.6,23.27659769,46,46,46,0,30.58806921,1.085966954,1105006,2323172.77,5258564,48,5525030,1381257.5,2586929.148,5258564,48,0,0,0,0,0,1,0,0,0,100,20,0.904972462,0.180994492,0,46,30.71428571,21.68497395,470.2380952,0,1,0,0,1,0,0,0,0,35.83333333,24.6,46,100,0,0,0,0,0,0,5,123,1,46,254,378,2,20,233488,0,233488,233488,5258564,0,5258564,5258564,BENIGN
1246,4,3,0,77,0,46,0,25.66666667,23.45918441,0,0,0,0,19300000,750000,2,1.414213562,3,1,4,2,1.414213562,3,1,0,0,0,0,0,1,0,0,0,60,0,750000,0,0,46,30.75,21.68524844,470.25,0,1,0,0,1,0,0,0,0,41,25.66666667,0,60,0,0,0,0,0,0,3,77,0,0,123,-1,1,20,0,0,0,0,0,0,0,0,BENIGN
1294,3,2,0,0,0,0,0,0,0,0,0,0,0,0,666666.6667,3,0,3,3,3,3,0,3,3,0,0,0,0,0,0,0,0,0,40,0,666666.6667,0,0,0,0,0,0,0,0,0,0,1,0,0,0,0,0,0,0,40,0,0,0,0,0,0,2,0,0,0,373,-1,0,20,0,0,0,0,0,0,0,0,BENIGN
1229,4,2,0,0,0,0,0,0,0,0,0,0,0,0,500000,4,0,4,4,4,4,0,4,4,0,0,0,0,0,0,0,0,0,40,0,500000,0,0,0,0,0,0,0,0,0,0,1,0,0,0,0,0,0,0,40,0,0,0,0,0,0,2,0,0,0,378,-1,0,20,0,0,0,0,0,0,0,0,BENIGN
1260,396,2,0,0,0,0,0,0,0,0,0,0,0,0,5050.505051,396,0,396,396,396,396,0,396,396,0,0,0,0,0,0,0,0,0,40,0,5050.505051,0,0,0,0,0,0,0,0,0,0,1,0,0,0,0,0,0,0,40,0,0,0,0,0,0,2,0,0,0,390,-1,0,20,0,0,0,0,0,0,0,0,BENIGN
1273,4,2,0,0,0,0,0,0,0,0,0,0,0,0,500000,4,0,4,4,4,4,0,4,4,0,0,0,0,0,0,0,0,0,40,0,500000,0,0,0,0,0,0,0,0,0,0,1,0,0,0,0,0,0,0,40,0,0,0,0,0,0,2,0,0,0,180,-1,0,20,0,0,0,0,0,0,0,0,BENIGN
443,63974040,7,4,169,184,46,0,24.14285714,23.19790631,46,46,46,0,5.517863183,0.171944745,6397404,18300000,58400000,3,64000000,10700000,23500000,58400000,3,58500000,19500000,33700000,58400000,71458,1,0,0,0,164,80,0.109419383,0.062525362,0,46,33.25,20.49889132,420.2045455,0,1,0,0,1,0,0,0,0,36.27272727,24.14285714,46,164,0,0,0,0,0,0,7,169,4,184,256,140,3,20,95842.5,215.6675683,95995,95690,31900000,37500000,58400000,5395880,BENIGN
443,63974432,7,2,169,92,46,0,24.14285714,23.19790631,46,46,46,0,4.079754862,0.140681202,7996804,20400000,58200000,3,64000000,10700000,23400000,58200000,3,58500000,58500000,0,58500000,58500000,1,0,0,0,140,40,0.109418713,0.031262489,0,46,30.7,21.68486415,470.2333333,0,1,0,0,1,0,0,0,0,34.11111111,24.14285714,46,140,0,0,0,0,0,0,7,169,2,92,2773,1388,3,20,241173.5,10982.07542,248939,233408,31700000,37500000,58200000,5242551,BENIGN
443,4492535,5,1,123,46,46,0,24.6,23.27659769,46,46,46,0,37.61795957,1.33554886,898507,1854581,4212676,3,4492535,1123133.75,2063272.248,4212676,3,0,0,0,0,0,1,0,0,0,100,20,1.112957384,0.222591477,0,46,30.71428571,21.68497395,470.2380952,0,1,0,0,1,0,0,0,0,35.83333333,24.6,46,100,0,0,0,0,0,0,5,123,1,46,256,377,2,20,0,0,0,0,0,0,0,0,BENIGN
443,5506670,6,2,123,92,46,0,20.5,23.11493024,46,46,46,0,39.0435599,1.452783624,786667.1429,1972274.073,5255752,3,5506670,1101334,2324490.554,5255752,3,220614,220614,0,220614,220614,1,0,0,0,132,40,1.089587718,0.363195906,0,46,29,22.28227996,496.5,0,1,0,0,1,0,0,0,0,32.625,20.5,46,132,0,0,0,0,0,0,6,123,2,92,252,33,2,20,235763,0,235763,235763,5255752,0,5255752,5255752,BENIGN
443,4493101,5,1,123,46,46,0,24.6,23.27659769,46,46,46,0,37.6132208,1.33538062,898620.2,1872349.717,4244453,4,4493101,1123275.25,2083520.462,4244453,4,0,0,0,0,0,1,0,0,0,100,20,1.112817183,0.222563437,0,46,30.71428571,21.68497395,470.2380952,0,1,0,0,1,0,0,0,0,35.83333333,24.6,46,100,0,0,0,0,0,0,5,123,1,46,253,64,2,20,0,0,0,0,0,0,0,0,BENIGN
1115,215,3,1,77,0,46,0,25.66666667,23.45918441,0,0,0,0,358139.5349,18604.65116,71.66666667,65.16389593,134,4,215,107.5,146.3711037,211,4,0,0,0,0,0,1,0,0,0,60,20,13953.48837,4651.162791,0,46,24.6,23.27659769,541.8,0,1,0,0,1,0,0,0,0,30.75,25.66666667,0,60,0,0,0,0,0,0,3,77,1,0,140,0,1,20,0,0,0,0,0,0,0,0,BENIGN
1297,4,2,0,0,0,0,0,0,0,0,0,0,0,0,500000,4,0,4,4,4,4,0,4,4,0,0,0,0,0,0,0,0,0,40,0,500000,0,0,0,0,0,0,0,0,0,0,1,0,0,0,0,0,0,0,40,0,0,0,0,0,0,2,0,0,0,33,-1,0,20,0,0,0,0,0,0,0,0,BENIGN
1324,2,3,0,31,0,31,0,10.33333333,17.89785834,0,0,0,0,15500000,1500000,1,0,1,1,2,1,0,1,1,0,0,0,0,0,0,0,0,0,60,0,1500000,0,0,31,7.75,15.5,240.25,0,0,0,0,1,0,0,0,0,10.33333333,10.33333333,0,60,0,0,0,0,0,0,3,31,0,0,64,-1,1,20,0,0,0,0,0,0,0,0,BENIGN
1112,2,2,0,0,0,0,0,0,0,0,0,0,0,0,1000000,2,0,2,2,2,2,0,2,2,0,0,0,0,0,0,0,0,0,40,0,1000000,0,0,0,0,0,0,0,0,0,0,1,0,0,0,0,0,0,0,40,0,0,0,0,0,0,2,0,0,0,1388,-1,0,20,0,0,0,0,0,0,0,0,BENIGN
1268,3,2,0,0,0,0,0,0,0,0,0,0,0,0,666666.6667,3,0,3,3,3,3,0,3,3,0,0,0,0,0,0,0,0,0,40,0,666666.6667,0,0,0,0,0,0,0,0,0,0,1,0,0,0,0,0,0,0,40,0,0,0,0,0,0,2,0,0,0,377,-1,0,20,0,0,0,0,0,0,0,0,BENIGN
123,69090825,2,2,96,96,48,48,48,0,48,48,48,0,2.778950751,0.057894807,23000000,39700000,68900000,90817,69000000,69000000,0,69000000,69000000,69000000,69000000,0,69000000,69000000,0,0,0,0,40,52,0.028947404,0.028947404,48,48,48,0,0,0,0,0,0,0,0,0,0,1,60,48,48,40,0,0,0,0,0,0,2,96,2,96,-1,-1,1,20,90874,0,90874,90874,68900000,0,68900000,68900000,BENIGN
123,69022316,2,2,96,96,48,48,48,0,48,48,48,0,2.781709035,0.057952272,23000000,39800000,69000000,22347,69000000,69000000,0,69000000,69000000,69000000,69000000,0,69000000,69000000,0,0,0,0,52,64,0.028976136,0.028976136,48,48,48,0,0,0,0,0,0,0,0,0,0,1,60,48,48,52,0,0,0,0,0,0,2,96,2,96,-1,-1,1,20,22586,0,22586,22586,69000000,0,69000000,69000000,BENIGN
443,60346995,13,12,1231,3978,889,0,94.69230769,247.3453674,1615,0,331.5,610.4187088,86.31747115,0.414270835,2514458.125,4376797.313,10000000,42,60300000,5028916.25,5199352.384,10100000,1293,60300000,5478284.091,5203767.546,10100000,214,0,0,0,0,272,244,0.215420834,0.198850001,0,1615,200.3461538,457.1453985,208981.9154,0,0,0,1,0,0,0,0,0,208.36,94.69230769,331.5,272,0,0,0,0,0,0,13,1231,12,3978,8192,32004,8,20,123762.6667,93150.4043,313905,85605,9934031.833,182833.895,10000000,9560859,BENIGN
443,117549631,16,16,955,6437,343,0,59.6875,98.66354866,2274,0,402.3125,695.3581062,62.8840766,0.27222544,3791923.581,14600000,58400000,-1,118000000,7836642.133,20500000,58400000,207,118000000,7834940.933,20500000,58500000,3,0,0,0,0,356,332,0.13611272,0.13611272,0,2274,224,512.0345447,262179.375,0,0,0,1,0,0,0,0,1,231,59.6875,402.3125,356,0,0,0,0,0,0,16,955,16,6437,8192,64,7,20,332317.5,109868.1303,410006,254629,58300000,160365.454,58400000,58200000,BENIGN
443,117660217,15,15,863,4794,238,0,57.53333333,78.94470639,1430,0,319.6,526.2860168,48.07912261,0.254971483,4057248.862,15000000,58400000,0,118000000,8404301.214,21100000,58400000,4,117000000,8385358.929,21200000,58700000,0,0,0,0,0,312,312,0.127485741,0.127485741,0,1430,182.483871,387.9188808,150481.0581,0,0,0,1,0,0,0,0,1,188.5666667,57.53333333,319.6,312,0,0,0,0,0,0,15,863,15,4794,8192,180,8,20,413193,232107.8009,577318,249068,58300000,194476.9922,58400000,58100000,BENIGN
443,60529254,13,12,1049,3871,725,0,80.69230769,202.9180395,1483,0,322.5833333,587.8657018,81.28301069,0.413023428,2522052.25,4393583.416,10000000,120,60500000,5044104.5,5220372.97,10100000,1317,60400000,5494925.818,5224801.787,10100000,256,0,0,0,0,272,244,0.214772183,0.198251246,0,1483,189.2307692,433.4930964,187916.2646,0,0,0,1,0,0,0,0,0,196.8,80.69230769,322.5833333,272,0,0,0,0,0,0,13,1049,12,3871,8192,31175,8,20,117045,79083.80449,278474,84636,9971125.5,92322.42591,10000000,9782683,BENIGN
443,61340843,14,13,1233,4165,890,0,88.07142857,239.2152119,1615,0,320.3846154,607.2512575,88.00009481,0.440163498,2359263.192,4253765.903,10000000,101,61300000,4718526.385,5133427.16,10100000,709,61300000,5104666,5210293.946,10100000,215,0,0,0,0,292,264,0.228232925,0.211930573,0,1615,192.7857143,454.2513872,206344.3228,0,0,0,1,0,0,0,0,0,199.9259259,88.07142857,320.3846154,292,0,0,0,0,0,0,14,1233,13,4165,8192,32040,9,20,174458.8333,219994.1981,623520,84476,9973207.333,86432.50759,10000000,9796778,BENIGN
443,61341348,17,15,3081,6489,944,0,181.2352941,353.7975285,1615,0,432.6,641.5855137,156.012222,0.521670962,1978753.161,3982139.146,10000000,84,61300000,3833834.25,4969107.675,10100000,601,61300000,4375556.071,5138420.757,10100000,220,0,0,0,0,352,304,0.277137698,0.244533263,0,1615,290,510.9989604,261119.9375,0,0,0,1,0,0,0,0,0,299.0625,181.2352941,432.6,352,0,0,0,0,0,0,17,3081,15,6489,8192,34928,11,20,220379.8333,335169.6423,904542,83518,9974114.167,86915.81796,10000000,9796698,BENIGN
443,61341858,14,14,1234,4007,891,0,88.14285714,239.4730938,2920,0,286.2142857,778.8306993,85.43921183,0.456458296,2271920.667,4214957.48,10000000,4,61300000,4718604.462,5166920.677,10100000,866,61300000,4712038.846,5186525.956,10100000,4,0,0,0,0,292,284,0.228229148,0.228229148,0,2920,180.7241379,565.0370972,319266.9212,0,0,0,1,0,0,0,0,1,187.1785714,88.14285714,286.2142857,292,0,0,0,0,0,0,14,1234,14,4007,8192,31185,9,20,141402.6667,139150.349,425442,84418,10000000,1003.404887,10000000,10000000,BENIGN
443,61342092,15,14,1235,4799,892,0,82.33333333,232.1307103,1615,0,342.7857143,584.8366213,98.36638763,0.472758575,2190789,4132992.476,10000000,83,61300000,4381578,5079181.824,10100000,686,61300000,4712106.462,5140325.05,10100000,219,0,0,0,0,324,364,0.244530297,0.228228278,0,1615,201.1333333,444.6578486,197720.6023,0,0,0,1,0,0,0,0,0,208.0689655,82.33333333,342.7857143,324,0,0,0,0,0,0,15,1235,14,4799,8192,117,9,20,189833.8333,258165.5427,716812,84250,9960483,118111.5399,10000000,9719389,BENIGN
443,61342741,14,13,1232,3978,889,0,88,238.9573506,1615,0,306,591.6192469,84.93262471,0.440149879,2359336.192,4253686.465,10000000,57,61300000,4718672.385,5133146.11,10100000,664,61300000,5104815.75,5208816.814,10100000,220,0,0,0,0,292,344,0.228225863,0.211924016,0,1615,186.0714286,442.9998686,196248.8836,0,0,0,1,0,0,0,0,0,192.962963,88,306,292,0,0,0,0,0,0,14,1232,13,3978,8192,117,9,20,174567.3333,220313.3567,624280,84460,9973216.5,79076.21502,10000000,9812319,BENIGN
443,8,1,1,0,0,0,0,0,0,0,0,0,0,0,250000,8,0,8,8,0,0,0,0,0,0,0,0,0,0,0,0,0,0,20,20,125000,125000,0,0,0,0,0,0,0,0,0,1,0,0,0,1,0,0,0,20,0,0,0,0,0,0,1,0,1,0,62954,34928,0,20,0,0,0,0,0,0,0,0,BENIGN
443,9,1,1,0,0,0,0,0,0,0,0,0,0,0,222222.2222,9,0,9,9,0,0,0,0,0,0,0,0,0,0,0,0,0,0,20,20,111111.1111,111111.1111,0,0,0,0,0,0,0,0,0,1,0,0,0,1,0,0,0,20,0,0,0,0,0,0,1,0,1,0,63150,32040,0,20,0,0,0,0,0,0,0,0,BENIGN
443,62947695,9,4,169,184,46,0,18.77777778,22.7364123,46,46,46,0,5.607830438,0.206520668,5245641.25,16700000,58200000,4,62900000,7868461.875,20400000,58200000,4,58700000,19600000,33500000,58200000,241893,1,0,0,0,204,80,0.142975847,0.063544821,0,46,28.5,22.39076046,501.3461538,0,1,0,0,1,0,0,0,0,30.69230769,18.77777778,46,204,0,0,0,0,0,0,9,169,4,184,256,136,3,20,283144,0,283144,283144,58200000,0,58200000,58200000,BENIGN
1283,3,2,0,31,0,31,0,15.5,21.92031022,0,0,0,0,10300000,666666.6667,3,0,3,3,3,3,0,3,3,0,0,0,0,0,1,0,0,0,40,0,666666.6667,0,0,31,20.66666667,17.89785834,320.3333333,0,1,0,0,1,0,0,0,0,31,15.5,0,40,0,0,0,0,0,0,2,31,0,0,136,-1,0,20,0,0,0,0,0,0,0,0,BENIGN
123,67022420,2,2,96,96,48,48,48,0,48,48,48,0,2.864713032,0.059681521,22300000,38700000,67000000,22148,67000000,67000000,0,67000000,67000000,67000000,67000000,0,67000000,67000000,0,0,0,0,52,52,0.029840761,0.029840761,48,48,48,0,0,0,0,0,0,0,0,0,0,1,60,48,48,52,0,0,0,0,0,0,2,96,2,96,-1,-1,1,20,22148,0,22148,22148,67000000,0,67000000,67000000,BENIGN
123,67094508,2,2,96,96,48,48,48,0,48,48,48,0,2.861635113,0.059617398,22400000,38600000,66900000,94146,67000000,67000000,0,67000000,67000000,67000000,67000000,0,67000000,67000000,0,0,0,0,40,52,0.029808699,0.029808699,48,48,48,0,0,0,0,0,0,0,0,0,0,1,60,48,48,40,0,0,0,0,0,0,2,96,2,96,-1,-1,1,20,94146,0,94146,94146,66900000,0,66900000,66900000,BENIGN
443,118068069,17,15,861,6445,245,0,50.64705882,80.36941363,2277,0,429.6666667,718.8761732,61.87955865,0.271030095,3808647.387,14600000,58600000,4,118000000,7379254.312,20000000,58700000,4,118000000,8429786.786,21200000,58700000,4,0,0,0,0,376,312,0.143984738,0.127045357,0,2277,221.3939394,516.4062681,266675.4337,0,0,0,1,0,0,0,0,0,228.3125,50.64705882,429.6666667,376,0,0,0,0,0,0,17,861,15,6445,8192,118,7,20,389229,122417.1544,475791,302667,58500000,178879.6309,58600000,58400000,BENIGN
443,118450134,20,24,1042,6145,230,0,52.1,72.66208741,1860,0,256.0416667,526.0693027,60.67532182,0.371464333,2754654.279,12500000,58800000,1,118000000,6234217.579,18500000,58900000,4,118000000,5147695.957,16900000,58900000,1,0,0,0,0,436,492,0.168847424,0.202616909,0,1860,159.7111111,397.302302,157849.1192,0,0,0,1,0,0,0,0,1,163.3409091,52.1,256.0416667,436,0,0,0,0,0,0,20,1042,24,6145,8192,368,10,20,484072,241020.1748,654499,313645,58600000,319813.0834,58800000,58400000,BENIGN
443,117725301,15,17,880,6064,255,0,58.66666667,81.79125579,2282,0,356.7058824,678.1235843,58.98477168,0.271819224,3797590.355,14600000,58400000,3,118000000,8408950.071,21200000,58400000,4,117000000,7341316.188,20000000,58700000,3,0,0,0,0,312,352,0.127415261,0.144403963,0,2282,210.4242424,506.3591876,256399.6269,0,0,0,1,0,0,0,0,1,217,58.66666667,356.7058824,312,0,0,0,0,0,0,15,880,17,6064,8192,360,8,20,405170.5,220579.8391,561144,249197,58300000,137094.5698,58400000,58200000,BENIGN
443,5481854,6,2,123,92,46,0,20.5,23.11493024,46,46,46,0,39.22030758,1.459360282,783122,1964785.576,5235511,39,5481854,1096370.8,2315975.992,5235511,46,216524,216524,0,216524,216524,1,0,0,0,132,40,1.094520212,0.364840071,0,46,29,22.28227996,496.5,0,1,0,0,1,0,0,0,0,32.625,20.5,46,132,0,0,0,0,0,0,6,123,2,92,252,64,2,20,240075,0,240075,240075,5235511,0,5235511,5235511,BENIGN
443,5482113,5,1,123,46,46,0,24.6,23.27659769,46,46,46,0,30.82752946,1.094468501,1096422.6,2301844.603,5211245,3,5482113,1370528.25,2563440.654,5211245,3,0,0,0,0,0,1,0,0,0,100,20,0.912057085,0.182411417,0,46,30.71428571,21.68497395,470.2380952,0,1,0,0,1,0,0,0,0,35.83333333,24.6,46,100,0,0,0,0,0,0,5,123,1,46,255,180,2,20,264499,0,264499,264499,5211245,0,5211245,5211245,BENIGN
1414,210,2,0,0,0,0,0,0,0,0,0,0,0,0,9523.809524,210,0,210,210,210,210,0,210,210,0,0,0,0,0,0,0,0,0,40,0,9523.809524,0,0,0,0,0,0,0,0,0,0,1,0,0,0,0,0,0,0,40,0,0,0,0,0,0,2,0,0,0,64,-1,0,20,0,0,0,0,0,0,0,0,BENIGN
1412,3,2,0,0,0,0,0,0,0,0,0,0,0,0,666666.6667,3,0,3,3,3,3,0,3,3,0,0,0,0,0,0,0,0,0,40,0,666666.6667,0,0,0,0,0,0,0,0,0,0,1,0,0,0,0,0,0,0,40,0,0,0,0,0,0,2,0,0,0,180,-1,0,20,0,0,0,0,0,0,0,0,BENIGN
123,67016727,2,2,96,96,48,48,48,0,48,48,48,0,2.864956386,0.059686591,22300000,38700000,67000000,16496,67000000,67000000,0,67000000,67000000,67000000,67000000,0,67000000,67000000,0,0,0,0,40,40,0.029843296,0.029843296,48,48,48,0,0,0,0,0,0,0,0,0,0,1,60,48,48,40,0,0,0,0,0,0,2,96,2,96,-1,-1,1,20,16496,0,16496,16496,67000000,0,67000000,67000000,BENIGN
123,67036926,2,2,96,96,48,48,48,0,48,48,48,0,2.864093142,0.059668607,22300000,38600000,67000000,36758,67000000,67000000,0,67000000,67000000,67000000,67000000,0,67000000,67000000,0,0,0,0,40,52,0.029834304,0.029834304,48,48,48,0,0,0,0,0,0,0,0,0,0,1,60,48,48,40,0,0,0,0,0,0,2,96,2,96,-1,-1,1,20,36828,0,36828,36828,67000000,0,67000000,67000000,BENIGN
123,69016531,2,2,96,96,48,48,48,0,48,48,48,0,2.781942199,0.057957129,23000000,39800000,69000000,16515,69000000,69000000,0,69000000,69000000,69000000,69000000,0,69000000,69000000,0,0,0,0,52,52,0.028978565,0.028978565,48,48,48,0,0,0,0,0,0,0,0,0,0,1,60,48,48,52,0,0,0,0,0,0,2,96,2,96,-1,-1,1,20,16515,0,16515,16515,69000000,0,69000000,69000000,BENIGN
443,4483220,6,2,123,92,46,0,20.5,23.11493024,46,46,46,0,47.95660262,1.784431725,640460,1555425.068,4163826,3,4483220,896644,1829624.979,4163826,3,260328,260328,0,260328,260328,1,0,0,0,132,40,1.338323794,0.446107931,0,46,29,22.28227996,496.5,0,1,0,0,1,0,0,0,0,32.625,20.5,46,132,0,0,0,0,0,0,6,123,2,92,253,368,2,20,0,0,0,0,0,0,0,0,BENIGN
443,4483533,6,2,123,92,46,0,20.5,23.11493024,46,46,46,0,47.95325472,1.784307152,640504.7143,1561172.582,4176783,48,4483533,896706.6,1836880.729,4176783,48,250041,250041,0,250041,250041,1,0,0,0,132,40,1.338230364,0.446076788,0,46,29,22.28227996,496.5,0,1,0,0,1,0,0,0,0,32.625,20.5,46,132,0,0,0,0,0,0,6,123,2,92,252,118,2,20,0,0,0,0,0,0,0,0,BENIGN
1473,3,2,0,0,0,0,0,0,0,0,0,0,0,0,666666.6667,3,0,3,3,3,3,0,3,3,0,0,0,0,0,0,0,0,0,40,0,666666.6667,0,0,0,0,0,0,0,0,0,0,1,0,0,0,0,0,0,0,40,0,0,0,0,0,0,2,0,0,0,118,-1,0,20,0,0,0,0,0,0,0,0,BENIGN
1463,3,2,0,0,0,0,0,0,0,0,0,0,0,0,666666.6667,3,0,3,3,3,3,0,3,3,0,0,0,0,0,0,0,0,0,40,0,666666.6667,0,0,0,0,0,0,0,0,0,0,1,0,0,0,0,0,0,0,40,0,0,0,0,0,0,2,0,0,0,368,-1,0,20,0,0,0,0,0,0,0,0,BENIGN
80,3341074,10,11,876,15013,332,0,87.6,142.0111107,2920,0,1364.818182,802.65096,4755.656415,6.285404035,167053.7,510321.6967,2081412,22,3341074,371230.4444,730242.2768,2081412,96,3296740,329674,722694.1671,2126185,47,0,0,0,0,212,232,2.99304954,3.292354494,0,2920,722.2272727,865.0701558,748346.3745,0,0,0,1,0,0,0,0,1,756.6190476,87.6,1364.818182,212,0,0,0,0,0,0,10,876,11,15013,8192,1013,3,20,0,0,0,0,0,0,0,0,BENIGN
80,44148,1,1,0,0,0,0,0,0,0,0,0,0,0,45.30216544,44148,0,44148,44148,0,0,0,0,0,0,0,0,0,0,0,0,0,0,20,20,22.65108272,22.65108272,0,0,0,0,0,0,0,0,0,1,1,0,0,1,0,0,0,20,0,0,0,0,0,0,1,0,1,0,256,1013,0,20,0,0,0,0,0,0,0,0,BENIGN
443,118189273,14,13,892,3887,284,0,63.71428571,91.00501133,1539,0,299,545.4968683,40.43514169,0.228447128,4545741.269,15900000,58600000,1,118000000,9091482.538,21900000,58600000,4,118000000,9828335.083,22800000,58800000,1,0,0,0,0,292,272,0.118454066,0.109993062,0,1539,170.6785714,388.8177764,151179.2632,0,0,0,1,0,0,0,0,0,177,63.71428571,299,292,0,0,0,0,0,0,14,892,13,3887,8192,118,7,20,540208,411565.8451,831229,249187,58400000,187501.3838,58600000,58300000,BENIGN
123,68016189,2,2,96,96,48,48,48,0,48,48,48,0,2.822857364,0.058809528,22700000,39200000,68000000,16192,68000000,68000000,0,68000000,68000000,68000000,68000000,0,68000000,68000000,0,0,0,0,40,40,0.029404764,0.029404764,48,48,48,0,0,0,0,0,0,0,0,0,0,1,60,48,48,40,0,0,0,0,0,0,2,96,2,96,-1,-1,1,20,16192,0,16192,16192,68000000,0,68000000,68000000,BENIGN
443,60876107,14,13,1251,4412,911,0,89.35714286,244.5217018,1615,0,339.3846154,633.8406133,93.0250024,0.443523762,2341388.731,4281089.887,10000000,108,60900000,4682777.462,5198080.384,10100000,238,60800000,5065823,5248867.724,10100000,238,0,0,0,0,292,264,0.229975284,0.213548478,0,1615,202.25,473.8392152,224523.6019,0,0,0,1,0,0,0,0,0,209.7407407,89.35714286,339.3846154,292,0,0,0,0,0,0,14,1251,13,4412,8192,31885,9,20,116653,75944.18345,271673,85369,10000000,4902.165521,10000000,9995485,BENIGN
3268,112951280,32,16,6448,1152,403,0,201.5,204.7242047,72,72,72,0,67.2856474,0.424961984,2403218.723,5809578.034,16400000,2,113000000,3643589.677,6861616.846,16400000,2,113000000,7530058.067,8339106.343,16400000,2,1,0,0,0,1024,512,0.283307989,0.141653995,0,403,163.3265306,178.9317127,32016.55782,0,1,0,0,1,0,0,0,0,166.7291667,201.5,72,1024,0,0,0,0,0,0,32,6448,16,1152,548,2079,15,32,415.8571429,29.14577483,480,399,16100000,506694.0064,16400000,15400000,BENIGN
389,112951297,32,16,6448,5056,403,0,201.5,204.7242047,316,316,316,0,101.8492067,0.42496192,2403219.085,5809620.276,16400000,3,113000000,3643590.226,6861671.584,16400000,3,113000000,7530061.867,8339111.812,16400000,3,1,0,0,0,1024,512,0.283307946,0.141653973,0,403,243,174.7169139,30526,0,1,0,0,1,0,0,0,0,248.0625,201.5,316,1024,0,0,0,0,0,0,32,6448,16,5056,1001,2079,15,32,338.5714286,20.460182,369,326,16100000,506705.5633,16400000,15400000,BENIGN
123,66016104,2,2,96,96,48,48,48,0,48,48,48,0,2.908381264,0.060591276,22000000,38100000,66000000,15999,66000000,66000000,0,66000000,66000000,66000000,66000000,0,66000000,66000000,0,0,0,0,52,52,0.030295638,0.030295638,48,48,48,0,0,0,0,0,0,0,0,0,0,1,60,48,48,52,0,0,0,0,0,0,2,96,2,96,-1,-1,1,20,16306,0,16306,16306,66000000,0,66000000,66000000,BENIGN
123,68044182,2,2,96,96,48,48,48,0,48,48,48,0,2.821696056,0.058785335,22700000,39200000,68000000,44193,68000000,68000000,0,68000000,68000000,68000000,68000000,0,68000000,68000000,0,0,0,0,40,52,0.029392667,0.029392667,48,48,48,0,0,0,0,0,0,0,0,0,0,1,60,48,48,40,0,0,0,0,0,0,2,96,2,96,-1,-1,1,20,44193,0,44193,44193,68000000,0,68000000,68000000,BENIGN
443,5494671,5,1,123,46,46,0,24.6,23.27659769,46,46,46,0,30.75707354,1.091967108,1098934.2,2309038.834,5226595,3,5494671,1373667.75,2571618.106,5226595,3,0,0,0,0,0,1,0,0,0,100,20,0.90997259,0.181994518,0,46,30.71428571,21.68497395,470.2380952,0,1,0,0,1,0,0,0,0,35.83333333,24.6,46,100,0,0,0,0,0,0,5,123,1,46,255,360,2,20,264965,0,264965,264965,5226595,0,5226595,5226595,BENIGN
1508,3,2,0,0,0,0,0,0,0,0,0,0,0,0,666666.6667,3,0,3,3,3,3,0,3,3,0,0,0,0,0,0,0,0,0,40,0,666666.6667,0,0,0,0,0,0,0,0,0,0,1,0,0,0,0,0,0,0,40,0,0,0,0,0,0,2,0,0,0,360,-1,0,20,0,0,0,0,0,0,0,0,BENIGN
123,66028896,2,2,96,96,48,48,48,0,48,48,48,0,2.907817814,0.060579538,22000000,38100000,66000000,28789,66000000,66000000,0,66000000,66000000,66000000,66000000,0,66000000,66000000,0,0,0,0,52,52,0.030289769,0.030289769,48,48,48,0,0,0,0,0,0,0,0,0,0,1,60,48,48,52,0,0,0,0,0,0,2,96,2,96,-1,-1,1,20,29056,0,29056,29056,66000000,0,66000000,66000000,BENIGN
443,62743573,7,2,169,92,46,0,24.14285714,23.19790631,46,46,46,0,4.159788605,0.143440986,7842946.625,20300000,58000000,48,62700000,10500000,23300000,58000000,48,58200000,58200000,0,58200000,58200000,1,0,0,0,140,40,0.111565212,0.031875775,0,46,30.7,21.68486415,470.2333333,0,1,0,0,1,0,0,0,0,34.11111111,24.14285714,46,140,0,0,0,0,0,0,7,169,2,92,255,409,3,20,249258,0,249258,249258,58000000,0,58000000,58000000,BENIGN
1249,1,2,0,0,0,0,0,0,0,0,0,0,0,0,2000000,1,0,1,1,1,1,0,1,1,0,0,0,0,0,0,0,0,0,40,0,2000000,0,0,0,0,0,0,0,0,0,0,1,0,0,0,0,0,0,0,40,0,0,0,0,0,0,2,0,0,0,409,-1,0,20,0,0,0,0,0,0,0,0,BENIGN
0,111454631,122,0,0,0,0,0,0,0,0,0,0,0,0,1.094615799,921112.6529,2489564.759,15500000,0,111000000,921112.6529,2489564.759,15500000,0,0,0,0,0,0,0,0,0,0,0,0,1.094615799,0,0,0,0,0,0,0,0,0,0,0,0,0,0,0,0,0,0,0,0,0,0,0,0,0,122,0,0,0,-1,-1,0,0,4703951.714,3813134.434,9742852,500068,9561564,3389756.902,15500000,5725709,BENIGN
123,66016522,2,2,96,96,48,48,48,0,48,48,48,0,2.908362849,0.060590893,22000000,38100000,66000000,16325,66000000,66000000,0,66000000,66000000,66000000,66000000,0,66000000,66000000,0,0,0,0,52,52,0.030295446,0.030295446,48,48,48,0,0,0,0,0,0,0,0,0,0,1,60,48,48,52,0,0,0,0,0,0,2,96,2,96,-1,-1,1,20,16325,0,16325,16325,66000000,0,66000000,66000000,BENIGN
53,3971115,2,2,107,212,54,53,53.5,0.707106781,110,102,106,5.656854249,80.33008362,1.007273776,1323705,2213086.783,3879102,31421,3910523,3910523,0,3910523,3910523,3939694,3939694,0,3939694,3939694,0,0,0,0,40,40,0.503636888,0.503636888,53,110,74.6,28.80624932,829.8,0,0,0,0,0,0,0,0,1,93.25,53.5,106,40,0,0,0,0,0,0,2,107,2,212,-1,-1,1,20,0,0,0,0,0,0,0,0,BENIGN
123,68016568,2,2,96,96,48,48,48,0,48,48,48,0,2.822841635,0.058809201,22700000,39200000,68000000,16430,68000000,68000000,0,68000000,68000000,68000000,68000000,0,68000000,68000000,0,0,0,0,40,52,0.0294046,0.0294046,48,48,48,0,0,0,0,0,0,0,0,0,0,1,60,48,48,40,0,0,0,0,0,0,2,96,2,96,-1,-1,1,20,16430,0,16430,16430,68000000,0,68000000,68000000,BENIGN
123,69016838,2,2,96,96,48,48,48,0,48,48,48,0,2.781929824,0.057956871,23000000,39800000,69000000,16269,69000000,69000000,0,69000000,69000000,69000000,69000000,0,69000000,69000000,0,0,0,0,52,52,0.028978436,0.028978436,48,48,48,0,0,0,0,0,0,0,0,0,0,1,60,48,48,52,0,0,0,0,0,0,2,96,2,96,-1,-1,1,20,16269,0,16269,16269,69000000,0,69000000,69000000,BENIGN
443,5507531,5,1,123,46,46,0,24.6,23.27659769,46,46,46,0,30.68525624,1.089417381,1101506.2,2316399.782,5242247,3,5507531,1376882.75,2579928.035,5242247,3,0,0,0,0,0,1,0,0,0,100,20,0.907847818,0.181569564,0,46,30.71428571,21.68497395,470.2380952,0,1,0,0,1,0,0,0,0,35.83333333,24.6,46,100,0,0,0,0,0,0,5,123,1,46,253,118,2,20,264871,0,264871,264871,5242247,0,5242247,5242247,BENIGN
1567,4,2,0,0,0,0,0,0,0,0,0,0,0,0,500000,4,0,4,4,4,4,0,4,4,0,0,0,0,0,0,0,0,0,40,0,500000,0,0,0,0,0,0,0,0,0,0,1,0,0,0,0,0,0,0,40,0,0,0,0,0,0,2,0,0,0,118,-1,0,20,0,0,0,0,0,0,0,0,BENIGN
53,45448957,2,2,100,335,55,45,50,7.071067812,225,110,167.5,81.31727984,9.571176738,0.088010821,15100000,26200000,45400000,32721,45400000,45400000,0,45400000,45400000,45400000,45400000,0,45400000,45400000,0,0,0,0,52,52,0.04400541,0.04400541,45,225,98,75.46522378,5695,0,0,0,0,0,0,0,0,1,122.5,50,167.5,52,0,0,0,0,0,0,2,100,2,335,-1,-1,1,20,32721,0,32721,32721,45400000,0,45400000,45400000,BENIGN
53,30558,1,1,52,101,52,52,52,0,101,101,101,0,5006.872177,65.44930951,30558,0,30558,30558,0,0,0,0,0,0,0,0,0,0,0,0,0,0,20,20,32.72465475,32.72465475,52,101,68.33333333,28.29016319,800.3333333,0,0,0,0,0,0,0,0,1,102.5,52,101,20,0,0,0,0,0,0,1,52,1,101,-1,-1,0,20,0,0,0,0,0,0,0,0,BENIGN
123,67016616,2,2,96,96,48,48,48,0,48,48,48,0,2.864961131,0.05968669,22300000,38700000,67000000,16485,67000000,67000000,0,67000000,67000000,67000000,67000000,0,67000000,67000000,0,0,0,0,52,64,0.029843345,0.029843345,48,48,48,0,0,0,0,0,0,0,0,0,0,1,60,48,48,52,0,0,0,0,0,0,2,96,2,96,-1,-1,1,20,16572,0,16572,16572,67000000,0,67000000,67000000,BENIGN
53,2603678,2,2,111,219,56,55,55.5,0.707106781,110,109,109.5,0.707106781,126.7437832,1.536288281,867892.6667,1414618.439,2501212,32624,2533836,2533836,0,2533836,2533836,2571054,2571054,0,2571054,2571054,0,0,0,0,40,40,0.768144141,0.768144141,55,110,77,29.67322025,880.5,0,0,0,0,0,0,0,0,1,96.25,55.5,109.5,40,0,0,0,0,0,0,2,111,2,219,-1,-1,1,20,0,0,0,0,0,0,0,0,BENIGN
443,112983,13,8,1017,5402,533,0,78.23076923,156.7036236,1690,0,675.25,753.8792533,56813.85695,185.8686705,5649.15,9971.838664,26444,1,112983,9415.25,11819.72829,26705,1,89361,12765.85714,16406.91723,39698,50,0,0,0,0,428,264,115.0615579,70.80711257,0,1690,291.7727273,540.1667231,291780.0887,0,0,0,1,0,0,0,0,0,305.6666667,78.23076923,675.25,428,0,0,0,0,0,0,13,1017,8,5402,65535,972,6,32,0,0,0,0,0,0,0,0,BENIGN
53,30726,1,1,54,108,54,54,54,0,108,108,108,0,5272.407733,65.09145349,30726,0,30726,30726,0,0,0,0,0,0,0,0,0,0,0,0,0,0,20,20,32.54572675,32.54572675,54,108,72,31.17691454,972,0,0,0,0,0,0,0,0,1,108,54,108,20,0,0,0,0,0,0,1,54,1,108,-1,-1,0,20,0,0,0,0,0,0,0,0,BENIGN
49172,3,2,0,37,0,37,0,18.5,26.1629509,0,0,0,0,12300000,666666.6667,3,0,3,3,3,3,0,3,3,0,0,0,0,0,1,0,0,0,64,0,666666.6667,0,0,37,24.66666667,21.36195996,456.3333333,0,1,0,0,1,0,0,0,0,37,18.5,0,64,0,0,0,0,0,0,2,37,0,0,972,-1,0,32,0,0,0,0,0,0,0,0,BENIGN
443,926198,24,18,1582,17682,741,0,65.91666667,169.7048375,1418,0,982.3333333,604.7024548,20799.00842,45.34667533,22590.19512,109410.6014,700301,1,926198,40269.47826,145004.5566,700301,1,888245,52249.70588,180933.657,750993,2,0,0,0,0,780,584,25.9123859,19.43428943,0,1418,448,611.8342057,374341.0952,0,0,0,1,0,0,0,0,0,458.6666667,65.91666667,982.3333333,780,0,0,0,0,0,0,24,1582,18,17682,65535,360,7,32,0,0,0,0,0,0,0,0,BENIGN
49173,153,2,1,0,0,0,0,0,0,0,0,0,0,0,19607.84314,76.5,103.9446968,150,3,3,3,0,3,3,0,0,0,0,0,0,0,0,0,64,32,13071.89542,6535.947712,0,0,0,0,0,0,0,0,0,1,1,0,0,0,0,0,0,64,0,0,0,0,0,0,2,0,1,0,360,65535,0,32,0,0,0,0,0,0,0,0,BENIGN
123,67028936,2,2,96,96,48,48,48,0,48,48,48,0,2.864434548,0.05967572,22300000,38600000,67000000,28618,67000000,67000000,0,67000000,67000000,67000000,67000000,0,67000000,67000000,0,0,0,0,52,40,0.02983786,0.02983786,48,48,48,0,0,0,0,0,0,0,0,0,0,1,60,48,48,52,0,0,0,0,0,0,2,96,2,96,-1,-1,1,20,28618,0,28618,28618,67000000,0,67000000,67000000,BENIGN
123,69000302,4,4,192,192,48,48,48,0,48,48,48,0,5.565193034,0.115941522,9857186,26100000,69000000,3,69000000,23000000,39800000,69000000,4,69000000,23000000,39800000,69000000,3,0,0,0,0,80,80,0.057970761,0.057970761,48,48,48,0,0,0,0,0,0,0,0,0,0,1,54,48,48,80,0,0,0,0,0,0,4,192,4,192,-1,-1,3,20,156,0,156,156,69000000,0,69000000,69000000,BENIGN
443,210866,13,8,1112,4496,629,0,85.53846154,180.3758185,1418,0,562,638.8608165,26595.08882,99.58931264,10543.3,20339.74897,50694,1,210866,17572.16667,24272.88758,50867,1,160557,22936.71429,28539.97712,58615,4,0,0,0,0,428,264,61.65052687,37.93878577,0,1418,254.9090909,459.8016041,211417.5152,0,0,0,1,0,0,0,0,0,267.047619,85.53846154,562,428,0,0,0,0,0,0,13,1112,8,4496,65535,175,6,32,0,0,0,0,0,0,0,0,BENIGN
49183,84,1,1,0,0,0,0,0,0,0,0,0,0,0,23809.52381,84,0,84,84,0,0,0,0,0,0,0,0,0,0,0,0,0,0,32,32,11904.7619,11904.7619,0,0,0,0,0,0,0,0,0,1,1,0,0,1,0,0,0,32,0,0,0,0,0,0,1,0,1,0,175,65535,0,32,0,0,0,0,0,0,0,0,BENIGN
53,119394808,3,3,160,297,55,50,53.33333333,2.886751346,111,87,99,12,3.827637128,0.050253442,23900000,50900000,115000000,30534,119000000,59700000,78200000,115000000,4418005,119000000,59700000,78200000,115000000,4388079,0,0,0,0,60,72,0.025126721,0.025126721,50,111,72.42857143,25.88343835,669.952381,0,0,0,0,0,0,0,0,1,84.5,53.33333333,99,60,0,0,0,0,0,0,3,160,3,297,-1,-1,2,20,4448539,0,4448539,4448539,115000000,0,115000000,115000000,BENIGN
123,68057698,2,2,96,96,48,48,48,0,48,48,48,0,2.821135678,0.05877366,22700000,39200000,67900000,55032,68000000,68000000,0,68000000,68000000,68000000,68000000,0,68000000,68000000,0,0,0,0,52,52,0.02938683,0.02938683,48,48,48,0,0,0,0,0,0,0,0,0,0,1,60,48,48,52,0,0,0,0,0,0,2,96,2,96,-1,-1,1,20,55032,0,55032,55032,67900000,0,67900000,67900000,BENIGN
123,69072185,2,2,96,96,48,48,48,0,48,48,48,0,2.779700686,0.057910431,23000000,39800000,68900000,71691,69000000,69000000,0,69000000,69000000,69000000,69000000,0,69000000,69000000,0,0,0,0,40,40,0.028955215,0.028955215,48,48,48,0,0,0,0,0,0,0,0,0,0,1,60,48,48,40,0,0,0,0,0,0,2,96,2,96,-1,-1,1,20,71691,0,71691,71691,68900000,0,68900000,68900000,BENIGN
123,68093192,2,2,96,96,48,48,48,0,48,48,48,0,2.819665144,0.058743024,22700000,39200000,67900000,93055,68000000,68000000,0,68000000,68000000,68000000,68000000,0,68000000,68000000,0,0,0,0,52,52,0.029371512,0.029371512,48,48,48,0,0,0,0,0,0,0,0,0,0,1,60,48,48,52,0,0,0,0,0,0,2,96,2,96,-1,-1,1,20,93240,0,93240,93240,67900000,0,67900000,67900000,BENIGN
53,30481,1,1,48,113,48,48,48,0,113,113,113,0,5281.978938,65.61464519,30481,0,30481,30481,0,0,0,0,0,0,0,0,0,0,0,0,0,0,20,20,32.80732259,32.80732259,48,113,69.66666667,37.5277675,1408.333333,0,0,0,0,0,0,0,0,1,104.5,48,113,20,0,0,0,0,0,0,1,48,1,113,-1,-1,0,20,0,0,0,0,0,0,0,0,BENIGN
53,30350,1,1,54,108,54,54,54,0,108,108,108,0,5337.726524,65.89785832,30350,0,30350,30350,0,0,0,0,0,0,0,0,0,0,0,0,0,0,20,32,32.94892916,32.94892916,54,108,72,31.17691454,972,0,0,0,0,0,0,0,0,1,108,54,108,20,0,0,0,0,0,0,1,54,1,108,-1,-1,0,20,0,0,0,0,0,0,0,0,BENIGN
53,96430,1,1,45,135,45,45,45,0,135,135,135,0,1866.639013,20.74043348,96430,0,96430,96430,0,0,0,0,0,0,0,0,0,0,0,0,0,0,32,20,10.37021674,10.37021674,45,135,75,51.96152423,2700,0,0,0,0,0,0,0,0,1,112.5,45,135,32,0,0,0,0,0,0,1,45,1,135,-1,-1,0,32,0,0,0,0,0,0,0,0,BENIGN
53,30752,1,1,52,104,52,52,52,0,104,104,104,0,5072.840791,65.0364204,30752,0,30752,30752,0,0,0,0,0,0,0,0,0,0,0,0,0,0,20,20,32.5182102,32.5182102,52,104,69.33333333,30.022214,901.3333333,0,0,0,0,0,0,0,0,1,104,52,104,20,0,0,0,0,0,0,1,52,1,104,-1,-1,0,20,0,0,0,0,0,0,0,0,BENIGN
53,5360231,2,2,99,153,54,45,49.5,6.363961031,108,45,76.5,44.54772721,47.01289926,0.746236496,1786743.667,2967789.689,5213293,30511,5329720,5329720,0,5329720,5329720,5243804,5243804,0,5243804,5243804,0,0,0,0,40,52,0.373118248,0.373118248,45,108,59.4,27.44631123,753.3,0,0,0,0,0,0,0,0,1,74.25,49.5,76.5,40,0,0,0,0,0,0,2,99,2,153,-1,-1,1,20,116427,0,116427,116427,5213293,0,5213293,5213293,BENIGN
53,16132231,2,2,126,276,71,55,63,11.3137085,156,120,138,25.45584412,24.919058,0.247950826,5377410.333,9208651.346,16000000,60715,16100000,16100000,0,16100000,16100000,16100000,16100000,0,16100000,16100000,0,0,0,0,52,40,0.123975413,0.123975413,55,156,94.6,42.12244058,1774.3,0,0,0,0,0,0,0,0,1,118.25,63,138,52,0,0,0,0,0,0,2,126,2,276,-1,-1,1,20,60715,0,60715,60715,16000000,0,16000000,16000000,BENIGN
53,118955346,3,3,149,287,55,46,49.66666667,4.725815626,129,64,95.66666667,32.53203549,3.665240905,0.050439095,23800000,41900000,96900000,30912,119000000,59500000,53000000,96900000,22000000,119000000,59500000,53000000,96900000,22000000,0,0,0,0,84,80,0.025219548,0.025219548,46,129,69.14285714,31.24328499,976.1428571,0,0,0,0,0,0,0,0,1,80.66666667,49.66666667,95.66666667,84,0,0,0,0,0,0,3,149,3,287,-1,-1,2,20,54923.5,9511.293314,61649,48198,59400000,53000000,96900000,21900000,BENIGN
138,92264001,52,0,11232,0,216,216,216,0,0,0,0,0,121.7376212,0.563600098,1809098.059,9577780.608,61900000,1,92300000,1809098.059,9577780.608,61900000,1,0,0,0,0,0,0,0,0,0,1352,0,0.563600098,0,216,216,216,0,0,0,0,0,0,0,0,0,0,0,220.1538462,216,0,1352,0,0,0,0,0,0,52,11232,0,0,-1,-1,51,20,17069.5,24053.65138,34078,61,46100000,22400000,61900000,30300000,BENIGN
443,563849,8,7,1825,3339,1301,0,228.125,451.4042969,1400,0,477,629.7549788,9158.480373,26.60286708,40274.92857,55771.00219,182936,4,477275,68182.14286,70224.39371,182936,214,481596,80266,118907.0408,306912,4,0,0,0,0,264,232,14.18819578,12.4146713,0,1400,322.75,525.880785,276550.6,0,0,0,1,0,0,0,0,0,344.2666667,228.125,477,264,0,0,0,0,0,0,8,1825,7,3339,29200,14311,3,32,0,0,0,0,0,0,0,0,BENIGN
443,163111,4,0,53,0,53,0,13.25,26.5,0,0,0,0,324.9321015,24.52317747,54370.33333,63719.39911,124549,140,163111,54370.33333,63719.39911,124549,140,0,0,0,0,0,0,0,0,0,128,0,24.52317747,0,0,53,10.6,23.70232056,561.8,0,0,0,0,1,0,0,0,0,13.25,13.25,0,128,0,0,0,0,0,0,4,53,0,0,296,-1,1,32,0,0,0,0,0,0,0,0,BENIGN
80,49408,3,4,438,860,438,0,146,252.8794179,860,0,215,430,26271.04922,141.6774611,8234.666667,11685.34114,23377,4,25660,12830,15003.39168,23439,2221,26031,8677,14550.07488,25475,4,0,0,0,0,104,136,60.71891192,80.95854922,0,860,162.25,320.9012977,102977.6429,0,0,0,1,0,0,0,0,1,185.4285714,146,215,104,0,0,0,0,0,0,3,438,4,860,29200,31,1,32,0,0,0,0,0,0,0,0,BENIGN
80,1393,2,0,0,0,0,0,0,0,0,0,0,0,0,1435.750179,1393,0,1393,1393,1393,1393,0,1393,1393,0,0,0,0,0,0,0,0,0,64,0,1435.750179,0,0,0,0,0,0,0,0,0,0,1,0,0,0,0,0,0,0,64,0,0,0,0,0,0,2,0,0,0,242,-1,0,32,0,0,0,0,0,0,0,0,BENIGN
443,5759873,7,4,635,168,517,0,90.71428571,190.7072051,168,0,42,84,139.4127961,1.90976433,575987.3,1580214.444,5047261,4,5759873,959978.8333,2051362.774,5124380,47,675663,225221,322509.9395,594677,4,0,0,0,0,232,136,1.215304574,0.694459756,0,517,66.91666667,150.8487854,22755.35606,0,0,0,1,0,0,0,0,0,73,90.71428571,42,232,0,0,0,0,0,0,7,635,4,168,29200,340,3,32,712565,0,712565,712565,5047261,0,5047261,5047261,BENIGN
443,6336538,9,6,384,4080,191,0,42.66666667,76.89440812,1418,0,680,666.0342334,704.4856355,2.367223238,452609.8571,1516641.178,5705915,13,6336538,792067.25,1991226.09,5705915,62,555664,111132.8,214632.8313,492056,49,0,0,0,0,296,200,1.420333943,0.946889295,0,1418,279,504.0263221,254042.5333,0,0,0,1,0,0,0,0,0,297.6,42.66666667,680,296,0,0,0,0,0,0,9,384,6,4080,29200,349,3,32,630561,0,630561,630561,5705915,0,5705915,5705915,BENIGN
49879,3,2,0,0,0,0,0,0,0,0,0,0,0,0,666666.6667,3,0,3,3,3,3,0,3,3,0,0,0,0,0,0,0,0,0,64,0,666666.6667,0,0,0,0,0,0,0,0,0,0,1,0,0,0,0,0,0,0,64,0,0,0,0,0,0,2,0,0,0,340,-1,0,32,0,0,0,0,0,0,0,0,BENIGN
53,32739,1,1,44,204,44,44,44,0,204,204,204,0,7575.06338,61.08922081,32739,0,32739,32739,0,0,0,0,0,0,0,0,0,0,0,0,0,0,20,20,30.5446104,30.5446104,44,204,97.33333333,92.37604307,8533.333333,0,0,0,0,0,0,0,0,1,146,44,204,20,0,0,0,0,0,0,1,44,1,204,-1,-1,0,20,0,0,0,0,0,0,0,0,BENIGN
443,34841832,6,4,31,0,31,0,5.166666667,12.655697,0,0,0,0,0.889735075,0.287011314,3871314.667,4836735.792,10000000,28,34800000,6968366.4,4532186.919,10000000,28,30100000,10000000,301.5565176,10000000,10000000,0,0,0,0,192,128,0.172206789,0.114804526,0,31,2.818181818,9.346851682,87.36363636,0,0,0,0,1,0,0,0,0,3.1,5.166666667,0,192,0,0,0,0,0,0,6,31,4,0,351,391,1,32,42122,106.7754653,42203,42001,10000000,108.4865583,10000000,10000000,BENIGN
443,5532366,20,23,678,30521,328,0,33.9,87.71598906,2896,0,1327,890.2989794,5639.359363,7.77244311,131723,763861.0996,4954195,3,578168,30429.89474,72056.18671,310806,188,5488495,249477.0455,1054164.106,4954210,3,0,0,0,0,648,744,3.615089819,4.157353292,0,2896,709.0681818,914.8164233,836889.0883,0,0,0,1,0,0,0,0,1,725.5581395,33.9,1327,648,0,0,0,0,0,0,20,678,23,30521,29200,252,3,32,0,0,0,0,0,0,0,0,BENIGN
53,120321,1,1,45,166,45,45,45,0,166,166,166,0,1753.64234,16.62220228,120321,0,120321,120321,0,0,0,0,0,0,0,0,0,0,0,0,0,0,20,20,8.311101138,8.311101138,45,166,85.33333333,69.85938257,4880.333333,0,0,0,0,0,0,0,0,1,128,45,166,20,0,0,0,0,0,0,1,45,1,166,-1,-1,0,20,0,0,0,0,0,0,0,0,BENIGN
53,444681,1,1,54,195,54,54,54,0,195,195,195,0,559.9519656,4.497606149,444681,0,444681,444681,0,0,0,0,0,0,0,0,0,0,0,0,0,0,32,20,2.248803075,2.248803075,54,195,101,81.40638796,6627,0,0,0,0,0,0,0,0,1,151.5,54,195,32,0,0,0,0,0,0,1,54,1,195,-1,-1,0,32,0,0,0,0,0,0,0,0,BENIGN
443,431929,3,0,0,0,0,0,0,0,0,0,0,0,0,6.945585964,215964.5,251978.2086,394140,37789,431929,215964.5,251978.2086,394140,37789,0,0,0,0,0,0,0,0,0,96,0,6.945585964,0,0,0,0,0,0,0,0,0,0,1,0,0,0,0,0,0,0,96,0,0,0,0,0,0,3,0,0,0,723,-1,0,32,0,0,0,0,0,0,0,0,BENIGN
443,5262571,7,4,635,168,517,0,90.71428571,190.7072051,168,0,42,84,152.587015,2.090233082,526257.1,1610113.227,5108135,57,5262571,877095.1667,2110417.526,5184816,57,117466,39155.33333,38710.00073,77861,441,0,0,0,0,232,136,1.330148325,0.760084757,0,517,66.91666667,150.8487854,22755.35606,0,0,0,1,0,0,0,0,0,73,90.71428571,42,232,0,0,0,0,0,0,7,635,4,168,29200,340,3,32,154379,0,154379,154379,5108135,0,5108135,5108135,BENIGN
80,5219862,3,1,0,0,0,0,0,0,0,0,0,0,0,0.766303784,1739954,2993485.387,5196507,25,5219862,2609931,3657970.859,5196507,23355,0,0,0,0,0,0,0,0,0,104,40,0.574727838,0.191575946,0,0,0,0,0,0,0,0,1,0,0,0,0,0,0,0,0,104,0,0,0,0,0,0,3,0,1,0,29200,28960,0,32,0,0,0,0,0,0,0,0,BENIGN
35971,4125,2,0,0,0,0,0,0,0,0,0,0,0,0,484.8484848,4125,0,4125,4125,4125,4125,0,4125,4125,0,0,0,0,0,0,0,0,0,64,0,484.8484848,0,0,0,0,0,0,0,0,0,0,1,0,0,0,0,0,0,0,64,0,0,0,0,0,0,2,0,0,0,905,-1,0,32,0,0,0,0,0,0,0,0,BENIGN
47178,1,2,0,0,0,0,0,0,0,0,0,0,0,0,2000000,1,0,1,1,1,1,0,1,1,0,0,0,0,0,0,0,0,0,64,0,2000000,0,0,0,0,0,0,0,0,0,0,1,0,0,0,0,0,0,0,64,0,0,0,0,0,0,2,0,0,0,340,-1,0,32,0,0,0,0,0,0,0,0,BENIGN
53,30494,1,1,55,115,55,55,55,0,115,115,115,0,5574.867187,65.58667279,30494,0,30494,30494,0,0,0,0,0,0,0,0,0,0,0,0,0,0,20,20,32.79333639,32.79333639,55,115,75,34.64101615,1200,0,0,0,0,0,0,0,0,1,112.5,55,115,20,0,0,0,0,0,0,1,55,1,115,-1,-1,0,20,0,0,0,0,0,0,0,0,BENIGN
80,5177309,3,1,0,0,0,0,0,0,0,0,0,0,0,0.772602138,1725769.667,2957404.284,5140621,99,5177309,2588654.5,3609025.635,5140621,36688,0,0,0,0,0,0,0,0,0,104,40,0.579451603,0.193150534,0,0,0,0,0,0,0,0,1,0,0,0,0,0,0,0,0,104,0,0,0,0,0,0,3,0,1,0,29200,42408,0,32,0,0,0,0,0,0,0,0,BENIGN
53,90719,1,1,46,148,46,46,46,0,148,148,148,0,2138.471544,22.04609839,90719,0,90719,90719,0,0,0,0,0,0,0,0,0,0,0,0,0,0,20,20,11.0230492,11.0230492,46,148,80,58.88972746,3468,0,0,0,0,0,0,0,0,1,120,46,148,20,0,0,0,0,0,0,1,46,1,148,-1,-1,0,20,0,0,0,0,0,0,0,0,BENIGN
80,3390515,3,3,0,0,0,0,0,0,0,0,0,0,0,1.769642665,678103,948929.2897,2023986,59,1366529,683264.5,933235.9943,1343162,23367,3367207,1683603.5,481458.4007,2024046,1343161,0,0,0,0,104,112,0.884821332,0.884821332,0,0,0,0,0,0,0,0,1,0,0,0,0,1,0,0,0,104,0,0,0,0,0,0,3,0,3,0,29200,29,0,32,0,0,0,0,0,0,0,0,BENIGN
443,5965197,7,4,635,168,517,0,90.71428571,190.7072051,168,0,42,84,134.6141628,1.844029627,596519.7,1782413.953,5666679,17,5965197,994199.5,2320633.54,5728966,48,275542,91847.33333,137369.4971,249817,430,0,0,0,0,232,136,1.173473399,0.670556228,0,517,66.91666667,150.8487854,22755.35606,0,0,0,1,0,0,0,0,0,73,90.71428571,42,232,0,0,0,0,0,0,7,635,4,168,29200,939,3,32,298470,0,298470,298470,5666679,0,5666679,5666679,BENIGN
443,5971983,7,4,635,168,517,0,90.71428571,190.7072051,168,0,42,84,134.4611999,1.841934245,597198.3,1848168.385,5856876,4,5971983,995330.5,2412274.181,5919318,47,91882,30627.33333,33354.36092,66167,4,0,0,0,0,232,136,1.172139974,0.669794271,0,517,66.91666667,150.8487854,22755.35606,0,0,0,1,0,0,0,0,0,73,90.71428571,42,232,0,0,0,0,0,0,7,635,4,168,29200,939,3,32,115060,0,115060,115060,5856876,0,5856876,5856876,BENIGN
37912,225,3,0,31,0,31,0,10.33333333,17.89785834,0,0,0,0,137777.7778,13333.33333,112.5,157.6848122,224,1,225,112.5,157.6848122,224,1,0,0,0,0,0,0,0,0,0,96,0,13333.33333,0,0,31,7.75,15.5,240.25,0,0,0,0,1,0,0,0,0,10.33333333,10.33333333,0,96,0,0,0,0,0,0,3,31,0,0,939,-1,1,32,0,0,0,0,0,0,0,0,BENIGN
37911,2,3,0,31,0,31,0,10.33333333,17.89785834,0,0,0,0,15500000,1500000,1,0,1,1,2,1,0,1,1,0,0,0,0,0,0,0,0,0,96,0,1500000,0,0,31,7.75,15.5,240.25,0,0,0,0,1,0,0,0,0,10.33333333,10.33333333,0,96,0,0,0,0,0,0,3,31,0,0,939,-1,1,32,0,0,0,0,0,0,0,0,BENIGN
53,61161,1,1,41,191,41,41,41,0,191,191,191,0,3793.266951,32.70057717,61161,0,61161,61161,0,0,0,0,0,0,0,0,0,0,0,0,0,0,32,20,16.35028858,16.35028858,41,191,91,86.60254038,7500,0,0,0,0,0,0,0,0,1,136.5,41,191,32,0,0,0,0,0,0,1,41,1,191,-1,-1,0,32,0,0,0,0,0,0,0,0,BENIGN
443,5238907,9,6,383,4095,190,0,42.55555556,76.65362208,1418,0,682.5,667.4074468,854.7584448,2.863192647,374207.6429,1341926.498,5036026,5,5238907,654863.375,1770535.996,5036026,149,114698,22939.6,30897.52856,60119,49,0,0,0,0,296,200,1.717915588,1.145277059,0,1418,279.875,505.4388028,255468.3833,0,0,0,1,0,0,0,0,0,298.5333333,42.55555556,682.5,296,0,0,0,0,0,0,9,383,6,4095,29200,175,3,32,202732,0,202732,202732,5036026,0,5036026,5036026,BENIGN
53,14174569,2,2,141,276,85,56,70.5,20.50609665,167,109,138,41.01219331,29.41888392,0.282195529,4724856.333,8130975.396,14100000,30334,14100000,14100000,0,14100000,14100000,14100000,14100000,0,14100000,14100000,0,0,0,0,40,40,0.141097765,0.141097765,56,167,100.4,41.69892085,1738.8,0,0,0,0,0,0,0,0,1,125.5,70.5,138,40,0,0,0,0,0,0,2,141,2,276,-1,-1,1,20,30537,0,30537,30537,14100000,0,14100000,14100000,BENIGN
53,479,1,1,55,183,55,55,55,0,183,183,183,0,496868.476,4175.365344,479,0,479,479,0,0,0,0,0,0,0,0,0,0,0,0,0,0,20,20,2087.682672,2087.682672,55,183,97.66666667,73.90083446,5461.333333,0,0,0,0,0,0,0,0,1,146.5,55,183,20,0,0,0,0,0,0,1,55,1,183,-1,-1,0,20,0,0,0,0,0,0,0,0,BENIGN
443,119477594,146,237,4874,320969,517,0,33.38356164,121.5098271,2836,0,1354.299578,478.6507685,2727.231015,3.205621968,312768.5707,1676224.373,10000000,0,119000000,823983.4069,2656382.195,10100000,2,119000000,506106.5636,2120732.631,10100000,2,0,0,0,0,4680,7592,1.221986442,1.983635526,0,2836,848.5494792,748.4832445,560227.1673,0,0,0,1,0,0,0,0,1,850.7650131,33.38356164,1354.299578,4680,0,0,0,0,0,0,146,4874,237,320969,29200,416,11,32,98934.45455,184343.6028,650737,36256,9908877.182,341107.6302,10000000,8880616,BENIGN
443,1881459,14,9,1641,5051,533,0,117.2142857,201.5330393,1429,0,561.2222222,674.7148986,3556.814153,12.22455552,85520.86364,160226.2034,694587,1,1881459,144727.6154,203104.2278,694587,1,1519629,189953.625,285353.0972,814839,2,0,0,0,0,456,296,7.441033793,4.783521724,0,1429,278.8333333,481.4404714,231784.9275,0,0,0,1,0,0,0,0,0,290.9565217,117.2142857,561.2222222,456,0,0,0,0,0,0,14,1641,9,5051,29200,17056,5,32,0,0,0,0,0,0,0,0,BENIGN
57443,542,2,0,0,0,0,0,0,0,0,0,0,0,0,3690.0369,542,0,542,542,542,542,0,542,542,0,0,0,0,0,0,0,0,0,64,0,3690.0369,0,0,0,0,0,0,0,0,0,0,1,0,0,0,0,0,0,0,64,0,0,0,0,0,0,2,0,0,0,17056,-1,0,32,0,0,0,0,0,0,0,0,BENIGN
80,5682736,3,1,0,0,0,0,0,0,0,0,0,0,0,0.703886297,1894245.333,3260951.246,5659644,27,5682736,2841368,3985644.142,5659644,23092,0,0,0,0,0,0,0,0,0,104,40,0.527914723,0.175971574,0,0,0,0,0,0,0,0,1,0,0,0,0,0,0,0,0,104,0,0,0,0,0,0,3,0,1,0,29200,28960,0,32,0,0,0,0,0,0,0,0,BENIGN
80,5585769,6,5,882,1620,441,0,147,227.7314208,810,0,324,443.6552716,447.9240012,1.969290173,558576.9,1566542.566,4999824,20,585945,117189,187036.3969,450246,3085,5543095,1385773.75,2419631.008,4999844,2898,0,0,0,0,200,168,1.074158276,0.895131897,0,810,208.5,327.4550628,107226.8182,0,0,0,1,0,0,0,0,0,227.4545455,147,324,200,0,0,0,0,0,0,6,882,5,1620,29200,130,2,32,0,0,0,0,0,0,0,0,BENIGN
123,68016211,2,2,96,96,48,48,48,0,48,48,48,0,2.822856451,0.058809509,22700000,39200000,68000000,16155,68000000,68000000,0,68000000,68000000,68000000,68000000,0,68000000,68000000,0,0,0,0,64,52,0.029404755,0.029404755,48,48,48,0,0,0,0,0,0,0,0,0,0,1,60,48,48,64,0,0,0,0,0,0,2,96,2,96,-1,-1,1,32,16379,0,16379,16379,68000000,0,68000000,68000000,BENIGN
443,117130886,16,19,821,5925,196,0,51.3125,71.43642278,1430,0,311.8421053,508.1457865,57.59369053,0.298811024,3445026.059,13900000,58200000,1,117000000,7808725.733,20400000,58200000,226,117000000,6494303.444,18800000,58200000,1,0,0,0,0,344,392,0.136599325,0.162211699,0,1430,187.3888889,390.9706805,152858.073,0,0,0,1,0,0,0,0,1,192.7428571,51.3125,311.8421053,344,0,0,0,0,0,0,16,821,19,5925,8192,360,8,20,315221.5,44129.82711,346426,284017,58100000,72178.6318,58200000,58100000,BENIGN
80,5055368,3,1,0,0,0,0,0,0,0,0,0,0,0,0.791238145,1685122.667,2898308.103,5031773,28,5055368,2527684,3541316.625,5031773,23595,0,0,0,0,0,0,0,0,0,104,40,0.593428609,0.197809536,0,0,0,0,0,0,0,0,1,0,0,0,0,0,0,0,0,104,0,0,0,0,0,0,3,0,1,0,29200,65535,0,32,0,0,0,0,0,0,0,0,BENIGN
443,5422812,17,18,1073,23466,346,0,63.11764706,123.5920114,3797,0,1303.666667,1004.416073,4525.143044,6.454216005,159494.4706,855398.3917,4998555,3,424178,26511.125,34904.43065,117584,195,5380158,316479.8824,1207432.55,4998555,3,0,0,0,0,552,584,3.134904916,3.319311088,0,3797,681.6388889,946.0852922,895077.3802,0,0,0,1,0,0,0,0,1,701.1142857,63.11764706,1303.666667,552,0,0,0,0,0,0,17,1073,18,23466,29200,260,4,32,0,0,0,0,0,0,0,0,BENIGN
443,862,2,0,0,0,0,0,0,0,0,0,0,0,0,2320.185615,862,0,862,862,862,862,0,862,862,0,0,0,0,0,0,0,0,0,64,0,2320.185615,0,0,0,0,0,0,0,0,0,0,1,0,0,0,0,0,0,0,64,0,0,0,0,0,0,2,0,0,0,613,-1,0,32,0,0,0,0,0,0,0,0,BENIGN
53,277252,1,1,56,122,56,56,56,0,122,122,122,0,642.0152064,7.213654004,277252,0,277252,277252,0,0,0,0,0,0,0,0,0,0,0,0,0,0,20,20,3.606827002,3.606827002,56,122,78,38.10511777,1452,0,0,0,0,0,0,0,0,1,117,56,122,20,0,0,0,0,0,0,1,56,1,122,-1,-1,0,20,0,0,0,0,0,0,0,0,BENIGN
53,30338,1,1,47,131,47,47,47,0,131,131,131,0,5867.229217,65.92392379,30338,0,30338,30338,0,0,0,0,0,0,0,0,0,0,0,0,0,0,20,20,32.9619619,32.9619619,47,131,75,48.49742261,2352,0,0,0,0,0,0,0,0,1,112.5,47,131,20,0,0,0,0,0,0,1,47,1,131,-1,-1,0,20,0,0,0,0,0,0,0,0,BENIGN
443,33196,4,1,183,0,183,0,45.75,91.5,0,0,0,0,5512.712375,150.6205567,8299,14210.81515,29565,110,33196,11065.33333,16132.49672,29675,1041,0,0,0,0,0,0,0,0,0,136,40,120.4964454,30.12411134,0,183,30.5,74.70943715,5581.5,0,0,0,1,0,0,0,0,0,36.6,45.75,0,136,0,0,0,0,0,0,4,183,1,0,29200,27960,1,32,0,0,0,0,0,0,0,0,BENIGN
39837,1247,4,1,3480,0,2796,0,870,1323.867063,0,0,0,0,2790697.674,4009.623095,311.75,494.6900545,1048,1,1247,415.6666667,556.4048286,1048,1,0,0,0,0,0,0,0,0,0,128,20,3207.698476,801.9246191,0,2796,580,1119.559914,1253414.4,0,0,0,0,1,0,0,0,0,696,870,0,128,0,0,0,0,0,0,4,3480,1,0,114,0,2,32,0,0,0,0,0,0,0,0,BENIGN
443,59416,2,1,0,0,0,0,0,0,0,0,0,0,0,50.49145011,29708,41944.16005,59367,49,49,49,0,49,49,0,0,0,0,0,0,0,0,0,40,32,33.66096674,16.83048337,0,0,0,0,0,1,0,0,0,0,0,0,0,0,0,0,0,40,0,0,0,0,0,0,2,0,1,0,0,114,0,20,0,0,0,0,0,0,0,0,BENIGN
443,6320739,14,11,5248,7289,4661,0,374.8571429,1237.687289,1413,0,662.6363636,680.9266147,1983.470604,3.955233716,263364.125,1181225.597,5804397,1,6320739,486210.6923,1599328.646,5804397,1,481674,48167.4,91414.64183,286064,1,0,0,0,0,300,228,2.214930881,1.740302835,0,4661,482.1923077,1006.039364,1012115.202,0,0,0,1,0,0,0,0,0,501.48,374.8571429,662.6363636,300,0,0,0,0,0,0,14,5248,11,7289,29200,21900,4,20,516183,0,516183,516183,5804397,0,5804397,5804397,BENIGN
443,6318344,14,10,5232,6265,3185,0,373.7142857,897.7402767,1400,0,626.5,657.851427,1819.622357,3.798463648,274710.6087,1190402.86,5728926,3,6318344,486026.4615,1577278.012,5728926,3,554132,61570.22222,109582.2229,323904,4,0,0,0,0,300,208,2.215770461,1.582693187,0,3185,459.88,789.6507836,623548.36,0,0,0,1,0,0,0,0,0,479.0416667,373.7142857,626.5,300,0,0,0,0,0,0,14,5232,10,6265,29200,21900,5,20,589415,0,589415,589415,5728926,0,5728926,5728926,BENIGN
443,6319848,14,11,5234,7289,4645,0,373.8571429,1233.402602,1493,0,662.6363636,717.3742779,1981.534999,3.955791342,263327,1156557.988,5686500,3,6319848,486142.1538,1564512.378,5686500,3,598294,59829.4,102560.2295,311319,176,0,0,0,0,300,228,2.215243151,1.74054819,0,4645,481.6538462,1013.467274,1027115.915,0,0,0,1,0,0,0,0,0,500.92,373.8571429,662.6363636,300,0,0,0,0,0,0,14,5234,11,7289,29200,21900,4,20,633345,0,633345,633345,5686500,0,5686500,5686500,BENIGN
139,70485,49,30,2488,3242,194,0,50.7755102,65.99850545,467,0,108.0666667,135.5481676,81293.89232,1120.805845,903.6538462,4919.460763,40748,2,70485,1468.4375,7841.910479,53757,2,70033,2414.931034,7971.634319,40943,3,0,0,0,0,1592,976,695.1833723,425.6224729,0,467,71.625,101.1437597,10230.06013,0,0,0,1,0,0,0,0,0,72.53164557,50.7755102,108.0666667,1592,0,0,0,0,0,0,49,2488,30,3242,65535,269,22,32,0,0,0,0,0,0,0,0,BENIGN
139,11938,1,1,0,0,0,0,0,0,0,0,0,0,0,167.53225,11938,0,11938,11938,0,0,0,0,0,0,0,0,0,0,0,0,0,0,32,32,83.76612498,83.76612498,0,0,0,0,0,0,0,0,0,1,1,0,0,1,0,0,0,32,0,0,0,0,0,0,1,0,1,0,65535,269,0,32,0,0,0,0,0,0,0,0,BENIGN
0,610703,4,0,0,0,0,0,0,0,0,0,0,0,0,6.54982864,203567.6667,352546.241,610653,1,610703,203567.6667,352546.241,610653,1,0,0,0,0,0,0,0,0,0,0,0,6.54982864,0,0,0,0,0,0,0,0,0,0,0,0,0,0,0,0,0,0,0,0,0,0,0,0,0,4,0,0,0,-1,-1,0,0,0,0,0,0,0,0,0,0,BENIGN
88,1131,9,6,3130,3124,1565,0,347.7777778,690.1001336,1562,0,520.6666667,806.6133316,5529619.805,13262.59947,80.78571429,219.5790303,840,1,1131,141.375,323.8226752,939,1,1039,207.8,357.5090209,840,3,0,0,0,0,304,208,7957.559682,5305.039788,0,1565,390.875,699.2188856,488907.05,0,0,0,1,0,0,0,0,0,416.9333333,347.7777778,520.6666667,304,0,0,0,0,0,0,9,3130,6,3124,29200,2081,2,32,0,0,0,0,0,0,0,0,BENIGN
443,5364776,9,6,387,4099,194,0,43,77.62087348,1418,0,683.1666667,666.9591942,836.1952111,2.796016087,383198.2857,1384033.439,5191550,1,5364776,670597,1826943.18,5191550,16,100236,20047.2,21794.37258,46891,187,0,0,0,0,296,200,1.677609652,1.118406435,0,1418,280.375,505.4075418,255436.7833,0,0,0,1,0,0,0,0,0,299.0666667,43,683.1666667,296,0,0,0,0,0,0,9,387,6,4099,29200,349,3,32,173210,0,173210,173210,5191550,0,5191550,5191550,BENIGN
443,6734910,11,10,703,3950,267,0,63.90909091,97.64983824,1953,0,395,712.4845417,690.8778291,3.118081756,336745.5,586805.968,2003969,4,5096341,509634.1,677036.2083,2003969,201,3638912,404323.5556,541021.2572,1543773,4,0,0,0,0,376,328,1.63328092,1.484800836,0,1953,211.5,501.6701392,251672.9286,0,0,0,1,0,0,0,0,0,221.5714286,63.90909091,395,376,0,0,0,0,0,0,11,703,10,3950,29200,254,4,32,0,0,0,0,0,0,0,0,BENIGN
443,7117345,11,11,703,3950,267,0,63.90909091,97.64983824,1448,0,359.0909091,569.9183195,653.7550168,3.091040269,338921.1905,603036.3267,2003995,1,5302444,530244.4,687264.1222,2003995,389,4021238,402123.8,584101.9614,1719847,3,0,0,0,0,376,360,1.545520134,1.545520134,0,1448,202.3043478,419.1679458,175701.7668,0,0,0,1,0,0,0,0,1,211.5,63.90909091,359.0909091,376,0,0,0,0,0,0,11,703,11,3950,29200,252,4,32,0,0,0,0,0,0,0,0,BENIGN
443,5998962,7,4,635,168,517,0,90.71428571,190.7072051,168,0,42,84,133.8564905,1.833650555,599896.2,1796960.739,5712603,4,5998962,999827,2346956.512,5789498,4,249675,83225,85254.71751,170738,424,0,0,0,0,232,136,1.166868535,0.66678202,0,517,66.91666667,150.8487854,22755.35606,0,0,0,1,0,0,0,0,0,73,90.71428571,42,232,0,0,0,0,0,0,7,635,4,168,29200,340,3,32,286355,0,286355,286355,5712603,0,5712603,5712603,BENIGN
57660,240,2,0,0,0,0,0,0,0,0,0,0,0,0,8333.333333,240,0,240,240,240,240,0,240,240,0,0,0,0,0,0,0,0,0,64,0,8333.333333,0,0,0,0,0,0,0,0,0,0,1,0,0,0,0,0,0,0,64,0,0,0,0,0,0,2,0,0,0,340,-1,0,32,0,0,0,0,0,0,0,0,BENIGN
53,90584,1,1,41,143,41,41,41,0,143,143,143,0,2031.263799,22.07895434,90584,0,90584,90584,0,0,0,0,0,0,0,0,0,0,0,0,0,0,20,20,11.03947717,11.03947717,41,143,75,58.88972746,3468,0,0,0,0,0,0,0,0,1,112.5,41,143,20,0,0,0,0,0,0,1,41,1,143,-1,-1,0,20,0,0,0,0,0,0,0,0,BENIGN
443,7605092,13,9,1089,8612,749,0,83.76923077,209.7030257,1541,0,956.8888889,673.5887923,1275.592721,2.892798667,362147.2381,958074.4328,4003994,7,7605085,633757.0833,1217232.405,4003994,238,439265,54908.125,78095.44921,173486,49,0,0,0,0,448,296,1.70938103,1.183417636,0,1541,421.7826087,617.8304384,381714.4506,0,0,0,1,0,0,0,0,0,440.9545455,83.76923077,956.8888889,448,0,0,0,0,0,0,13,1089,9,8612,29200,142,3,32,0,0,0,0,0,0,0,0,BENIGN
443,6102341,7,4,635,168,517,0,90.71428571,190.7072051,168,0,42,84,131.5888443,1.802586909,610234.1,1838788.431,5842415,18,6102341,1017056.833,2401596.591,5918631,18,223354,74451.33333,72546.78026,145422,425,0,0,0,0,232,136,1.14710076,0.655486149,0,517,66.91666667,150.8487854,22755.35606,0,0,0,1,0,0,0,0,0,73,90.71428571,42,232,0,0,0,0,0,0,7,635,4,168,29200,340,3,32,259908,0,259908,259908,5842415,0,5842415,5842415,BENIGN
60094,244,2,0,0,0,0,0,0,0,0,0,0,0,0,8196.721311,244,0,244,244,244,244,0,244,244,0,0,0,0,0,0,0,0,0,64,0,8196.721311,0,0,0,0,0,0,0,0,0,0,1,0,0,0,0,0,0,0,64,0,0,0,0,0,0,2,0,0,0,340,-1,0,32,0,0,0,0,0,0,0,0,BENIGN
443,504211,9,8,1174,7183,834,0,130.4444444,273.9393688,1560,0,897.875,695.2163975,16574.41032,33.71604348,31513.1875,64508.15612,162828,3,504040,63005,82941.05074,164348,3,341383,48769,81512.45373,171715,4,0,0,0,0,308,264,17.84967008,15.8663734,0,1560,464.2777778,628.0797819,394484.2124,0,0,0,1,0,0,0,0,0,491.5882353,130.4444444,897.875,308,0,0,0,0,0,0,9,1174,8,7183,29200,143,3,32,0,0,0,0,0,0,0,0,BENIGN
443,3840,2,0,0,0,0,0,0,0,0,0,0,0,0,520.8333333,3840,0,3840,3840,3840,3840,0,3840,3840,0,0,0,0,0,0,0,0,0,64,0,520.8333333,0,0,0,0,0,0,0,0,0,0,1,0,0,0,0,0,0,0,64,0,0,0,0,0,0,2,0,0,0,366,-1,0,32,0,0,0,0,0,0,0,0,BENIGN
443,5577887,7,4,340,161,212,0,48.57142857,78.38336801,161,0,40.25,80.5,89.81895833,1.972072937,557788.7,1657754.508,5274138,24,5577887,929647.8333,2187519.984,5394248,24,221727,73909,69101.09642,137716,515,0,0,0,0,232,136,1.254955506,0.717117432,0,212,41.75,72.85243491,5307.477273,0,0,0,1,0,0,0,0,0,45.54545455,48.57142857,40.25,232,0,0,0,0,0,0,7,340,4,161,29200,8576,3,32,303725,0,303725,303725,5274138,0,5274138,5274138,BENIGN
443,521255,7,6,1145,927,541,0,163.5714286,251.7438229,743,0,154.5,294.345885,3975.021822,24.93980873,43437.91667,71940.73997,162446,4,358057,59676.16667,79796.80336,161840,49,359847,71969.4,98735.99607,194027,4,0,0,0,0,232,200,13.42912778,11.51068095,0,743,148,253.7870094,64407.84615,0,0,0,1,0,0,0,0,0,159.3846154,163.5714286,154.5,232,0,0,0,0,0,0,7,1145,6,927,29200,130,3,32,0,0,0,0,0,0,0,0,BENIGN
443,3050,2,0,0,0,0,0,0,0,0,0,0,0,0,655.7377049,3050,0,3050,3050,3050,3050,0,3050,3050,0,0,0,0,0,0,0,0,0,64,0,655.7377049,0,0,0,0,0,0,0,0,0,0,1,0,0,0,0,0,0,0,64,0,0,0,0,0,0,2,0,0,0,249,-1,0,32,0,0,0,0,0,0,0,0,BENIGN
57456,394,2,0,0,0,0,0,0,0,0,0,0,0,0,5076.142132,394,0,394,394,394,394,0,394,394,0,0,0,0,0,0,0,0,0,64,0,5076.142132,0,0,0,0,0,0,0,0,0,0,1,0,0,0,0,0,0,0,64,0,0,0,0,0,0,2,0,0,0,8576,-1,0,32,0,0,0,0,0,0,0,0,BENIGN
443,5507581,5,1,123,46,46,0,24.6,23.27659769,46,46,46,0,30.68497767,1.089407491,1101516.2,2325009.75,5257656,3,5507581,1376895.25,2589835.057,5257656,3,0,0,0,0,0,1,0,0,0,100,20,0.907839576,0.181567915,0,46,30.71428571,21.68497395,470.2380952,0,1,0,0,1,0,0,0,0,35.83333333,24.6,46,100,0,0,0,0,0,0,5,123,1,46,258,360,2,20,249303,0,249303,249303,5257656,0,5257656,5257656,BENIGN
1632,231,2,0,0,0,0,0,0,0,0,0,0,0,0,8658.008658,231,0,231,231,231,231,0,231,231,0,0,0,0,0,0,0,0,0,40,0,8658.008658,0,0,0,0,0,0,0,0,0,0,1,0,0,0,0,0,0,0,40,0,0,0,0,0,0,2,0,0,0,360,-1,0,20,0,0,0,0,0,0,0,0,BENIGN
443,987950,31,32,1499,46820,820,0,48.35483871,172.5735685,2896,0,1463.125,635.026987,48908.34556,63.76840933,15934.67742,47696.08896,161798,2,987853,32928.43333,65431.09591,163758,2,826674,26666.90323,60746.44082,167913,2,0,0,0,0,1048,1032,31.37810618,32.39030315,0,2896,754.984375,849.7468623,722069.7299,0,0,0,1,0,0,0,0,1,766.968254,48.35483871,1463.125,1048,0,0,0,0,0,0,31,1499,32,46820,29200,143,3,32,0,0,0,0,0,0,0,0,BENIGN
443,502763,9,8,1294,7184,615,0,143.7777778,246.4014903,1561,0,898,695.3525314,16862.81608,33.81314854,31422.6875,64857.45529,162813,6,502582,62822.75,83304.1598,164549,48,340364,48623.42857,81625.8581,171091,48,0,0,0,0,308,264,17.90107864,15.9120699,0,1561,471,619.0342573,383203.4118,0,0,0,1,0,0,0,0,0,498.7058824,143.7777778,898,308,0,0,0,0,0,0,9,1294,8,7184,29200,140,3,32,0,0,0,0,0,0,0,0,BENIGN
443,502573,9,8,1298,7182,619,0,144.2222222,247.3594438,1559,0,897.75,695.0804167,16873.17066,33.82593176,31410.8125,64455.29041,161768,3,502409,62801.125,84203.23672,167548,4,340805,48686.42857,79822.29184,167634,3,0,0,0,0,308,264,17.90784622,15.91808553,0,1559,471.1111111,618.8827589,383015.8693,0,0,0,1,0,0,0,0,0,498.8235294,144.2222222,897.75,308,0,0,0,0,0,0,9,1298,8,7182,29200,140,3,32,0,0,0,0,0,0,0,0,BENIGN
443,50936,2,0,0,0,0,0,0,0,0,0,0,0,0,39.26495995,50936,0,50936,50936,50936,50936,0,50936,50936,0,0,0,0,0,0,0,0,0,64,0,39.26495995,0,0,0,0,0,0,0,0,0,0,1,0,0,0,0,0,0,0,64,0,0,0,0,0,0,2,0,0,0,366,-1,0,32,0,0,0,0,0,0,0,0,BENIGN
443,136147,2,0,0,0,0,0,0,0,0,0,0,0,0,14.69000419,136147,0,136147,136147,136147,136147,0,136147,136147,0,0,0,0,0,0,0,0,0,64,0,14.69000419,0,0,0,0,0,0,0,0,0,0,1,0,0,0,0,0,0,0,64,0,0,0,0,0,0,2,0,0,0,366,-1,0,32,0,0,0,0,0,0,0,0,BENIGN
443,503703,8,8,1270,4952,591,0,158.75,251.0553439,1448,0,619,637.0528123,12352.51726,31.76475026,33580.2,66668.33472,163643,3,339129,48447,78182.06227,164398,3,342597,48942.42857,82502.106,174473,3,0,0,0,0,276,264,15.88237513,15.88237513,0,1448,366,516.7025256,266981.5,0,0,0,1,0,0,0,0,1,388.875,158.75,619,276,0,0,0,0,0,0,8,1270,8,4952,29200,140,3,32,0,0,0,0,0,0,0,0,BENIGN
443,1096,2,0,0,0,0,0,0,0,0,0,0,0,0,1824.817518,1096,0,1096,1096,1096,1096,0,1096,1096,0,0,0,0,0,0,0,0,0,64,0,1824.817518,0,0,0,0,0,0,0,0,0,0,1,0,0,0,0,0,0,0,64,0,0,0,0,0,0,2,0,0,0,342,-1,0,32,0,0,0,0,0,0,0,0,BENIGN
80,115194288,13,14,446,796,435,0,34.30769231,120.3933723,796,0,56.85714286,212.7399486,10.7817846,0.234386622,4430549.538,4922312.263,10000000,866,106000000,8806148.167,3012923.142,10000000,227196,115000000,8859277.538,2954338.742,10000000,866,0,0,0,0,260,412,0.112852818,0.121533804,0,796,44.39285714,168.6188644,28432.32143,0,0,0,0,1,0,0,0,1,46.03703704,34.30769231,56.85714286,260,0,0,0,0,0,0,13,446,14,796,256,313,11,20,42153.27273,61371.80727,227196,23425,9564553.818,1399169.099,10000000,5349537,BENIGN
80,80,2,0,0,0,0,0,0,0,0,0,0,0,0,25000,80,0,80,80,80,80,0,80,80,0,0,0,0,0,0,0,0,0,40,0,25000,0,0,0,0,0,0,0,0,0,0,1,0,0,0,0,0,0,0,40,0,0,0,0,0,0,2,0,0,0,253,-1,0,20,0,0,0,0,0,0,0,0,BENIGN
80,24593350,6,6,432,1390,432,0,72,176.3632615,1390,0,231.6666667,567.4651237,74.08506771,0.48793678,2235759.091,4066914.703,10000000,29,20100000,4017353.2,5478246.17,10000000,2831,24600000,4914060,5014100.008,10000000,933,0,0,0,0,200,200,0.24396839,0.24396839,0,1390,140.1538462,394.056224,155280.3077,0,0,0,1,0,0,0,0,1,151.8333333,72,231.6666667,200,0,0,0,0,0,0,6,432,6,1390,29200,939,1,32,36419,19042.38562,49884,22954,10000000,14142.13562,10000000,9996964,BENIGN
443,12447694,12,6,710,4175,517,0,59.16666667,151.5032753,1448,0,695.8333333,692.4317776,392.4421664,1.446050971,732217.2941,1500670.221,4901199,6,12400000,1131608.545,1762776.178,4901199,54,340352,68070.4,91727.03649,172300,48,0,0,0,0,416,200,0.964033981,0.48201699,0,1448,257.1052632,491.0842759,241163.7661,0,0,0,1,0,0,0,0,0,271.3888889,59.16666667,695.8333333,416,0,0,0,0,0,0,12,710,6,4175,29200,130,3,32,0,0,0,0,0,0,0,0,BENIGN
445,60042560,7,3,145,145,72,0,20.71428571,35.03671544,72,1,48.33333333,40.99186911,4.829907319,0.166548528,6671395.556,20000000,60000000,3,60000000,10000000,24500000,60000000,3,60000000,30000000,42500000,60000000,3,0,0,0,0,236,84,0.11658397,0.049964558,0,72,26.45454545,36.11194715,1304.072727,0,0,0,0,1,0,0,0,0,29.1,20.71428571,48.33333333,236,0,0,0,0,0,0,7,145,3,145,2081,2081,2,20,59,0,59,59,60000000,0,60000000,60000000,BENIGN
80,30186175,6,4,575,567,575,0,95.83333333,234.742767,386,0,141.75,183.8339377,37.83188827,0.331277481,3354019.444,9992309.793,30000000,3,30200000,6037235,13400000,30000000,3,149889,49963,56373.66159,111082,4,0,0,0,0,204,136,0.198766488,0.132510992,0,575,103.8181818,198.4493982,39382.16364,0,0,0,1,0,0,0,0,0,114.2,95.83333333,141.75,204,0,0,0,0,0,0,6,575,4,567,65535,341,1,32,0,0,0,0,0,0,0,0,BENIGN
443,30108356,13,10,1281,3945,805,0,98.53846154,225.4752815,1825,0,394.5,687.2066243,173.5730772,0.763907535,1368561.636,6305520.889,29600000,1,30100000,2509029.667,8531391.894,29600000,1,485872,53985.77778,67034.50045,184317,1,0,0,0,0,428,328,0.431773824,0.332133711,0,1825,217.75,484.7641515,234996.2826,0,0,0,1,0,0,0,0,0,227.2173913,98.53846154,394.5,428,0,0,0,0,0,0,13,1281,10,3945,65535,989,6,32,509293,0,509293,509293,29600000,0,29600000,29600000,BENIGN
443,30000217,13,8,1152,5046,677,0,88.61538462,192.4168818,1418,0,630.75,688.6559892,206.5985056,0.699994937,1500010.85,6651492.958,29800000,3,30000000,2500018.083,8584364.502,29800000,3,204187,29169.57143,47150.62019,128294,3,0,0,0,0,428,264,0.433330199,0.266664738,0,1418,281.7272727,502.5044119,252510.684,0,0,0,1,0,0,0,0,0,295.1428571,88.61538462,630.75,428,0,0,0,0,0,0,13,1152,8,5046,65535,351,6,32,241212,0,241212,241212,29800000,0,29800000,29800000,BENIGN
49176,174,1,1,0,0,0,0,0,0,0,0,0,0,0,11494.25287,174,0,174,174,0,0,0,0,0,0,0,0,0,0,0,0,0,0,32,32,5747.126437,5747.126437,0,0,0,0,0,0,0,0,0,1,0,0,0,1,0,0,0,32,0,0,0,0,0,0,1,0,1,0,989,65535,0,32,0,0,0,0,0,0,0,0,BENIGN
49176,48,2,0,37,0,37,0,18.5,26.1629509,0,0,0,0,770833.3333,41666.66667,48,0,48,48,48,48,0,48,48,0,0,0,0,0,1,0,0,0,64,0,41666.66667,0,0,37,24.66666667,21.36195996,456.3333333,0,1,0,0,1,0,0,0,0,37,18.5,0,64,0,0,0,0,0,0,2,37,0,0,989,-1,0,32,0,0,0,0,0,0,0,0,BENIGN
49178,200,2,1,0,0,0,0,0,0,0,0,0,0,0,15000,100,135.764502,196,4,4,4,0,4,4,0,0,0,0,0,0,0,0,0,64,32,10000,5000,0,0,0,0,0,0,0,0,0,1,1,0,0,0,0,0,0,64,0,0,0,0,0,0,2,0,1,0,351,65535,0,32,0,0,0,0,0,0,0,0,BENIGN
443,31621055,16,16,836,15917,357,0,52.25,107.3085893,2008,0,994.8125,743.0321858,529.80522,1.011983946,1020034.032,5644926.99,31400000,1,31600000,2108070.333,8113314.869,31400000,1,162012,10800.8,19710.34537,62892,48,0,0,0,0,524,520,0.505991973,0.505991973,0,2008,507.6666667,703.2814011,494604.7292,0,0,0,1,0,0,0,0,1,523.53125,52.25,994.8125,524,0,0,0,0,0,0,16,836,16,15917,65535,972,6,32,185151,0,185151,185151,31400000,0,31400000,31400000,BENIGN
443,30891391,14,10,897,5480,421,0,64.07142857,126.5035507,1448,0,548,628.4020298,206.4329185,0.776915484,1343103.957,6327701.804,30400000,1,30900000,2376260.846,8411340.557,30400000,1,500000,55555.55556,122839.2943,377819,2,0,0,0,0,460,328,0.453200699,0.323714785,0,1448,255.08,465.2915681,216496.2433,0,0,0,1,0,0,0,0,0,265.7083333,64.07142857,548,460,0,0,0,0,0,0,14,897,10,5480,65535,972,6,32,523223,0,523223,523223,30400000,0,30400000,30400000,BENIGN
443,30666700,13,7,1391,3982,917,0,107,254.9307095,1812,0,568.8571429,765.1371181,175.2063313,0.652173204,1614036.842,6926832.257,30200000,3,30700000,2555558.333,8711598.413,30200000,3,407109,67851.5,87863.60697,237561,220,0,0,0,0,428,232,0.423912583,0.228260621,0,1812,255.8571429,516.3230855,266589.5286,0,0,0,1,0,0,0,0,0,268.65,107,568.8571429,428,0,0,0,0,0,0,13,1391,7,3982,65535,362,6,32,449287,0,449287,449287,30200000,0,30200000,30200000,BENIGN
443,32418789,40,37,2340,37269,389,0,58.5,128.8324294,1460,0,1007.27027,594.3715004,1221.791474,2.375165834,426563.0132,3441902.383,30000000,1,32400000,831251,4799627.091,30000000,1,2422534,67292.61111,312336.4845,1865376,2,0,0,0,0,824,752,1.233852381,1.141313453,0,1460,507.8076923,633.7724008,401667.456,0,0,0,1,0,0,0,0,0,514.4025974,58.5,1007.27027,824,0,0,0,0,0,0,40,2340,37,37269,65535,35,10,20,2437854,0,2437854,2437854,30000000,0,30000000,30000000,BENIGN
443,32370999,57,80,1748,114689,389,0,30.66666667,98.20283916,2920,0,1433.6125,537.3938869,3596.954175,4.232183258,238022.0515,2730536.539,31800000,0,32400000,578053.5536,4254474.204,31800000,0,509641,6451.151899,31179.46393,214189,1,0,0,0,0,1164,1612,1.76083537,2.471347888,0,2920,843.7463768,808.6418646,653901.6651,0,0,0,1,0,0,0,0,1,849.9051095,30.66666667,1433.6125,1164,0,0,0,0,0,0,57,1748,80,114689,65535,34,8,20,524781,0,524781,524781,31800000,0,31800000,31800000,BENIGN
443,32369916,39,34,1764,42026,389,0,45.23076923,117.6595136,2794,0,1236.058824,561.8192819,1352.799309,2.255180397,449582.1667,3756434.98,31900000,2,32400000,851839.8947,5169678.826,31900000,4,474269,14371.78788,44094.8211,212481,2,0,0,0,0,804,692,1.204822404,1.050357993,0,2794,591.7567568,712.4680202,507610.6797,0,0,0,1,0,0,0,0,0,599.8630137,45.23076923,1236.058824,804,0,0,0,0,0,0,39,1764,34,42026,65535,34,8,20,489357,0,489357,489357,31900000,0,31900000,31900000,BENIGN
443,32369252,27,23,1018,27171,389,0,37.7037037,105.4677548,2794,0,1181.347826,645.5757549,870.8573185,1.544675793,660596.9796,4581183.438,32100000,1,32400000,1244971.231,6287998.838,32100000,1,280358,12743.54545,47587.89658,224430,2,0,0,0,0,564,472,0.834124928,0.710550865,0,2794,552.7254902,721.3059289,520282.2431,0,0,0,1,0,0,0,0,0,563.78,37.7037037,1181.347826,564,0,0,0,0,0,0,27,1018,23,27171,65535,32,6,20,295353,0,295353,295353,32100000,0,32100000,32100000,BENIGN
443,33731911,34,36,1238,43184,405,0,36.41176471,100.7048245,2458,0,1199.555556,578.9925953,1316.913234,2.075186312,488868.2754,3891339.285,32300000,0,33700000,1022179.121,5622989.489,32300000,1,1383584,39530.97143,145897.6623,749485,2,0,0,0,0,704,732,1.007947637,1.067238675,0,2458,625.6619718,718.3446436,516019.027,0,0,0,1,0,0,0,0,1,634.6,36.41176471,1199.555556,704,0,0,0,0,0,0,34,1238,36,43184,65535,32,7,20,1398912,0,1398912,1398912,32300000,0,32300000,32300000,BENIGN
443,32288901,22,17,848,15142,373,0,38.54545455,96.23618133,1460,0,890.7058824,663.1979121,495.2166071,1.207845383,849707.9211,5223314.708,32200000,1,32300000,1537566.714,7025886.229,32200000,1,72486,4530.375,9135.151565,25835,2,0,0,0,0,464,352,0.681348678,0.526496705,0,1460,399.75,606.7894811,368193.4744,0,0,0,1,0,0,0,0,0,410,38.54545455,890.7058824,464,0,0,0,0,0,0,22,848,17,15142,65535,31,6,20,87839,0,87839,87839,32200000,0,32200000,32200000,BENIGN
443,30214010,13,7,1422,3843,949,0,109.3846154,263.4165075,2836,0,549,1032.567351,174.2569093,0.661944575,1590211.053,6881786.421,30000000,34,30200000,2517834.167,8657286.178,30000000,46,163307,27217.83333,30060.24002,60553,168,0,0,0,0,428,232,0.430263974,0.231680601,0,2836,250.7142857,639.3423295,408758.6143,0,0,0,1,0,0,0,0,0,263.25,109.3846154,549,428,0,0,0,0,0,0,13,1422,7,3843,65535,362,6,32,205640,0,205640,205640,30000000,0,30000000,30000000,BENIGN
443,32123742,25,24,841,27781,357,0,33.64,88.8120112,1665,0,1157.541667,551.72307,890.9920893,1.525351561,669244.625,4605478.138,31900000,1,32100000,1338489.25,6512168.187,31900000,1,174403,7582.73913,16132.71206,51679,2,0,0,0,0,812,776,0.778240592,0.747110969,0,1665,572.44,685.000258,469225.3535,0,0,0,1,0,0,0,0,0,584.122449,33.64,1157.541667,812,0,0,0,0,0,0,25,841,24,27781,65535,349,6,32,211596,0,211596,211596,31900000,0,31900000,31900000,BENIGN
443,30967871,10,5,1198,607,949,0,119.8,295.2783244,469,0,121.4,203.2948597,58.28621541,0.484372981,2211990.786,8243907.331,30900000,3,31000000,3440874.556,10300000,30900000,3,76484,19121,21210.32616,37639,587,0,0,0,0,332,168,0.322915321,0.16145766,0,949,112.8125,253.4564312,64240.1625,0,0,0,1,0,0,0,0,0,120.3333333,119.8,121.4,332,0,0,0,0,0,0,10,1198,5,607,65535,362,5,32,113314,0,113314,113314,30900000,0,30900000,30900000,BENIGN
443,30967452,10,5,1070,607,821,0,107,255.4242658,469,0,121.4,203.2948597,54.15363201,0.484379535,2211960.857,8244073.697,30900000,37,31000000,3440828,10300000,30900000,49,75566,18891.5,20823.48614,36951,570,0,0,0,0,332,168,0.32291969,0.161459845,0,821,104.8125,225.8168044,50993.22917,0,0,0,1,0,0,0,0,0,111.8,107,121.4,332,0,0,0,0,0,0,10,1070,5,607,65535,353,5,32,112313,0,112313,112313,30900000,0,30900000,30900000,BENIGN
443,30966981,10,5,1070,607,821,0,107,255.4242658,469,0,121.4,203.2948597,54.15445568,0.484386902,2211927.214,8243876.284,30900000,14,31000000,3440775.667,10300000,30900000,39,75738,18934.5,21205.69031,37383,366,0,0,0,0,332,168,0.322924602,0.161462301,0,821,104.8125,225.8168044,50993.22917,0,0,0,1,0,0,0,0,0,111.8,107,121.4,332,0,0,0,0,0,0,10,1070,5,607,65535,353,5,32,112567,0,112567,112567,30900000,0,30900000,30900000,BENIGN
443,31731349,12,7,1139,852,533,0,94.91666667,173.4806556,437,0,121.7142857,174.6622591,62.74552021,0.598776938,1762852.722,7020225.284,29800000,3,31700000,2884668.091,8956758.689,29800000,3,1858360,309726.6667,691384.2444,1719463,243,0,0,0,0,396,232,0.378174908,0.22060203,0,533,99.55,166.6542197,27773.62895,0,0,0,1,0,0,0,0,0,104.7894737,94.91666667,121.7142857,396,0,0,0,0,0,0,12,1139,7,852,65535,1006,6,32,1881698,0,1881698,1881698,29800000,0,29800000,29800000,BENIGN
49177,183,1,1,0,0,0,0,0,0,0,0,0,0,0,10928.96175,183,0,183,183,0,0,0,0,0,0,0,0,0,0,0,0,0,0,32,32,5464.480874,5464.480874,0,0,0,0,0,0,0,0,0,1,0,0,0,1,0,0,0,32,0,0,0,0,0,0,1,0,1,0,972,65535,0,32,0,0,0,0,0,0,0,0,BENIGN
49182,158,1,1,0,0,0,0,0,0,0,0,0,0,0,12658.22785,158,0,158,158,0,0,0,0,0,0,0,0,0,0,0,0,0,0,32,32,6329.113924,6329.113924,0,0,0,0,0,0,0,0,0,1,0,0,0,1,0,0,0,32,0,0,0,0,0,0,1,0,1,0,972,65535,0,32,0,0,0,0,0,0,0,0,BENIGN
49184,208,2,1,0,0,0,0,0,0,0,0,0,0,0,14423.07692,104,142.8355698,205,3,3,3,0,3,3,0,0,0,0,0,0,0,0,0,64,32,9615.384615,4807.692308,0,0,0,0,0,0,0,0,0,1,1,0,0,0,0,0,0,64,0,0,0,0,0,0,2,0,1,0,362,65535,0,32,0,0,0,0,0,0,0,0,BENIGN
80,22135027,6,6,432,1805,432,0,72,176.3632615,1805,0,300.8333333,736.8881643,101.0615438,0.542127191,2012275.182,3999009.512,10000000,18,20100000,4018338.4,5479663.848,10000000,2830,22100000,4422407.4,5186475.75,10000000,760,0,0,0,0,200,200,0.271063595,0.271063595,0,1805,172.0769231,504.951559,254976.0769,0,0,0,1,0,0,0,0,1,186.4166667,72,300.8333333,200,0,0,0,0,0,0,6,432,6,1805,29200,939,1,32,36376,18899.55005,49740,23012,10000000,16168.70366,10000000,9998037,BENIGN
123,64015411,4,4,192,192,48,48,48,0,48,48,48,0,5.998555567,0.124969908,9145058.714,24200000,64000000,3,64000000,21300000,37000000,64000000,3,64000000,21300000,37000000,64000000,3,0,0,0,0,128,128,0.062484954,0.062484954,48,48,48,0,0,0,0,0,0,0,0,0,0,1,54,48,48,128,0,0,0,0,0,0,4,192,4,192,-1,-1,3,32,140,0,140,140,64000000,0,64000000,64000000,BENIGN
80,113795077,14,14,447,796,435,0,31.92857143,116.0122436,796,0,56.85714286,212.7399486,10.92314389,0.246056339,4214632.481,4921460.534,10000000,193,114000000,8751545.538,3143592.556,10000000,220768,114000000,8751660.923,3200393.627,10000000,193,0,0,0,0,280,424,0.123028169,0.123028169,0,796,42.89655172,165.7763866,27481.81034,0,0,0,0,1,0,0,0,1,44.42857143,31.92857143,56.85714286,280,0,0,0,0,0,0,14,447,14,796,256,317,12,20,353361.2727,1093488.458,3650353,23472,9989374.364,58710.89626,10000000,9812355,BENIGN
80,113795057,14,14,447,796,435,0,31.92857143,116.0122436,796,0,56.85714286,212.7399486,10.92314581,0.246056382,4214631.741,4921447.575,10000000,1013,114000000,8751544.769,3143640.319,10000000,220205,114000000,8751660.615,3200181.186,10000000,1013,0,0,0,0,280,424,0.123028191,0.123028191,0,796,42.89655172,165.7763866,27481.81034,0,0,0,0,1,0,0,0,1,44.42857143,31.92857143,56.85714286,280,0,0,0,0,0,0,14,447,14,796,256,313,12,20,353391.4545,1093478.118,3650352,23467,9989343.273,58702.30856,10000000,9812350,BENIGN
80,116898170,16,15,882,1592,435,0,55.125,148.2884014,796,0,106.1333333,280.0851571,21.16371882,0.265188069,3896605.667,4829234.683,10000000,3223,117000000,7791631,4019852.173,10000000,227540,117000000,8348187.071,3573276.784,10000000,3223,0,0,0,0,320,444,0.136871262,0.128316808,0,796,77.34375,216.5915748,46911.91028,0,0,0,0,1,0,0,0,0,79.83870968,55.125,106.1333333,320,0,0,0,0,0,0,16,882,15,1592,256,315,13,20,97888.25,256998.5047,913968,23475,9641650.5,1205923.06,10000000,5817244,BENIGN
80,113435028,14,14,447,796,435,0,31.92857143,116.0122436,796,0,56.85714286,212.7399486,10.95781455,0.246837335,4201297.333,4923877.289,10000000,603,113000000,8723948,3194338.397,10000000,235761,113000000,8723947.846,3253823.225,10000000,603,0,0,0,0,280,424,0.123418667,0.123418667,0,796,42.89655172,165.7763866,27481.81034,0,0,0,0,1,0,0,0,1,44.42857143,31.92857143,56.85714286,280,0,0,0,0,0,0,14,447,14,796,253,315,12,20,320830.2727,985295.84,3291609,23693,9989290.091,64040.83131,10000000,9796718,BENIGN
80,33785388,9,8,864,3925,432,0,96,190.4940944,1963,0,490.625,908.4610122,141.7476691,0.503176107,2111586.75,3968800.939,10000000,17,31300000,3918736,5063283.155,10000000,3873,33800000,4823115.714,4936582.92,10000000,464,0,0,0,0,296,264,0.266387351,0.236788756,0,1963,266.0555556,632.5448575,400112.9967,0,0,0,1,0,0,0,0,0,281.7058824,96,490.625,296,0,0,0,0,0,0,9,864,8,3925,29200,972,2,32,444646,705275.0554,1258857,23110,10000000,10037.00455,10000000,9998112,BENIGN
445,90010759,10,10,8,2,1,0,0.8,0.421637021,1,0,0.2,0.421637021,0.11109783,0.22219566,4737408.368,11200000,30000000,3,90000000,10000000,15000000,30000000,3,90000000,10000000,15000000,30000000,3,0,0,0,0,224,296,0.11109783,0.11109783,0,1,0.523809524,0.511766316,0.261904762,0,0,0,0,1,0,0,0,1,0.55,0.8,0.2,224,0,0,0,0,0,0,10,8,10,2,253,2047,7,20,18365,31722.51068,54995,47,30000000,25705.72828,30000000,30000000,BENIGN
443,110362201,12,12,12,0,1,1,1,0,0,0,0,0,0.10873288,0.217465761,4798356.565,5098696.325,10000000,23898,110000000,10000000,48.10783342,10000000,10000000,110000000,10000000,157.9843491,10000000,10000000,0,0,0,0,240,384,0.10873288,0.10873288,0,1,0.52,0.509901951,0.26,0,0,0,0,1,0,0,0,1,0.541666667,1,0,240,0,0,0,0,0,0,12,12,12,0,251,73,11,20,24024,96.25487001,24132,23898,10000000,113.6932876,10000000,10000000,BENIGN
80,5616433,2,1,1,0,1,0,0.5,0.707106781,0,0,0,0,0.17804895,0.534146851,2808216.5,3937782.205,5592649,23784,5616433,5616433,0,5616433,5616433,0,0,0,0,0,0,0,0,0,40,32,0.356097901,0.17804895,0,1,0.5,0.577350269,0.333333333,0,0,0,0,1,0,0,0,0,0.666666667,0.5,0,40,0,0,0,0,0,0,2,1,1,0,253,313,0,20,0,0,0,0,0,0,0,0,BENIGN
443,115416488,21,21,864,9546,497,0,41.14285714,115.7390538,1472,0,454.5714286,664.3430267,90.19508547,0.36389948,2815036.293,4474833.963,10000000,3,115000000,5770824.4,4954185.166,10000000,3,111000000,5528198.7,5120835.889,10000000,47,0,0,0,0,432,564,0.18194974,0.18194974,0,1472,242.0930233,510.5935302,260705.753,0,0,0,1,0,0,0,0,1,247.8571429,41.14285714,454.5714286,432,0,0,0,0,0,0,21,864,21,9546,8192,123,15,20,39447.09091,27861.7735,123452,30817,10000000,6248.045486,10000000,9999799,BENIGN
80,5601406,2,1,1,0,1,0,0.5,0.707106781,0,0,0,0,0.178526606,0.535579817,2800703,3927262.577,5577697,23709,5601406,5601406,0,5601406,5601406,0,0,0,0,0,0,0,0,0,40,32,0.357053211,0.178526606,0,1,0.5,0.577350269,0.333333333,0,0,0,0,1,0,0,0,0,0.666666667,0.5,0,40,0,0,0,0,0,0,2,1,1,0,256,315,0,20,0,0,0,0,0,0,0,0,BENIGN
80,5601406,2,1,1,0,1,0,0.5,0.707106781,0,0,0,0,0.178526606,0.535579817,2800703,3927262.577,5577697,23709,5601406,5601406,0,5601406,5601406,0,0,0,0,0,0,0,0,0,40,32,0.357053211,0.178526606,0,1,0.5,0.577350269,0.333333333,0,0,0,0,1,0,0,0,0,0.666666667,0.5,0,40,0,0,0,0,0,0,2,1,1,0,256,315,0,20,0,0,0,0,0,0,0,0,BENIGN
443,115417025,73,122,865,168523,498,0,11.84931507,63.92305949,2920,0,1381.336066,627.4089919,1467.617104,1.68952544,594933.1186,2338586.743,10000000,1,115000000,1603014.236,3649000.663,10000000,1,111000000,913367.0579,2895457.233,10000000,48,0,0,0,0,1472,2584,0.632489011,1.057036429,0,2920,864.2244898,829.9915975,688886.0519,0,0,0,1,0,0,0,0,1,868.6564103,11.84931507,1381.336066,1472,0,0,0,0,0,0,73,865,122,168523,8192,123,15,20,45005.63636,51012.97375,198815,29392,10000000,5140.588164,10000000,9995744,BENIGN
80,5617151,2,1,1,0,1,0,0.5,0.707106781,0,0,0,0,0.178026192,0.534078575,2808575.5,3938659.017,5593628,23523,5617151,5617151,0,5617151,5617151,0,0,0,0,0,0,0,0,0,40,32,0.356052383,0.178026192,0,1,0.5,0.577350269,0.333333333,0,0,0,0,1,0,0,0,0,0.666666667,0.5,0,40,0,0,0,0,0,0,2,1,1,0,253,317,0,20,0,0,0,0,0,0,0,0,BENIGN
1644,606,2,1,0,0,0,0,0,0,0,0,0,0,0,4950.49505,303,428.5067094,606,0,606,606,0,606,606,0,0,0,0,0,0,0,0,0,40,20,3300.330033,1650.165017,0,0,0,0,0,0,0,0,0,1,0,0,0,0,0,0,0,40,0,0,0,0,0,0,2,0,1,0,123,604,0,20,0,0,0,0,0,0,0,0,BENIGN
1645,3,2,0,0,0,0,0,0,0,0,0,0,0,0,666666.6667,3,0,3,3,3,3,0,3,3,0,0,0,0,0,0,0,0,0,40,0,666666.6667,0,0,0,0,0,0,0,0,0,0,1,0,0,0,0,0,0,0,40,0,0,0,0,0,0,2,0,0,0,123,-1,0,20,0,0,0,0,0,0,0,0,BENIGN
443,110451316,12,12,12,0,1,1,1,0,0,0,0,0,0.108645152,0.217290304,4802231.13,5091088.591,10000000,34899,110000000,10000000,8147.062475,10000000,10000000,110000000,10000000,8170.316075,10000000,10000000,0,0,0,0,240,384,0.108645152,0.108645152,0,1,0.52,0.509901951,0.26,0,0,0,0,1,0,0,0,1,0.541666667,1,0,240,0,0,0,0,0,0,12,12,12,0,254,62,11,20,35011.18182,102.389275,35227,34899,10000000,8142.564178,10000000,9995535,BENIGN
53,30501,1,1,52,88,52,52,52,0,88,88,88,0,4590.013442,65.5716206,30501,0,30501,30501,0,0,0,0,0,0,0,0,0,0,0,0,0,0,20,20,32.7858103,32.7858103,52,88,64,20.78460969,432,0,0,0,0,0,0,0,0,1,96,52,88,20,0,0,0,0,0,0,1,52,1,88,-1,-1,0,20,0,0,0,0,0,0,0,0,BENIGN
53,50811,1,1,44,72,44,44,44,0,72,72,72,0,2282.970223,39.36155557,50811,0,50811,50811,0,0,0,0,0,0,0,0,0,0,0,0,0,0,32,20,19.68077778,19.68077778,44,72,53.33333333,16.16580754,261.3333333,0,0,0,0,0,0,0,0,1,80,44,72,32,0,0,0,0,0,0,1,44,1,72,-1,-1,0,32,0,0,0,0,0,0,0,0,BENIGN
443,110754018,23,22,3276,12804,977,0,142.4347826,287.9919232,1752,0,582,734.8953278,145.1866062,0.406305801,2517136.773,4260854.01,10000000,37,111000000,5030420,4966612.181,10100000,3282,111000000,5269957.714,4975009.267,10100000,49,0,0,0,0,472,444,0.207667409,0.198638392,0,1752,349.5652174,586.2061697,343637.6734,0,0,0,1,0,0,0,0,0,357.3333333,142.4347826,582,472,0,0,0,0,0,0,23,3276,22,12804,8192,36792,16,20,281670.4545,553694.179,1924790,84538,9779169.545,753057.8107,10000000,7508662,BENIGN
53,31106,2,2,64,188,32,32,32,0,94,94,94,0,8101.330933,128.5925545,10368.66667,17874.18698,31008,49,49,49,0,49,49,49,49,0,49,49,0,0,0,0,64,40,64.29627725,64.29627725,32,94,56.8,33.95879857,1153.2,0,0,0,0,0,0,0,0,1,71,32,94,64,0,0,0,0,0,0,2,64,2,188,-1,-1,1,32,0,0,0,0,0,0,0,0,BENIGN
443,5414803,7,4,315,145,233,0,45,85.31900921,145,0,36.25,72.5,84.95230574,2.031468181,541480.3,1547555.732,4943135,3,5414803,902467.1667,2039335.507,5063979,3,387773,129257.6667,118110.2867,232039,233,0,0,0,0,232,136,1.292752479,0.738715702,0,233,38.33333333,74.61578353,5567.515152,0,0,0,1,0,0,0,0,0,41.81818182,45,36.25,232,0,0,0,0,0,0,7,315,4,145,29200,110,3,32,0,0,0,0,0,0,0,0,BENIGN
443,5413832,7,4,315,145,233,0,45,85.31900921,145,0,36.25,72.5,84.9675424,2.031832536,541383.2,1560026.174,4978403,3,5413832,902305.3333,2056826.292,5099274,3,350348,116782.6667,114217.1232,228252,3,0,0,0,0,232,136,1.292984341,0.738848195,0,233,38.33333333,74.61578353,5567.515152,0,0,0,1,0,0,0,0,0,41.81818182,45,36.25,232,0,0,0,0,0,0,7,315,4,145,29200,110,3,32,0,0,0,0,0,0,0,0,BENIGN
443,5497086,7,4,315,145,233,0,45,85.31900921,145,0,36.25,72.5,83.68069919,2.001060198,549708.6,1600740.377,5103302,3,5497086,916181,2112492.311,5227370,55,309980,103326.6667,112973.7813,223954,3,0,0,0,0,232,136,1.273401944,0.727658254,0,233,38.33333333,74.61578353,5567.515152,0,0,0,1,0,0,0,0,0,41.81818182,45,36.25,232,0,0,0,0,0,0,7,315,4,145,29200,119,3,32,393729,0,393729,393729,5103302,0,5103302,5103302,BENIGN
41955,45,3,0,31,0,31,0,10.33333333,17.89785834,0,0,0,0,688888.8889,66666.66667,22.5,28.99137803,43,2,45,22.5,28.99137803,43,2,0,0,0,0,0,0,0,0,0,96,0,66666.66667,0,0,31,7.75,15.5,240.25,0,0,0,0,1,0,0,0,0,10.33333333,10.33333333,0,96,0,0,0,0,0,0,3,31,0,0,110,-1,1,32,0,0,0,0,0,0,0,0,BENIGN
41954,49,3,0,31,0,31,0,10.33333333,17.89785834,0,0,0,0,632653.0612,61224.4898,24.5,33.23401872,48,1,49,24.5,33.23401872,48,1,0,0,0,0,0,0,0,0,0,96,0,61224.4898,0,0,31,7.75,15.5,240.25,0,0,0,0,1,0,0,0,0,10.33333333,10.33333333,0,96,0,0,0,0,0,0,3,31,0,0,119,-1,1,32,0,0,0,0,0,0,0,0,BENIGN
41956,50,3,0,31,0,31,0,10.33333333,17.89785834,0,0,0,0,620000,60000,25,33.9411255,49,1,50,25,33.9411255,49,1,0,0,0,0,0,0,0,0,0,96,0,60000,0,0,31,7.75,15.5,240.25,0,0,0,0,1,0,0,0,0,10.33333333,10.33333333,0,96,0,0,0,0,0,0,3,31,0,0,110,-1,1,32,0,0,0,0,0,0,0,0,BENIGN
443,115851051,35,46,983,49636,623,0,28.08571429,110.3780593,4380,0,1079.043478,873.9660293,436.9317288,0.699173631,1448138.137,3480763.504,10000000,3,116000000,3407383.853,4724838.383,10000000,3,110000000,2455546.778,4359047.273,10000000,48,0,0,0,0,712,1064,0.302112063,0.397061568,0,4380,617.304878,839.7944735,705254.7578,0,0,0,1,0,0,0,0,1,624.9259259,28.08571429,1079.043478,712,0,0,0,0,0,0,35,983,46,49636,8192,124,15,20,58780.25,96175.06057,364177,30844,9595473.75,1347625.44,10000000,5320368,BENIGN
443,115851194,23,23,971,14568,611,0,42.2173913,132.4661042,3245,0,633.3913043,879.6658838,134.1289586,0.397061078,2574470.978,4347257.741,10000000,48,116000000,5265963.364,5004527.28,10000000,49,110000000,5021989.409,5131414.328,10100000,48,0,0,0,0,472,604,0.198530539,0.198530539,0,3245,330.6170213,684.3067756,468275.7632,0,0,0,1,0,0,0,0,1,337.8043478,42.2173913,633.3913043,472,0,0,0,0,0,0,23,971,23,14568,8192,124,15,20,37406.33333,27290.35093,124064,29346,9616855.75,1347615.158,10000000,5337673,BENIGN
1650,3,2,0,0,0,0,0,0,0,0,0,0,0,0,666666.6667,3,0,3,3,3,3,0,3,3,0,0,0,0,0,0,0,0,0,40,0,666666.6667,0,0,0,0,0,0,0,0,0,0,1,0,0,0,0,0,0,0,40,0,0,0,0,0,0,2,0,0,0,124,-1,0,20,0,0,0,0,0,0,0,0,BENIGN
1649,4,2,0,0,0,0,0,0,0,0,0,0,0,0,500000,4,0,4,4,4,4,0,4,4,0,0,0,0,0,0,0,0,0,40,0,500000,0,0,0,0,0,0,0,0,0,0,1,0,0,0,0,0,0,0,40,0,0,0,0,0,0,2,0,0,0,124,-1,0,20,0,0,0,0,0,0,0,0,BENIGN
443,31048863,11,11,1385,1515,565,0,125.9090909,218.9746353,773,0,137.7272727,274.2907548,93.40116577,0.708560568,1478517.286,3539846.787,10000000,46,31000000,3104872.6,4780515.119,10100000,1492,31000000,3096794.1,4761271.125,10100000,183,0,0,0,0,360,360,0.354280284,0.354280284,0,773,126.0869565,238.2933473,56783.71937,0,0,0,1,0,0,0,0,1,131.8181818,125.9090909,137.7272727,360,0,0,0,0,0,0,11,1385,11,1515,29200,14125,4,32,414920.6667,579122.7347,1083634,80551,9934639.333,120889.0011,10000000,9795285,BENIGN
443,63,2,0,53,0,53,0,26.5,37.4766594,0,0,0,0,841269.8413,31746.03175,63,0,63,63,63,63,0,63,63,0,0,0,0,0,1,0,0,0,64,0,31746.03175,0,0,53,35.33333333,30.59956427,936.3333333,0,1,0,0,1,0,0,0,0,53,26.5,0,64,0,0,0,0,0,0,2,53,0,0,261,-1,0,32,0,0,0,0,0,0,0,0,BENIGN
443,4325426,3,1,32,0,31,0,10.66666667,17.61628035,0,0,0,0,7.398115238,0.924764405,1441808.667,2424242.536,4240655,3,4325426,2162713,3058533.813,4325423,3,0,0,0,0,0,0,0,0,0,60,20,0.693573304,0.231191101,0,31,6.6,13.6491758,186.3,0,0,0,0,1,0,0,0,0,8.25,10.66666667,0,60,0,0,0,0,0,0,3,32,1,0,64240,36792,1,20,0,0,0,0,0,0,0,0,BENIGN
1636,450,3,0,31,0,31,0,10.33333333,17.89785834,0,0,0,0,68888.88889,6666.666667,225,313.9554108,447,3,450,225,313.9554108,447,3,0,0,0,0,0,0,0,0,0,60,0,6666.666667,0,0,31,7.75,15.5,240.25,0,0,0,0,1,0,0,0,0,10.33333333,10.33333333,0,60,0,0,0,0,0,0,3,31,0,0,36792,-1,1,20,0,0,0,0,0,0,0,0,BENIGN
443,118995892,13,9,592,9317,213,0,45.53846154,86.76752021,1809,0,1035.222222,758.4429408,83.27178219,0.184880332,5666471.048,25100000,115000000,14,119000000,9916324.333,33200000,115000000,103,3596223,449527.875,1180231.684,3365443,47,0,0,0,0,272,192,0.109247469,0.075632863,0,1809,430.826087,677.4047167,458877.1502,0,0,0,1,0,0,0,0,0,450.4090909,45.53846154,1035.222222,272,0,0,0,0,0,0,13,592,9,9317,8192,1013,3,20,0,0,0,0,0,0,0,0,BENIGN
1648,3,2,0,85,0,85,0,42.5,60.1040764,0,0,0,0,28300000,666666.6667,3,0,3,3,3,3,0,3,3,0,0,0,0,0,1,0,0,0,40,0,666666.6667,0,0,85,56.66666667,49.07477288,2408.333333,0,1,0,0,1,0,0,0,0,85,42.5,0,40,0,0,0,0,0,0,2,85,0,0,1013,-1,0,20,0,0,0,0,0,0,0,0,BENIGN
80,5810243,3,1,0,0,0,0,0,0,0,0,0,0,0,0.688439365,1936747.667,3333967.04,5786457,71,5810243,2905121.5,4074823.742,5786457,23786,0,0,0,0,0,0,0,0,0,72,32,0.516329524,0.172109841,0,0,0,0,0,0,0,0,1,0,0,0,0,0,0,0,0,72,0,0,0,0,0,0,3,0,1,0,8192,65535,0,20,0,0,0,0,0,0,0,0,BENIGN
443,6010709,8,5,374,3054,217,0,46.75,81.45244011,1543,0,610.8,813.8898574,570.3154154,2.162806418,500892.4167,1589616.619,5544815,15,6010709,858672.7143,2068789.481,5544815,15,181575,45393.75,51383.8381,95476,220,0,0,0,0,172,104,1.330957795,0.831848622,0,1543,244.8571429,536.3412888,287661.978,0,0,0,1,0,0,0,0,0,263.6923077,46.75,610.8,172,0,0,0,0,0,0,8,374,5,3054,8192,30016,3,20,465879,0,465879,465879,5544815,0,5544815,5544815,BENIGN
1661,4,2,0,31,0,31,0,15.5,21.92031022,0,0,0,0,7750000,500000,4,0,4,4,4,4,0,4,4,0,0,0,0,0,1,0,0,0,40,0,500000,0,0,31,20.66666667,17.89785834,320.3333333,0,1,0,0,1,0,0,0,0,31,15.5,0,40,0,0,0,0,0,0,2,31,0,0,30016,-1,0,20,0,0,0,0,0,0,0,0,BENIGN
5353,7332665,39,0,1547,0,45,37,39.66666667,3.820535464,0,0,0,0,210.9737728,5.318666542,192964.8684,1035512.735,6331446,0,7332665,192964.8684,1035512.735,6331446,0,0,0,0,0,0,0,0,0,0,936,0,5.318666542,0,37,45,39.8,3.864367132,14.93333333,0,0,0,0,0,0,0,0,0,40.82051282,39.66666667,0,936,0,0,0,0,0,0,39,1547,0,0,-1,-1,38,20,16,0,16,16,6331446,0,6331446,6331446,BENIGN
123,62016570,2,2,96,96,48,48,48,0,48,48,48,0,3.095946777,0.064498891,20700000,35800000,62000000,16309,62000000,62000000,0,62000000,62000000,62000000,62000000,0,62000000,62000000,0,0,0,0,52,52,0.032249446,0.032249446,48,48,48,0,0,0,0,0,0,0,0,0,0,1,60,48,48,52,0,0,0,0,0,0,2,96,2,96,-1,-1,1,20,16309,0,16309,16309,62000000,0,62000000,62000000,BENIGN
443,110427459,121,128,16479,171534,1481,0,136.1900826,373.5239911,4254,0,1340.109375,863.3782506,1702.592831,2.254873944,445272.0121,1934011.952,10000000,1,110000000,920228.825,2713770.052,10000000,1,110000000,868901.5512,2652885.611,10100000,1,1,0,0,0,3872,4096,1.095741957,1.159131987,0,4254,757.28,900.4006525,810721.3349,0,1,0,0,1,0,0,0,1,760.3212851,136.1900826,1340.109375,3872,0,0,0,0,0,0,121,16479,128,171534,4553,993,14,32,1024837.3,2965153.926,9459249,36284,9634841.8,1026467.811,10000000,6749473,BENIGN
53,66207315,2,2,108,136,56,52,54,2.828427125,80,56,68,16.97056275,3.685393374,0.060416285,22100000,38200000,66100000,30608,66200000,66200000,0,66200000,66200000,66200000,66200000,0,66200000,66200000,0,0,0,0,40,52,0.030208142,0.030208142,52,80,59.2,11.79830496,139.2,0,0,0,0,0,0,0,0,1,74,54,68,40,0,0,0,0,0,0,2,108,2,136,-1,-1,1,20,30621,0,30621,30621,66100000,0,66100000,66100000,BENIGN
443,110209965,74,64,11016,69102,969,0,148.8648649,320.4783806,1418,0,1079.71875,525.0739168,726.9578572,1.252155375,804452.2993,2480065.551,10000000,1,110000000,1509725.548,3256893.199,10000000,1,110000000,1748499.952,3458524.952,10100000,1,1,0,0,0,2368,2048,0.671445636,0.580709739,0,1418,583.0215827,629.6966542,396517.8763,0,1,0,0,1,0,0,0,0,587.2463768,148.8648649,1079.71875,2368,0,0,0,0,0,0,74,11016,64,69102,1006,1014,13,32,1440868.333,3719652.39,11300000,36881,9833393,536165.8562,10000000,8403821,BENIGN
39445,102093,15,9,20514,0,2920,0,1367.6,1018.117015,0,0,0,0,200934.4421,235.0797802,4438.826087,18621.4841,89025,2,101972,7283.714286,23761.50214,89025,2,102007,12750.875,31208.06669,89221,3,0,0,0,0,324,204,146.9248626,88.15491758,0,2920,820.56,1035.492036,1072243.757,0,0,0,1,0,0,0,0,0,854.75,1367.6,0,324,0,0,0,0,0,0,15,20514,9,0,8192,389,11,20,0,0,0,0,0,0,0,0,BENIGN
49497,28,1,1,0,0,0,0,0,0,0,0,0,0,0,71428.57143,28,0,28,28,0,0,0,0,0,0,0,0,0,0,0,0,0,0,20,20,35714.28571,35714.28571,0,0,0,0,0,0,0,0,0,1,1,0,0,1,0,0,0,20,0,0,0,0,0,0,1,0,1,0,389,256,0,20,0,0,0,0,0,0,0,0,BENIGN
21,419600,20,25,176,438,43,0,8.8,12.68069399,51,0,17.52,15.98468017,1463.298379,107.2449952,9536.363636,22887.51055,87321,0,419525,22080.26316,36318.4855,115250,3,419473,17478.04167,39266.4565,152623,0,0,0,0,0,424,524,47.66444233,59.58055291,0,51,13.34782609,15.06610234,226.9874396,0,0,0,1,0,0,0,0,1,13.64444444,8.8,17.52,424,0,0,0,0,0,0,20,176,25,438,8192,229,12,20,0,0,0,0,0,0,0,0,BENIGN
49496,105,1,3,0,0,0,0,0,0,0,0,0,0,0,38095.2381,35,24.24871131,49,7,0,0,0,0,0,98,49,0,49,49,0,0,0,0,20,60,9523.809524,28571.42857,0,0,0,0,0,0,0,0,0,1,1,0,0,3,0,0,0,20,0,0,0,0,0,0,1,0,3,0,229,255,0,20,0,0,0,0,0,0,0,0,BENIGN
